-- MySQL dump 10.13  Distrib 5.7.20, for Linux (x86_64)
--
-- Host: localhost    Database: shave2u
-- ------------------------------------------------------
-- Server version	5.7.20-0ubuntu0.16.04.1

/*!40101 SET @OLD_CHARACTER_SET_CLIENT=@@CHARACTER_SET_CLIENT */;
/*!40101 SET @OLD_CHARACTER_SET_RESULTS=@@CHARACTER_SET_RESULTS */;
/*!40101 SET @OLD_COLLATION_CONNECTION=@@COLLATION_CONNECTION */;
/*!40101 SET NAMES utf8 */;
/*!40103 SET @OLD_TIME_ZONE=@@TIME_ZONE */;
/*!40103 SET TIME_ZONE='+00:00' */;
/*!40014 SET @OLD_UNIQUE_CHECKS=@@UNIQUE_CHECKS, UNIQUE_CHECKS=0 */;
/*!40014 SET @OLD_FOREIGN_KEY_CHECKS=@@FOREIGN_KEY_CHECKS, FOREIGN_KEY_CHECKS=0 */;
/*!40101 SET @OLD_SQL_MODE=@@SQL_MODE, SQL_MODE='NO_AUTO_VALUE_ON_ZERO' */;
/*!40111 SET @OLD_SQL_NOTES=@@SQL_NOTES, SQL_NOTES=0 */;

--
-- Current Database: `shave2u`
--

CREATE DATABASE /*!32312 IF NOT EXISTS*/ `shave2u` /*!40100 DEFAULT CHARACTER SET utf8 */;

USE `shave2u`;

--
-- Table structure for table `AdminRoles`
--

DROP TABLE IF EXISTS `AdminRoles`;
/*!40101 SET @saved_cs_client     = @@character_set_client */;
/*!40101 SET character_set_client = utf8 */;
CREATE TABLE `AdminRoles` (
  `id` int(11) NOT NULL AUTO_INCREMENT,
  `name` varchar(20) NOT NULL,
  PRIMARY KEY (`id`)
) ENGINE=InnoDB DEFAULT CHARSET=utf8;
/*!40101 SET character_set_client = @saved_cs_client */;

--
-- Dumping data for table `AdminRoles`
--

LOCK TABLES `AdminRoles` WRITE;
/*!40000 ALTER TABLE `AdminRoles` DISABLE KEYS */;
/*!40000 ALTER TABLE `AdminRoles` ENABLE KEYS */;
UNLOCK TABLES;

--
-- Table structure for table `Admins`
--

DROP TABLE IF EXISTS `Admins`;
/*!40101 SET @saved_cs_client     = @@character_set_client */;
/*!40101 SET character_set_client = utf8 */;
CREATE TABLE `Admins` (
  `id` int(11) NOT NULL AUTO_INCREMENT,
  `email` varchar(50) NOT NULL,
  `password` varchar(50) NOT NULL,
  `firstName` varchar(30) NOT NULL,
  `lastName` varchar(30) NOT NULL,
  `staffId` varchar(50) DEFAULT NULL,
  `role` enum('super admin','admin','staff') DEFAULT 'staff',
  `phone` varchar(20) DEFAULT NULL,
  `AdminRoleId` int(11) DEFAULT NULL,
  `CountryId` int(11) DEFAULT NULL,
  PRIMARY KEY (`id`),
  UNIQUE KEY `email` (`email`),
  UNIQUE KEY `Admins_email_unique` (`email`),
  KEY `AdminRoleId` (`AdminRoleId`),
  KEY `CountryId` (`CountryId`),
  CONSTRAINT `Admins_ibfk_1` FOREIGN KEY (`AdminRoleId`) REFERENCES `AdminRoles` (`id`) ON DELETE SET NULL ON UPDATE CASCADE,
  CONSTRAINT `Admins_ibfk_2` FOREIGN KEY (`CountryId`) REFERENCES `Countries` (`id`) ON DELETE SET NULL ON UPDATE CASCADE
) ENGINE=InnoDB AUTO_INCREMENT=7 DEFAULT CHARSET=utf8;
/*!40101 SET character_set_client = @saved_cs_client */;

--
-- Dumping data for table `Admins`
--

LOCK TABLES `Admins` WRITE;
/*!40000 ALTER TABLE `Admins` DISABLE KEYS */;
INSERT INTO `Admins` VALUES (1,'admin@gmail.com','0192023a7bbd73250516f069df18b500','Administrator','Administrator','xxxxxxx','super admin','+841659612968',NULL,1),(2,'admin-mys@gmail.com','0192023a7bbd73250516f069df18b500','Admin','malaysia','yyyyyyy','admin','+841659612968',NULL,1),(3,'staff-mys@gmail.com','0192023a7bbd73250516f069df18b500','Staff','malaysia','yyyyyyy','staff','+841659612968',NULL,1),(4,'admin-sg@gmail.com','0192023a7bbd73250516f069df18b500','Admin','singapore','yyyyyyy','admin','+841659612968',NULL,7),(5,'kimtn129@gmail.com','0192023a7bbd73250516f069df18b500','Kim','Thi','xxxxxxx','super admin','+841659612968',NULL,1),(6,'sales@shaves2u.com','9dac9ab3cd2b5c758230944209a53f86','Sales','Team',NULL,'staff','',NULL,1);
/*!40000 ALTER TABLE `Admins` ENABLE KEYS */;
UNLOCK TABLES;

--
-- Table structure for table `ArticleTranslates`
--

DROP TABLE IF EXISTS `ArticleTranslates`;
/*!40101 SET @saved_cs_client     = @@character_set_client */;
/*!40101 SET character_set_client = utf8 */;
CREATE TABLE `ArticleTranslates` (
  `id` int(11) NOT NULL AUTO_INCREMENT,
  `content` text NOT NULL,
  `ArticleId` int(11) DEFAULT NULL,
  `CountryId` int(11) DEFAULT NULL,
  PRIMARY KEY (`id`),
  KEY `ArticleId` (`ArticleId`),
  KEY `CountryId` (`CountryId`),
  CONSTRAINT `ArticleTranslates_ibfk_1` FOREIGN KEY (`ArticleId`) REFERENCES `Articles` (`id`) ON DELETE SET NULL ON UPDATE CASCADE,
  CONSTRAINT `ArticleTranslates_ibfk_2` FOREIGN KEY (`CountryId`) REFERENCES `Countries` (`id`) ON DELETE SET NULL ON UPDATE CASCADE
) ENGINE=InnoDB DEFAULT CHARSET=utf8;
/*!40101 SET character_set_client = @saved_cs_client */;

--
-- Dumping data for table `ArticleTranslates`
--

LOCK TABLES `ArticleTranslates` WRITE;
/*!40000 ALTER TABLE `ArticleTranslates` DISABLE KEYS */;
/*!40000 ALTER TABLE `ArticleTranslates` ENABLE KEYS */;
UNLOCK TABLES;

--
-- Table structure for table `ArticleTypes`
--

DROP TABLE IF EXISTS `ArticleTypes`;
/*!40101 SET @saved_cs_client     = @@character_set_client */;
/*!40101 SET character_set_client = utf8 */;
CREATE TABLE `ArticleTypes` (
  `id` int(11) NOT NULL AUTO_INCREMENT,
  `type` varchar(10) NOT NULL,
  PRIMARY KEY (`id`)
) ENGINE=InnoDB AUTO_INCREMENT=4 DEFAULT CHARSET=utf8;
/*!40101 SET character_set_client = @saved_cs_client */;

--
-- Dumping data for table `ArticleTypes`
--

LOCK TABLES `ArticleTypes` WRITE;
/*!40000 ALTER TABLE `ArticleTypes` DISABLE KEYS */;
INSERT INTO `ArticleTypes` VALUES (1,'Grooming'),(2,'Health'),(3,'Style');
/*!40000 ALTER TABLE `ArticleTypes` ENABLE KEYS */;
UNLOCK TABLES;

--
-- Table structure for table `Articles`
--

DROP TABLE IF EXISTS `Articles`;
/*!40101 SET @saved_cs_client     = @@character_set_client */;
/*!40101 SET character_set_client = utf8 */;
CREATE TABLE `Articles` (
  `id` int(11) NOT NULL AUTO_INCREMENT,
  `bannerUrl` varchar(200) NOT NULL,
  `hashTag` varchar(50) NOT NULL,
  `views` int(11) DEFAULT '0',
  `title` varchar(256) NOT NULL,
  `content` text NOT NULL,
  `createdAt` datetime NOT NULL,
  `updatedAt` datetime NOT NULL,
  `postBy` int(11) DEFAULT NULL,
  `ArticleTypeId` int(11) DEFAULT NULL,
  PRIMARY KEY (`id`),
  KEY `postBy` (`postBy`),
  KEY `ArticleTypeId` (`ArticleTypeId`),
  CONSTRAINT `Articles_ibfk_1` FOREIGN KEY (`postBy`) REFERENCES `Admins` (`id`) ON DELETE SET NULL ON UPDATE CASCADE,
  CONSTRAINT `Articles_ibfk_2` FOREIGN KEY (`ArticleTypeId`) REFERENCES `ArticleTypes` (`id`) ON DELETE SET NULL ON UPDATE CASCADE
) ENGINE=InnoDB AUTO_INCREMENT=4 DEFAULT CHARSET=utf8;
/*!40101 SET character_set_client = @saved_cs_client */;

--
-- Dumping data for table `Articles`
--

LOCK TABLES `Articles` WRITE;
/*!40000 ALTER TABLE `Articles` DISABLE KEYS */;
INSERT INTO `Articles` VALUES (1,'/uploads/articles/articles1.png','#male#shave',10,'Neque porro quisquam est qui dolorem ipsum quia dolor sit amet, consectetur, adipisci velit...','- Lorem ipsum dolor sit amet, consectetur adipiscing elit. Sed non metus nec risus tempor elementum eu sed nunc. Suspendisse sit amet ultricies eros. Nam aliquet congue lorem et rutrum.\n            Ut mollis dui eget ante varius mollis. Sed a quam lectus. Nam ac justo congue nulla congue semper. Donec lacinia lacus quis varius molestie. Donec at lectus sit amet ex semper fermentum.\n            - Aenean vitae sem tristique, ullamcorper nisl nec, congue justo. Mauris non molestie dolor, sit amet dignissim nisl. Duis orci orci, pellentesque vel quam sit amet, mattis tristique ante.\n            Fusce eu dolor nisi. Pellentesque vitae justo vitae tellus dictum pretium.\n            Duis tempus, tellus nec porta volutpat, neque lorem venenatis nunc, vel bibendum sem ex ut enim. Nullam eu erat vitae velit tempor feugiat at et sapien.\n            Pellentesque vel risus egestas ligula sollicitudin lobortis. Integer tincidunt sagittis purus, vitae placerat eros viverra quis. Nulla facilisi.\n            - Phasellus vestibulum sollicitudin diam eget porttitor. Sed sed scelerisque ligula. Ut dignissim ornare leo nec hendrerit. Quisque vel magna porta, venenatis lectus nec, fermentum tellus.\n            Ut sagittis tempus urna nec condimentum. Proin mi lacus, aliquam at tincidunt eu, ullamcorper mattis justo. Nam non enim at metus hendrerit lacinia.\n            Pellentesque quis leo consectetur, porta elit eleifend, pharetra massa.\n            Pellentesque urna leo, tempor sed urna non, gravida iaculis sem. Ut sit amet ligula molestie, consectetur est id, dignissim nulla.\n            - In commodo justo eget ligula vestibulum, eget accumsan leo sollicitudin. Pellentesque congue auctor diam, sit amet lobortis arcu viverra ac.\n            Orci varius natoque penatibus et magnis dis parturient montes, nascetur ridiculus mus. Ut tristique diam in dolor placerat facilisis.\n            Aenean non augue ut augue euismod gravida eget sed risus.\n            Pellentesque euismod pharetra ante, vitae mattis elit mollis euismod. Morbi ut augue sit amet nunc facilisis convallis non vel justo.\n            - Vestibulum ac pellentesque ipsum, quis laoreet dolor. Vestibulum quis tellus sed risus suscipit finibus. Sed vitae lacus at velit hendrerit dapibus at rhoncus justo.\n            Vivamus eu semper est, commodo mattis justo. Cras lorem orci, tristique in velit nec, finibus euismod dolor. Nulla vel lacus odio.\n            Aliquam erat tortor, dignissim vitae maximus vel, sagittis vel neque.\n            Donec vehicula ipsum a mauris pharetra interdum a non quam. Sed eget risus a leo mollis tincidunt. Curabitur tincidunt nulla a lorem malesuada, eu suscipit diam suscipit.\n            Fusce quis sollicitudin orci. Nulla bibendum, nunc vel elementum dictum, orci ipsum ullamcorper lacus, sed commodo nisi nulla sed libero.\n            Vestibulum lorem felis, imperdiet in maximus at, accumsan at lorem.','2017-10-26 11:20:43','2017-10-26 11:20:43',1,1),(2,'/uploads/articles/articles2.png','#female#beauty',1,'There is no one who loves pain itself, who seeks after it and wants to have it, simply because it is pain...','- Donec enim magna, efficitur et turpis ut, pulvinar congue turpis. Pellentesque gravida justo sit amet orci blandit consectetur. Donec luctus posuere odio auctor gravida.\n            Suspendisse in nibh in felis facilisis eleifend. Phasellus ac pretium diam, at aliquet elit. In ornare non justo eu iaculis. Integer efficitur lacus metus, eget varius velit pulvinar at.\n            Duis tempus, tellus nec porta volutpat, neque lorem venenatis nunc, vel bibendum sem ex ut enim. Nullam eu erat vitae velit tempor feugiat at et sapien.\n            Pellentesque vel risus egestas ligula sollicitudin lobortis. Integer tincidunt sagittis purus, vitae placerat eros viverra quis. Nulla facilisi.\n            - Phasellus vestibulum sollicitudin diam eget porttitor. Sed sed scelerisque ligula. Ut dignissim ornare leo nec hendrerit. Quisque vel magna porta, venenatis lectus nec, fermentum tellus.\n            Ut sagittis tempus urna nec condimentum. Proin mi lacus, aliquam at tincidunt eu, ullamcorper mattis justo. Nam non enim at metus hendrerit lacinia.\n            Pellentesque quis leo consectetur, porta elit eleifend, pharetra massa.\n            Pellentesque urna leo, tempor sed urna non, gravida iaculis sem. Ut sit amet ligula molestie, consectetur est id, dignissim nulla.','2017-10-26 11:20:43','2017-10-26 11:20:43',2,2),(3,'/uploads/articles/articles3.png','#male',9,'There is no one who loves pain itself, who seeks after it and wants to have it, simply because it is pain...','- Donec enim magna, efficitur et turpis ut, pulvinar congue turpis. Pellentesque gravida justo sit amet orci blandit consectetur. Donec luctus posuere odio auctor gravida.\n            Suspendisse in nibh in felis facilisis eleifend. Phasellus ac pretium diam, at aliquet elit. In ornare non justo eu iaculis. Integer efficitur lacus metus, eget varius velit pulvinar at.\n            Duis tempus, tellus nec porta volutpat, neque lorem venenatis nunc, vel bibendum sem ex ut enim. Nullam eu erat vitae velit tempor feugiat at et sapien.\n            Pellentesque vel risus egestas ligula sollicitudin lobortis. Integer tincidunt sagittis purus, vitae placerat eros viverra quis. Nulla facilisi.\n            - Phasellus vestibulum sollicitudin diam eget porttitor. Sed sed scelerisque ligula. Ut dignissim ornare leo nec hendrerit. Quisque vel magna porta, venenatis lectus nec, fermentum tellus.\n            Ut sagittis tempus urna nec condimentum. Proin mi lacus, aliquam at tincidunt eu, ullamcorper mattis justo. Nam non enim at metus hendrerit lacinia.\n            Pellentesque quis leo consectetur, porta elit eleifend, pharetra massa.\n            Pellentesque urna leo, tempor sed urna non, gravida iaculis sem. Ut sit amet ligula molestie, consectetur est id, dignissim nulla.','2017-10-26 11:20:43','2017-10-26 11:20:43',1,1);
/*!40000 ALTER TABLE `Articles` ENABLE KEYS */;
UNLOCK TABLES;

--
-- Table structure for table `Cards`
--

DROP TABLE IF EXISTS `Cards`;
/*!40101 SET @saved_cs_client     = @@character_set_client */;
/*!40101 SET character_set_client = utf8 */;
CREATE TABLE `Cards` (
  `id` int(11) NOT NULL AUTO_INCREMENT,
  `customerId` varchar(50) NOT NULL,
  `cardNumber` varchar(4) NOT NULL,
  `branchName` varchar(20) NOT NULL,
  `cardName` varchar(50) DEFAULT NULL,
  `expiredYear` varchar(4) NOT NULL,
  `expiredMonth` varchar(2) NOT NULL,
  `isDefault` tinyint(1) DEFAULT '1',
  `createdAt` datetime NOT NULL,
  `updatedAt` datetime NOT NULL,
  `UserId` int(11) DEFAULT NULL,
  `isRemoved` tinyint(1) NOT NULL DEFAULT '0',
  PRIMARY KEY (`id`),
  KEY `UserId` (`UserId`),
  CONSTRAINT `Cards_ibfk_1` FOREIGN KEY (`UserId`) REFERENCES `Users` (`id`) ON DELETE SET NULL ON UPDATE CASCADE
) ENGINE=InnoDB AUTO_INCREMENT=348 DEFAULT CHARSET=utf8;
/*!40101 SET character_set_client = @saved_cs_client */;

--
-- Dumping data for table `Cards`
--

LOCK TABLES `Cards` WRITE;
/*!40000 ALTER TABLE `Cards` DISABLE KEYS */;
INSERT INTO `Cards` VALUES (1,'cus_BeTFMujb9svNi4','4242','Visa','aaaaaaaaaaaa','2018','12',0,'2017-10-26 12:17:35','2017-11-10 06:59:17',1,0),(4,'cus_BeXCV6dWfAaecB','4242','Visa','Acc','2019','12',0,'2017-10-26 16:22:29','2017-11-10 06:59:17',NULL,0),(5,'cus_BegYGKGxYFAM4X','4444','MasterCard',NULL,'2055','11',0,'2017-10-27 02:03:05','2017-11-10 06:59:17',NULL,0),(6,'cus_BegiP2o1JNvvOz','4242','Visa','ABC','2019','11',0,'2017-10-27 02:12:56','2017-11-10 06:59:17',16,0),(7,'cus_BegnJl9b2TzYRU','4242','Visa',NULL,'2022','11',0,'2017-10-27 02:17:50','2017-11-10 06:59:17',NULL,0),(8,'cus_BegzcofY1xItSY','4444','MasterCard','ACC','2018','11',0,'2017-10-27 02:29:49','2017-11-10 06:59:17',15,0),(9,'cus_Beh0NaeJNR1IEk','4444','MasterCard','ly','2023','12',0,'2017-10-27 02:31:17','2017-11-10 06:59:17',NULL,0),(10,'cus_Beh6y6YNvKCO0Z','4444','MasterCard','Abc','2019','12',0,'2017-10-27 02:36:37','2017-11-10 06:59:17',16,0),(11,'cus_BeheE7SmNKi2Dx','4242','Visa',NULL,'2018','12',0,'2017-10-27 03:10:24','2017-11-10 06:59:17',NULL,0),(12,'cus_Bei2GfcHwO9CDD','4242','Visa','ABC','2019','11',0,'2017-10-27 03:34:20','2017-11-10 06:59:17',20,0),(13,'cus_Bei9SfQy6w8ex1','4444','MasterCard','ABC','2019','11',0,'2017-10-27 03:41:38','2017-11-10 06:59:17',20,0),(15,'cus_BeidDeLMlsLOLn','4444','MasterCard','a','2023','12',0,'2017-10-27 04:12:18','2017-11-10 06:59:17',NULL,0),(16,'cus_BeievEjTyqgr9P','8210','MasterCard','b','2024','12',0,'2017-10-27 04:12:46','2017-11-10 06:59:17',NULL,0),(17,'cus_Beif2zbB0wMrem','4242','Visa','a','2024','12',0,'2017-10-27 04:13:33','2017-11-10 06:59:17',NULL,0),(18,'cus_Beif88HASWP4Kq','4444','MasterCard','3','2023','12',0,'2017-10-27 04:13:50','2017-11-10 06:59:17',NULL,0),(19,'cus_Bel5odOEZAjGW8','4444','MasterCard','ABC','2019','11',0,'2017-10-27 06:43:54','2017-11-10 06:59:17',NULL,0),(20,'cus_Bel6cGbma5NNvf','4242','Visa','kim thi','2019','12',0,'2017-10-27 06:44:25','2017-11-10 06:59:17',NULL,0),(21,'cus_Bel9ibOQMgs5tq','4242','Visa','ABC','2019','12',0,'2017-10-27 06:47:49','2017-11-10 06:59:17',NULL,0),(23,'cus_BelEHfWTE8gWnM','3222','MasterCard','ARS','2019','11',0,'2017-10-27 06:52:21','2017-11-10 06:59:17',NULL,0),(24,'cus_BelPu21NyvzpPY','3222','MasterCard','ABC','2020','11',0,'2017-10-27 07:04:14','2017-11-10 06:59:17',20,0),(25,'cus_Bell3BO7vWfsm1','4242','Visa',NULL,'2018','12',0,'2017-10-27 07:26:13','2017-11-10 06:59:17',NULL,0),(26,'cus_BeltxKZHC35VtC','4444','MasterCard','Acb','2020','8',0,'2017-10-27 07:34:08','2017-11-10 06:59:17',NULL,0),(27,'cus_Bem17n08MedR6t','4444','MasterCard','Test','2032','12',0,'2017-10-27 07:41:51','2017-11-10 06:59:17',1,0),(28,'cus_BemO56Wp36TxVY','4242','Visa','acc','2020','9',0,'2017-10-27 08:04:31','2017-11-10 06:59:17',23,0),(29,'cus_BemkTHW9WfxIiQ','3222','MasterCard','Acc','2020','11',0,'2017-10-27 08:27:15','2017-11-10 06:59:17',23,0),(30,'cus_Beo4snrEL3MhjS','4242','Visa','Merv','2022','11',0,'2017-10-27 09:48:28','2017-11-10 06:59:17',NULL,0),(31,'cus_BeoaKnEtwslu6D','4242','Visa',NULL,'2018','12',0,'2017-10-27 10:21:17','2017-11-10 06:59:17',NULL,0),(32,'cus_Beoriu4ZUmSecb','4242','Visa',NULL,'2018','12',0,'2017-10-27 10:37:58','2017-11-10 06:59:17',NULL,0),(33,'cus_BepHR8wTUCKCQC','4242','Visa',NULL,'2022','11',0,'2017-10-27 11:04:06','2017-11-10 06:59:17',NULL,0),(34,'cus_BeqN4oSGyzki4m','4242','Visa',NULL,'2018','2',0,'2017-10-27 12:11:30','2017-11-10 06:59:17',NULL,0),(35,'cus_Bf4Ivq6QoAhD7J','4242','Visa','ly','2023','12',0,'2017-10-28 02:35:02','2017-11-10 06:59:17',NULL,0),(36,'cus_Bf4kPxIddoh9HE','4242','Visa','ly','2023','12',0,'2017-10-28 03:02:24','2017-11-10 06:59:17',NULL,0),(37,'cus_Bf55FE6hvGthUe','4242','Visa',NULL,'2019','4',0,'2017-10-28 03:23:35','2017-11-10 06:59:17',NULL,0),(38,'cus_Bf59BZjmcIraIV','4242','Visa',NULL,'2018','4',0,'2017-10-28 03:27:36','2017-11-10 06:59:17',NULL,0),(40,'cus_Bf8corX11KwmJ8','4242','Visa',NULL,'2018','12',0,'2017-10-28 07:03:19','2017-11-10 06:59:17',NULL,0),(41,'cus_Bf8uG5cVBQm9ei','4242','Visa',NULL,'2019','12',0,'2017-10-28 07:20:54','2017-11-10 06:59:17',NULL,0),(42,'cus_Bf9CH2ZZ4koN7k','4242','Visa',NULL,'2018','11',0,'2017-10-28 07:38:33','2017-11-10 06:59:17',NULL,0),(43,'cus_BfAAqYTDqY0l7N','4444','MasterCard',NULL,'2018','12',0,'2017-10-28 08:38:55','2017-11-10 06:59:17',NULL,0),(44,'cus_BfAEVsWPvCHqtI','4242','Visa',NULL,'2018','12',0,'2017-10-28 08:42:37','2017-11-10 06:59:17',NULL,0),(45,'cus_BfAFguegfYNuFy','4242','Visa',NULL,'2018','12',0,'2017-10-28 08:43:37','2017-11-10 06:59:17',NULL,0),(46,'cus_BfAFdkZoOpkAtJ','4242','Visa',NULL,'2065','10',0,'2017-10-28 08:44:03','2017-11-10 06:59:17',NULL,0),(47,'cus_BfAWj0HqTBzhQv','4242','Visa','aaaaaaaaaaaa','2020','11',0,'2017-10-28 09:00:36','2017-11-10 06:59:17',NULL,0),(48,'cus_BfAksQtnqSdoTo','4242','Visa','ly','2025','2',0,'2017-10-28 09:14:42','2017-11-10 06:59:17',NULL,0),(49,'cus_BfB123RhkJ7rfM','4242','Visa',NULL,'2018','12',0,'2017-10-28 09:31:52','2017-11-10 06:59:17',NULL,0),(50,'cus_BfB1HniVkUZFYZ','4444','MasterCard','ADC','2018','9',0,'2017-10-28 09:32:14','2017-11-10 06:59:17',NULL,0),(51,'cus_BfBrI94omUPZ0W','4242','Visa','424242424242424','2019','12',0,'2017-10-28 10:23:52','2017-11-10 06:59:17',NULL,0),(52,'cus_BfBr4RvKQ11Im1','4242','Visa','424242424242424','2019','12',0,'2017-10-28 10:24:06','2017-11-10 06:59:17',NULL,0),(53,'cus_BfBr0KpfYu0g2W','4242','Visa','4242424242424242','2019','12',0,'2017-10-28 10:24:19','2017-11-10 06:59:17',NULL,0),(54,'cus_BfCga7EU0rCELs','4242','Visa','ABC','2017','12',0,'2017-10-28 11:14:23','2017-11-10 06:59:17',37,0),(55,'cus_BfD4ntD4Rw1iBg','4242','Visa',NULL,'2018','12',0,'2017-10-28 11:38:37','2017-11-10 06:59:17',NULL,0),(56,'cus_BfD9nWZdjkpTZz','4444','MasterCard',NULL,'2022','11',0,'2017-10-28 11:43:28','2017-11-10 06:59:17',NULL,0),(57,'cus_BfDS4mhAH9hEy8','4242','Visa',NULL,'2022','11',0,'2017-10-28 12:02:36','2017-11-10 06:59:17',NULL,0),(58,'cus_BfEFbcLdavkMCs','4242','Visa','Mervin','2022','11',0,'2017-10-28 12:52:03','2017-11-10 06:59:17',NULL,0),(59,'cus_BfHlwuQ8EbFcHd','4242','Visa','S PRABURAAJAN','2021','6',0,'2017-10-28 16:29:38','2017-11-10 06:59:17',42,0),(60,'cus_BfTC1zCG6jN32P','4242','Visa','tester abc','2018','12',0,'2017-10-29 04:19:06','2017-11-10 06:59:17',NULL,0),(61,'cus_BfTJ0oOq40YqoY','4242','Visa','Mee','2023','12',0,'2017-10-29 04:25:40','2017-11-10 06:59:17',44,0),(62,'cus_BfTN8nv3VpJa6x','4242','Visa','Jimmy Tan','2022','11',0,'2017-10-29 04:29:45','2017-11-10 06:59:17',45,0),(63,'cus_BfTNwrFV5iKpbc','4242','Visa',NULL,'2023','12',0,'2017-10-29 04:29:49','2017-11-10 06:59:17',NULL,0),(64,'cus_BfTVXzSTsfTMcZ','4444','MasterCard',NULL,'2023','12',0,'2017-10-29 04:37:30','2017-11-10 06:59:17',NULL,0),(65,'cus_BfTbvoJaWu5EEu','4444','MasterCard','Thao','2023','12',0,'2017-10-29 04:43:52','2017-11-10 06:59:17',46,0),(66,'cus_BfTdMqQFZcKL16','4242','Visa',NULL,'2023','12',0,'2017-10-29 04:45:47','2017-11-10 06:59:17',NULL,0),(67,'cus_BfVT9srQah2lFs','4242','Visa',NULL,'2017','12',0,'2017-10-29 06:39:50','2017-11-10 06:59:17',NULL,0),(68,'cus_BfW9fhI9DdcYCR','4444','MasterCard',NULL,'2020','12',0,'2017-10-29 07:21:58','2017-11-10 06:59:17',NULL,0),(69,'cus_BfXwKIl9Nnqtsk','4444','MasterCard','ABC','2019','12',0,'2017-10-29 09:12:21','2017-11-10 06:59:17',37,0),(70,'cus_BfYMVcxyPEfUko','4444','MasterCard','ABC','2018','12',0,'2017-10-29 09:38:46','2017-11-10 06:59:17',48,0),(71,'cus_BfeoUFe4LZ6SUW','4444','MasterCard','5555555','2033','12',0,'2017-10-29 16:18:46','2017-11-10 10:25:01',189,0),(72,'cus_BfffD6YQfDBLpt','4242','Visa','Hung VT','2019','4',0,'2017-10-29 17:12:06','2017-11-10 06:59:17',1,0),(73,'cus_BfnR7Uth8VF2Kk','4444','MasterCard','Ly','2023','12',0,'2017-10-30 01:13:46','2017-11-10 06:59:17',NULL,0),(74,'cus_BfnVSp5Ji9ucTj','4242','Visa','ly','2023','12',0,'2017-10-30 01:17:58','2017-11-10 06:59:17',38,0),(75,'cus_BfnpdjFhpFNvFh','4444','MasterCard','Alvin & Tan Sdn Bhd','2019','12',0,'2017-10-30 01:38:16','2017-11-10 06:59:17',NULL,0),(76,'cus_Bfnxywve2xO26V','4444','MasterCard',NULL,'2023','12',0,'2017-10-30 01:45:31','2017-11-10 06:59:17',NULL,0),(77,'cus_Bfo4XQHIFc2yrz','4444','MasterCard','Prabu','2021','6',0,'2017-10-30 01:52:26','2017-11-10 06:59:17',42,0),(78,'cus_BfoWg2NWF333Ta','4444','MasterCard',NULL,'2022','11',0,'2017-10-30 02:20:24','2017-11-10 06:59:17',NULL,0),(79,'cus_BfokjZuOWLmyGq','4444','MasterCard','thao','2023','12',0,'2017-10-30 02:34:22','2017-11-10 06:59:17',NULL,0),(80,'cus_BfoolOnt4oUgJN','4444','MasterCard','55555','2033','12',0,'2017-10-30 02:39:05','2017-11-10 06:59:17',49,0),(81,'cus_Bfp6sz4fyp8DmH','4444','MasterCard','ABC','2019','12',0,'2017-10-30 02:56:22','2017-11-10 06:59:17',NULL,0),(82,'cus_Bfq05JTo2sEJFw','4242','Visa',NULL,'2022','8',0,'2017-10-30 03:52:52','2017-11-10 06:59:17',NULL,0),(83,'cus_BfqONyT6Ch4MUD','4242','Visa','cc','2022','3',0,'2017-10-30 04:16:38','2017-11-10 06:59:17',NULL,0),(84,'cus_BfqW3N9kbJYiaE','4242','Visa','ARS','2019','11',0,'2017-10-30 04:24:26','2017-11-10 06:59:17',48,0),(85,'cus_BfsdeZLTkfhLE1','4242','Visa',NULL,'2018','12',0,'2017-10-30 06:36:09','2017-11-10 06:59:17',NULL,0),(86,'cus_BfuCQPXNNNOeoX','4242','Visa','ABC','2018','9',0,'2017-10-30 08:13:10','2017-11-10 06:59:17',NULL,0),(87,'cus_BfuRSrbm5XXl0i','4242','Visa',NULL,'2018','12',0,'2017-10-30 08:27:42','2017-11-10 06:59:17',NULL,0),(88,'cus_Bfw8L0cB31UcQp','4242','Visa',NULL,'2018','12',0,'2017-10-30 10:12:30','2017-11-10 06:59:17',NULL,0),(89,'cus_BfwbvUkFGex5xz','4242','Visa','abc','2023','12',0,'2017-10-30 10:41:39','2017-11-10 06:59:17',NULL,0),(90,'cus_BfwkW9OAIDZ9V6','4242','Visa','ly','2023','12',0,'2017-10-30 10:50:20','2017-11-10 06:59:17',NULL,0),(91,'cus_Bg0IH0YAS2TSXM','4242','Visa','ABC','2018','12',0,'2017-10-30 14:30:26','2017-11-10 06:59:17',62,0),(92,'cus_Bg0OAkg5mYnnkN','4444','MasterCard','Ly','2023','12',0,'2017-10-30 14:37:05','2017-11-10 06:59:17',NULL,0),(93,'cus_Bg0PJI24ZyWuBp','4444','MasterCard','ABC','2018','8',0,'2017-10-30 14:37:24','2017-11-10 06:59:17',62,0),(94,'cus_Bg0W02UFQDeNhx','4444','MasterCard','ABC','2019','3',0,'2017-10-30 14:45:13','2017-11-10 06:59:17',NULL,0),(95,'cus_BgB09iImLeJCZO','4444','MasterCard','ABC','2019','12',0,'2017-10-31 01:35:18','2017-11-10 06:59:17',NULL,0),(96,'cus_BgBmWKDX0simW1','4242','Visa','ABC','2019','10',0,'2017-10-31 02:22:36','2017-11-10 06:59:17',64,0),(97,'cus_BgBr8TcHY4Fwwj','4242','Visa','kim thi','2019','12',0,'2017-10-31 02:27:51','2017-11-10 06:59:17',67,0),(98,'cus_BgBwTaJQ56sPHN','4242','Visa','aaaaaaaaaaaa','2020','11',0,'2017-10-31 02:33:04','2017-11-10 06:59:17',NULL,0),(99,'cus_BgCB1JztiyDfhi','4444','MasterCard','ABC','2019','8',0,'2017-10-31 02:47:44','2017-11-10 06:59:17',NULL,0),(100,'cus_BgCbb3TxrUYBCr','4242','Visa','ABC','2018','7',0,'2017-10-31 03:13:47','2017-11-10 06:59:17',NULL,0),(101,'cus_BgChPl5b6GkRpS','4444','MasterCard','Lee','2023','12',0,'2017-10-31 03:20:18','2017-11-10 06:59:17',44,0),(102,'cus_BgDUrtWAMGO22h','4444','MasterCard','ly','2023','12',0,'2017-10-31 04:08:32','2017-11-10 06:59:17',70,0),(103,'cus_BgDWJJ2eHApRYo','4242','Visa','ARS','2018','12',0,'2017-10-31 04:11:12','2017-11-10 06:59:17',69,0),(107,'cus_BgG39mTBpa5qNK','4444','MasterCard','ABC','2018','7',0,'2017-10-31 06:47:29','2017-11-10 06:59:17',76,0),(109,'cus_BgG7VCIv6jGt8O','4242','Visa','test Chrome','2019','9',0,'2017-10-31 06:52:20','2017-11-10 06:59:17',77,0),(110,'cus_BgGFcSyAUsleQm','4242','Visa','tester mailinator','2020','1',0,'2017-10-31 06:59:24','2017-11-10 06:59:17',78,0),(111,'cus_BgGJ8F2WXzsq7d','4242','Visa','ABC','2019','3',0,'2017-10-31 07:03:36','2017-11-10 06:59:17',76,0),(112,'cus_BgGPTVtoROWrEI','4242','Visa','ABC','2019','5',0,'2017-10-31 07:09:53','2017-11-10 06:59:17',76,0),(113,'cus_BgGUdJMxZKTWf3','4242','Visa',NULL,'2018','12',0,'2017-10-31 07:14:31','2017-11-10 06:59:17',NULL,0),(114,'cus_BgGpGbgNOBJgYK','4444','MasterCard','ARS','2019','7',0,'2017-10-31 07:36:15','2017-11-10 06:59:17',NULL,0),(115,'cus_BgGtbxgzTSwzK8','4242','Visa','ABC','2019','12',0,'2017-10-31 07:40:14','2017-11-10 06:59:17',NULL,0),(116,'cus_BgGuz05ltxz6MQ','4444','MasterCard','MC','2019','5',0,'2017-10-31 07:40:45','2017-11-10 06:59:17',NULL,0),(117,'cus_BgGw7kblHDDfoL','4444','MasterCard','ABC','2020','5',0,'2017-10-31 07:43:19','2017-11-10 06:59:17',69,0),(119,'cus_BgH2Mo26juNA6d','4444','MasterCard','MR','2020','1',0,'2017-10-31 07:48:39','2017-11-10 06:59:17',NULL,0),(120,'cus_BgHDtoNkMZpxH1','4242','Visa','kim thi ','2019','12',0,'2017-10-31 08:00:04','2017-11-10 06:59:17',1,0),(121,'cus_BgHFTifqFETvfl','4242','Visa','Mr T','2022','11',0,'2017-10-31 08:01:49','2017-11-10 06:59:17',NULL,0),(122,'cus_BgIHBBhFgK2q43','4242','Visa','ABC','2019','8',0,'2017-10-31 09:05:34','2017-11-10 06:59:17',NULL,0),(123,'cus_BgIWz3GJfxEKOp','4242','Visa','ABC','2018','6',0,'2017-10-31 09:20:26','2017-11-10 06:59:17',62,0),(124,'cus_BgJFhGnERdzWGn','4444','MasterCard','Ab','2019','12',0,'2017-10-31 10:05:58','2017-11-10 06:59:17',NULL,0),(125,'cus_BgKN9S9tNgbzfh','4444','MasterCard','Mr A','2022','11',0,'2017-10-31 11:15:25','2017-11-10 06:59:17',80,0),(126,'cus_BgKNvedwt5dolI','4242','Visa','Mr B','2022','11',0,'2017-10-31 11:15:43','2017-11-10 06:59:17',80,1),(127,'cus_BgYaekMpGh2nmD','5556','Visa',NULL,'2019','12',0,'2017-11-01 01:56:26','2017-11-10 06:59:17',NULL,0),(128,'cus_BgZgnciOonVNFM','4444','MasterCard','Ly','2023','12',0,'2017-11-01 03:04:57','2017-11-10 06:59:17',8,0),(129,'cus_BgaDQq5Uv1GhKm','4242','Visa','thao','2023','12',0,'2017-11-01 03:37:36','2017-11-10 06:59:17',8,0),(130,'cus_BgaydoXlJnGT7g','4444','MasterCard','ABC','2019','12',0,'2017-11-01 04:24:41','2017-11-10 06:59:17',87,0),(131,'cus_BgbTZQkgbtLLaT','4242','Visa','abu','2020','5',0,'2017-11-01 04:56:04','2017-11-10 06:59:17',NULL,0),(132,'cus_Bgbu4rM2mGzzNa','4242','Visa','sup','2021','1',0,'2017-11-01 05:23:14','2017-11-10 06:59:17',89,0),(133,'cus_Bgbz7bFSc9Mcl3','4242','Visa','XXX','2020','5',0,'2017-11-01 05:27:55','2017-11-10 06:59:17',90,0),(134,'cus_Bgc7psMr5J5S5l','4242','Visa','Hoo Jang Shuo','2021','1',0,'2017-11-01 05:36:13','2017-11-10 06:59:17',91,0),(135,'cus_Bgd924JaO37U4N','4242','Visa','ABC','2019','11',0,'2017-11-01 06:39:34','2017-11-10 06:59:17',7,0),(136,'cus_BgdWJFmcXzl86P','4444','MasterCard','ABC','2019','9',0,'2017-11-01 07:03:18','2017-11-10 06:59:17',7,0),(137,'cus_BgdXA4oLJ6ekQP','3222','MasterCard','ABC','2019','9',0,'2017-11-01 07:04:16','2017-11-10 06:59:17',7,0),(138,'cus_BgdYMd3RrAMMuC','5556','Visa','LIV','2021','10',0,'2017-11-01 07:04:50','2017-11-10 06:59:17',7,0),(139,'cus_Bgdwm4633mGZ1I','4242','Visa','Loh Chuan','2020','5',0,'2017-11-01 07:28:52','2017-11-10 06:59:17',93,1),(140,'cus_Bge7I9acEagNDM','4242','Visa','Loh Chuan','2023','5',0,'2017-11-01 07:39:53','2017-11-10 06:59:17',93,0),(141,'cus_BgeeK0UbTXialo','4444','MasterCard','ABC','2019','8',0,'2017-11-01 08:12:43','2017-11-10 06:59:17',94,0),(142,'cus_Bgenll69XtZoxK','4242','Visa','ABC','2020','8',0,'2017-11-01 08:22:12','2017-11-10 06:59:17',94,0),(143,'cus_BgeoWjq1yNrIfE','5556','Visa','MC','2019','8',0,'2017-11-01 08:22:40','2017-11-10 06:59:17',94,0),(144,'cus_BgeoF6WJF0znDr','3222','MasterCard','ABC','2020','7',0,'2017-11-01 08:23:05','2017-11-10 06:59:17',94,0),(145,'cus_BgfZFh6cuPF9IL','3222','MasterCard','ABC','2020','9',0,'2017-11-01 09:10:06','2017-11-10 06:59:17',NULL,0),(146,'cus_BgfaQuu3wuWBQA','4444','MasterCard','ABC','2020','8',0,'2017-11-01 09:11:03','2017-11-10 06:59:17',87,0),(147,'cus_BgguSKAiTkRVhf','4444','MasterCard','ABC','2020','9',0,'2017-11-01 10:32:46','2017-11-10 06:59:17',95,0),(148,'cus_Bgh2asmDPLEakj','4444','MasterCard',NULL,'2019','10',0,'2017-11-01 10:40:38','2017-11-10 06:59:17',NULL,0),(149,'cus_Bgh61OYzHdMWpU','4444','MasterCard',NULL,'2019','12',0,'2017-11-01 10:45:18','2017-11-10 06:59:17',NULL,0),(150,'cus_Bgh9Br2X0DWly3','4444','MasterCard',NULL,'2019','12',0,'2017-11-01 10:48:13','2017-11-10 06:59:17',NULL,0),(151,'cus_BghAN2cd751hi4','4444','MasterCard',NULL,'2019','12',0,'2017-11-01 10:48:20','2017-11-10 06:59:17',NULL,0),(152,'cus_BghB07hlT5KWj5','4242','Visa',NULL,'2018','12',0,'2017-11-01 10:49:21','2017-11-10 06:59:17',NULL,0),(153,'cus_BghBjbTXjLNFMw','4242','Visa',NULL,'2018','12',0,'2017-11-01 10:50:00','2017-11-10 06:59:17',NULL,0),(154,'cus_BghEixmCn1eDCy','4242','Visa',NULL,'2019','9',0,'2017-11-01 10:53:12','2017-11-10 06:59:17',NULL,0),(155,'cus_Bgw0s6g8PY3eZu','4242','Visa','ffffffffffffffff','2020','11',0,'2017-11-02 02:08:53','2017-11-10 06:59:17',NULL,0),(156,'cus_BgwDHzb0wheuWP','4444','MasterCard','Lytran','2023','12',0,'2017-11-02 02:21:50','2017-11-10 06:59:17',97,0),(157,'cus_BgwrpovY8gS9wX','4242','Visa','ffffffffffffffff','2020','11',0,'2017-11-02 03:01:45','2017-11-10 06:59:17',5,0),(158,'cus_BgxCB3u2fSxOOL','4242','Visa',NULL,'2018','12',0,'2017-11-02 03:22:32','2017-11-10 06:59:17',NULL,0),(159,'cus_BgxDCaZACiabvO','4242','Visa',NULL,'2018','12',0,'2017-11-02 03:23:35','2017-11-10 06:59:17',NULL,0),(160,'cus_BgxvrZM34jOs9Y','4242','Visa','ABC','2020','10',0,'2017-11-02 04:07:31','2017-11-10 06:59:17',98,0),(161,'cus_Bh4dcwljGoBFxM','4444','MasterCard','lytran','2023','12',0,'2017-11-02 11:03:50','2017-11-10 06:59:17',97,0),(162,'cus_Bh4kmVozkaAlu3','4242','Visa','thaoly','2020','11',0,'2017-11-02 11:11:11','2017-11-10 06:59:17',97,0),(163,'cus_Bh54zABeTnA2Cc','4242','Visa','ABC','2019','10',0,'2017-11-02 11:31:08','2017-11-10 06:59:17',95,0),(164,'cus_Bh5NpJdSOivRAW','4242','Visa','Lee','2025','1',0,'2017-11-02 11:49:22','2017-11-10 06:59:17',8,0),(165,'cus_Bh5OscIvTHYDZQ','4242','Visa','Testing','2018','12',0,'2017-11-02 11:50:39','2017-11-10 06:59:17',103,0),(166,'cus_Bh5Zrr0RUH2AzY','4444','MasterCard','ffffffffffffffff','2020','11',0,'2017-11-02 12:01:50','2017-11-10 06:59:17',5,0),(167,'cus_Bh5jKtmPpw90NO','4444','MasterCard','ABC','2019','12',0,'2017-11-02 12:11:21','2017-11-10 06:59:17',105,0),(168,'cus_Bh6esFko3m6fU5','4444','MasterCard','Thi Nhuoc Kim','2018','12',0,'2017-11-02 13:09:01','2017-11-10 06:59:17',NULL,0),(169,'cus_Bh7KE8TkkeGcwF','4242','Visa',NULL,'2018','12',0,'2017-11-02 13:50:27','2017-11-10 06:59:17',NULL,0),(170,'cus_Bh7MizQxVUgKDR','4242','Visa',NULL,'2018','12',0,'2017-11-02 13:52:59','2017-11-10 06:59:17',NULL,0),(171,'cus_Bh7STdPTX4lpUC','4242','Visa',NULL,'2018','12',0,'2017-11-02 13:59:11','2017-11-10 06:59:17',NULL,0),(172,'cus_Bh7WfVy0CuJKZf','4242','Visa',NULL,'2018','12',0,'2017-11-02 14:02:35','2017-11-10 06:59:17',NULL,0),(173,'cus_Bh7XA3ATojRlJd','4242','Visa',NULL,'2018','12',0,'2017-11-02 14:03:48','2017-11-10 06:59:17',NULL,0),(174,'cus_Bh8jyPZvY7zEFo','4242','Visa','Mervin Ng','2022','11',0,'2017-11-02 15:17:52','2017-11-10 06:59:17',80,0),(175,'cus_Bh8zH8HqslbcgT','4242','Visa',NULL,'2019','12',0,'2017-11-02 15:33:24','2017-11-10 06:59:17',NULL,0),(176,'cus_Bh9lTXAKh2Ft5o','4242','Visa',NULL,'2019','12',0,'2017-11-02 16:21:47','2017-11-10 06:59:17',NULL,0),(177,'cus_Bh9n8gH0pEuO7b','4242','Visa','Shloma Ashok','2022','11',0,'2017-11-02 16:23:39','2017-11-10 06:59:17',111,0),(178,'cus_BhH1xLFHaRvC7V','4242','Visa',NULL,'2019','10',0,'2017-11-02 23:51:59','2017-11-10 06:59:17',NULL,0),(179,'cus_BhIS6cK9t1UB7j','4444','MasterCard',NULL,'2019','12',0,'2017-11-03 01:20:59','2017-11-10 06:59:17',NULL,0),(180,'cus_BhIfpGQC1TeO2I','4242','Visa',NULL,'2018','12',0,'2017-11-03 01:33:30','2017-11-10 06:59:17',NULL,0),(181,'cus_BhJek5ZaJG7TeL','4242','Visa','ABC','2020','9',0,'2017-11-03 02:35:18','2017-11-10 06:59:17',112,0),(182,'cus_BhJwxqQm2AmpsE','4444','MasterCard','ABC','2019','8',0,'2017-11-03 02:52:36','2017-11-10 06:59:17',112,0),(183,'cus_BhK2qHrfJIRAuG','4444','MasterCard','ABC','2020','10',0,'2017-11-03 02:59:03','2017-11-10 06:59:17',114,0),(184,'cus_BhKVA2PRu0bK8t','4242','Visa','ABC','2020','10',0,'2017-11-03 03:28:09','2017-11-10 06:59:17',113,0),(185,'cus_BhKb1JnKOkr3Zy','4242','Visa','chuan','2022','5',0,'2017-11-03 03:34:19','2017-11-10 06:59:17',93,1),(186,'cus_BhKdZp5ULCmOiI','4242','Visa',NULL,'2018','12',0,'2017-11-03 03:36:06','2017-11-10 06:59:17',NULL,0),(187,'cus_BhKoyBZQddCrDN','4444','MasterCard','ABC','2021','7',0,'2017-11-03 03:46:41','2017-11-10 06:59:17',115,0),(188,'cus_BhKrRrgOJZ9TNZ','4242','Visa',NULL,'2019','10',0,'2017-11-03 03:49:31','2017-11-10 06:59:17',NULL,0),(189,'cus_BhKtiB0VMVMOo3','4242','Visa',NULL,'2019','9',0,'2017-11-03 03:52:08','2017-11-10 06:59:17',NULL,0),(190,'cus_BhL21LdfM0GrKY','4242','Visa',NULL,'2020','2',0,'2017-11-03 04:00:38','2017-11-10 06:59:17',NULL,0),(191,'cus_BhLAi1y80dQcV1','4242','Visa',NULL,'2018','12',0,'2017-11-03 04:08:59','2017-11-10 06:59:17',NULL,0),(192,'cus_BhLJsrd4r61j1A','4242','Visa',NULL,'2018','12',0,'2017-11-03 04:17:49','2017-11-10 06:59:17',NULL,0),(193,'cus_BhLZmYsOuEIGyj','4444','MasterCard','lty','2018','12',0,'2017-11-03 04:33:53','2017-11-10 06:59:17',118,0),(194,'cus_BhLfFidmFmIYZC','4242','Visa',NULL,'2018','12',0,'2017-11-03 04:40:07','2017-11-10 06:59:17',NULL,0),(195,'cus_BhMaCAvPHraYDC','4444','MasterCard','lty test','2018','9',0,'2017-11-03 05:36:54','2017-11-10 06:59:17',118,0),(196,'cus_BhMliUonbsvM6j','4242','Visa','11','2019','11',0,'2017-11-03 05:47:52','2017-11-10 06:59:17',118,0),(197,'cus_BhMsDLQzAR7gdc','4242','Visa',NULL,'2019','4',0,'2017-11-03 05:54:24','2017-11-10 06:59:17',NULL,0),(198,'cus_BhN5saGPby2Qcu','4444','MasterCard',NULL,'2019','6',0,'2017-11-03 06:07:54','2017-11-10 06:59:17',NULL,0),(199,'cus_BhN6teKROj4D5S','4444','MasterCard',NULL,'2019','6',0,'2017-11-03 06:08:45','2017-11-10 06:59:17',NULL,0),(200,'cus_BhNE9mKLV5MZk5','4242','Visa','chuan chuan','2022','2',0,'2017-11-03 06:16:32','2017-11-10 06:59:17',93,1),(201,'cus_BhNfNMrysyXH8t','4242','Visa',NULL,'2019','12',0,'2017-11-03 06:44:05','2017-11-10 06:59:17',NULL,0),(202,'cus_BhNzc285BHjtO6','4242','Visa',NULL,'2018','12',0,'2017-11-03 07:03:23','2017-11-10 06:59:17',NULL,0),(203,'cus_BhOAorKuvvf8aC','4242','Visa',NULL,'2018','12',0,'2017-11-03 07:15:05','2017-11-10 06:59:17',NULL,0),(204,'cus_BhOFDsUMBEUsXa','4242','Visa',NULL,'2018','12',0,'2017-11-03 07:20:00','2017-11-10 06:59:17',NULL,0),(205,'cus_BhOIQLem7kB3ih','4242','Visa',NULL,'2019','10',0,'2017-11-03 07:23:02','2017-11-10 06:59:17',NULL,0),(206,'cus_BhOZMRC9If7gp1','4242','Visa','1111','2019','8',0,'2017-11-03 07:39:42','2017-11-10 06:59:17',118,0),(207,'cus_BhP1Gmfq6Rydc9','4444','MasterCard',NULL,'2022','11',0,'2017-11-03 08:08:18','2017-11-10 06:59:17',NULL,0),(208,'cus_BhPrVUKOXvItmN','4242','Visa',NULL,'2022','11',0,'2017-11-03 08:59:40','2017-11-10 06:59:17',NULL,0),(209,'cus_BhQ18TcplmasKt','4444','MasterCard',NULL,'2033','11',0,'2017-11-03 09:09:44','2017-11-10 06:59:17',NULL,0),(210,'cus_BhQ1K8JmcYmElS','4444','MasterCard',NULL,'2033','11',0,'2017-11-03 09:09:49','2017-11-10 06:59:17',NULL,0),(211,'cus_BhQ15hGymbwNGS','4242','Visa',NULL,'2022','11',0,'2017-11-03 09:10:18','2017-11-10 06:59:17',NULL,0),(212,'cus_BhQ2p9HlsxXgsJ','4242','Visa',NULL,'2022','11',0,'2017-11-03 09:10:39','2017-11-10 06:59:17',NULL,0),(213,'cus_BhQZY2NOuY2mIV','4444','MasterCard','ABC','2019','11',0,'2017-11-03 09:43:44','2017-11-10 06:59:17',122,0),(214,'cus_BhREIRYesFV3fM','4242','Visa',NULL,'2018','12',0,'2017-11-03 10:24:22','2017-11-10 06:59:17',NULL,0),(215,'cus_BhRXXVwpaVK4lJ','5556','Visa','lythao','2023','12',0,'2017-11-03 10:43:49','2017-11-10 06:59:17',97,0),(216,'cus_BhRvxMaUjamL1w','4444','MasterCard','Dinesh Sanjay','2018','9',0,'2017-11-03 11:07:24','2017-11-10 06:59:17',126,0),(217,'cus_BhS2kkm4CaCF4k','4242','Visa','Sjsjs','2021','9',0,'2017-11-03 11:14:44','2017-11-10 06:59:17',NULL,0),(218,'cus_BhSZ8IFAt6tADW','4444','MasterCard','test test','2020','1',0,'2017-11-03 11:47:44','2017-11-10 06:59:17',118,0),(219,'cus_Bi4v2vDYHCShcJ','4242','Visa','Daniel Posavac','2018','10',0,'2017-11-05 03:26:05','2017-11-10 06:59:17',128,0),(220,'cus_Bi5XtWh5HGEVBd','4242','Visa','Daniel Posavac','2018','7',0,'2017-11-05 04:04:08','2017-11-10 06:59:17',128,0),(221,'cus_BiQ0zJH7LMPpL9','4444','MasterCard','Daryl Chan ','2022','11',0,'2017-11-06 01:12:38','2017-11-10 06:59:17',131,0),(222,'cus_BiQUhboBiksf3q','5556','Visa','Stripe','2022','10',0,'2017-11-06 01:42:39','2017-11-10 06:59:17',132,0),(223,'cus_BiQeJW2FNMYhB0','8210','MasterCard','HELLO','2022','2',0,'2017-11-06 01:52:37','2017-11-10 06:59:17',133,0),(224,'cus_BiQxpJGcy5wLej','4242','Visa','abc','2018','11',0,'2017-11-06 02:12:15','2017-11-10 06:59:17',92,0),(225,'cus_BiR1UQC3gOqqMB','4242','Visa','Dinesh Sanjay','2018','9',0,'2017-11-06 02:15:50','2017-11-10 06:59:17',134,0),(226,'cus_BiRDoy4LeSEEoN','4242','Visa',NULL,'2018','9',0,'2017-11-06 02:27:23','2017-11-10 06:59:17',NULL,0),(227,'cus_BiSwRxNI3Ei3yA','4242','Visa','ABC','2019','12',0,'2017-11-06 04:14:35','2017-11-10 06:59:17',137,0),(228,'cus_BiT0LT3pQDsSzt','4444','MasterCard','ABC','2019','8',0,'2017-11-06 04:19:02','2017-11-10 06:59:17',137,0),(229,'cus_BiTjpW4PBuR9gd','4242','Visa','chuan chuan','2020','5',0,'2017-11-06 05:03:54','2017-11-10 06:59:17',93,0),(230,'cus_BiW2erRuE8Dtbr','4444','MasterCard','Jdjd','2042','5',0,'2017-11-06 07:26:43','2017-11-10 06:59:17',139,0),(231,'cus_BiWGwpbyd6IrQs','4444','MasterCard','Thao','2023','12',0,'2017-11-06 07:41:01','2017-11-10 06:59:17',140,0),(232,'cus_BiWL0XV1Qwtn1A','4242','Visa','chuan','2021','5',0,'2017-11-06 07:45:35','2017-11-10 06:59:17',NULL,0),(233,'cus_BiWfPVBlSsI4ph','4242','Visa','ABC','2019','8',0,'2017-11-06 08:05:56','2017-11-10 06:59:17',142,0),(234,'cus_BiWfnvZuk2VOg4','4242','Visa','dejndee','2018','9',0,'2017-11-06 08:06:04','2017-11-10 06:59:17',141,0),(235,'cus_BiWhWKGnNij7LN','4444','MasterCard','ABC','2020','9',0,'2017-11-06 08:08:07','2017-11-10 06:59:17',142,0),(236,'cus_BiXHysopHdV78Z','4242','Visa','Abc','2021','7',0,'2017-11-06 08:44:14','2017-11-10 06:59:17',142,0),(237,'cus_BiZNUjJ3BMzu9T','4242','Visa','ABC','2019','10',0,'2017-11-06 10:54:05','2017-11-10 06:59:17',105,0),(238,'cus_BiZW1B1xUcpYoq','4444','MasterCard','ABC','2020','10',0,'2017-11-06 11:02:53','2017-11-10 06:59:17',NULL,0),(239,'cus_BiZvvqnxmFFNXF','4444','MasterCard','ABC','2019','10',0,'2017-11-06 11:27:25','2017-11-10 06:59:17',105,0),(240,'cus_Bia5XGPadDZIZg','4242','Visa',NULL,'2022','11',0,'2017-11-06 11:38:10','2017-11-10 06:59:17',NULL,0),(241,'cus_Bia9tTQY2fZ69I','4444','MasterCard',NULL,'2022','11',0,'2017-11-06 11:42:09','2017-11-10 06:59:17',NULL,0),(242,'cus_BibiKD7omA8O01','8210','MasterCard','abc','2020','12',0,'2017-11-06 13:19:17','2017-11-10 06:59:17',92,0),(243,'cus_BicGGrvSITf0tK','4444','MasterCard','test','2020','2',0,'2017-11-06 13:53:16','2017-11-10 06:59:17',118,0),(244,'cus_BilBg66pAVZd75','4242','Visa','Shshsh','2018','9',0,'2017-11-06 23:05:28','2017-11-10 06:59:17',146,0),(245,'cus_Bip6MJoRwdFk4X','4242','Visa',NULL,'2018','12',0,'2017-11-07 03:08:34','2017-11-10 06:59:17',NULL,0),(246,'cus_Bip7wyhv4jstWI','4242','Visa',NULL,'2018','12',0,'2017-11-07 03:09:27','2017-11-10 06:59:17',NULL,0),(247,'cus_BisQXwYuvlUfov','4242','Visa','jack ajck','2018','9',0,'2017-11-07 06:35:01','2017-11-10 06:59:17',153,0),(248,'cus_Bise1Vv1uOVMV7','4242','Visa','test','2019','10',0,'2017-11-07 06:48:34','2017-11-10 06:59:17',154,0),(249,'cus_BjHVsHcxBTKgey','4242','Visa','Master Card','2019','9',0,'2017-11-07 07:42:09','2017-11-10 06:59:17',152,1),(250,'cus_BitacxHHdsBe8i','4242','Visa','ABC','2021','10',0,'2017-11-07 07:47:10','2017-11-10 06:59:17',155,0),(251,'cus_BitlcW1O1yjgeg','4444','MasterCard','Visa','2019','9',1,'2017-11-07 07:57:37','2017-11-10 06:59:17',152,0),(252,'cus_Bj9lgOZmNEPR9j','5556','Visa','ABC','2021','12',0,'2017-11-08 00:29:41','2017-11-10 06:59:17',156,0),(253,'cus_Bj9tMOWwuKMCX9','4444','MasterCard','abc','2030','12',0,'2017-11-08 00:37:28','2017-11-10 06:59:17',156,0),(254,'cus_BjB5OzJgsrtPSV','4242','Visa','Credit card','2019','9',0,'2017-11-08 01:51:29','2017-11-10 06:59:17',158,0),(255,'cus_BjBEwhXZr4g9sA','4242','Visa','46457568','2019','9',0,'2017-11-08 02:00:28','2017-11-10 06:59:17',152,1),(256,'cus_BjBYHN1deAaaML','4242','Visa','Visa','2019','9',0,'2017-11-08 02:20:32','2017-11-10 06:59:17',152,1),(257,'cus_BjDtW0Wzx2EAKJ','4242','Visa','ABC','2019','11',0,'2017-11-08 04:46:11','2017-11-10 06:59:17',161,0),(258,'cus_BjGB80A5OBaVcd','4242','Visa','Visa card','2019','9',0,'2017-11-08 07:08:17','2017-11-10 06:59:17',152,1),(259,'cus_BjH75IITEX6Wis','4242','Visa','dfsgdfhd','2019','9',0,'2017-11-08 08:05:59','2017-11-10 06:59:17',152,1),(260,'cus_BjH87qqT1LRYC1','4242','Visa','Card number','2019','9',0,'2017-11-08 08:06:44','2017-11-10 06:59:17',152,1),(261,'cus_BjH9LHtPjHp1WI','4242','Visa','add card','2019','9',0,'2017-11-08 08:08:07','2017-11-10 06:59:17',152,1),(262,'cus_BjHAsaIHlveUFL','4242','Visa','add card','2019','9',0,'2017-11-08 08:08:34','2017-11-10 06:59:17',152,1),(263,'cus_BjHGVkcKuGKYXm','4242','Visa','Card number','2019','9',0,'2017-11-08 08:14:30','2017-11-10 06:59:17',152,0),(264,'cus_BjJQLcchyHJDhD','4242','Visa','sdasdasdasdasdasd','2020','11',0,'2017-11-08 10:28:32','2017-11-10 06:59:17',152,1),(265,'cus_BjKtEEl6jxqrhL','4242','Visa','test','2019','6',0,'2017-11-08 12:00:20','2017-11-10 06:59:17',NULL,0),(266,'cus_BjOEooyDsU38DC','4242','Visa','4','2020','11',0,'2017-11-08 15:27:20','2017-11-10 06:59:17',NULL,0),(267,'cus_BjYyxyg2iZzfQc','4444','MasterCard','ABC','2021','10',0,'2017-11-09 02:32:32','2017-11-10 06:59:17',163,0),(268,'cus_BjYyb2CS6XiU3X','4242','Visa',NULL,'2018','12',0,'2017-11-09 02:32:53','2017-11-10 06:59:17',NULL,0),(269,'cus_BjZXJTomb1R0zA','4242','Visa',NULL,'2018','12',0,'2017-11-09 03:07:46','2017-11-10 06:59:17',NULL,0),(270,'cus_BjZnyQ4XT5wruc','4242','Visa',NULL,'2018','12',0,'2017-11-09 03:23:32','2017-11-10 06:59:17',NULL,0),(271,'cus_BjaRgpOEQC9hIr','4242','Visa','ABC','2019','10',0,'2017-11-09 04:04:17','2017-11-10 06:59:17',172,0),(272,'cus_BjaWU7KvV4vzP0','4444','MasterCard','ABC','2019','10',0,'2017-11-09 04:08:53','2017-11-10 06:59:17',172,1),(273,'cus_BjaWoSc1qu6GWR','4242','Visa',NULL,'2018','12',0,'2017-11-09 04:09:13','2017-11-10 06:59:17',NULL,0),(274,'cus_BjaZHmqB02wg5y','4242','Visa',NULL,'2018','12',0,'2017-11-09 04:11:31','2017-11-10 06:59:17',NULL,0),(275,'cus_Bjal4jAmGObijw','4242','Visa','ABC','2020','8',0,'2017-11-09 04:23:55','2017-11-10 06:59:17',173,0),(276,'cus_BjapcQq2Zrn85V','4444','MasterCard','ABC','2020','10',0,'2017-11-09 04:27:53','2017-11-10 06:59:17',173,0),(277,'cus_BjasbIc4mfWO9u','4242','Visa','ABC','2020','9',0,'2017-11-09 04:30:20','2017-11-10 06:59:17',173,0),(278,'cus_BjbotQmwtLkVYe','4444','MasterCard',NULL,'2019','6',0,'2017-11-09 05:28:57','2017-11-10 06:59:17',NULL,0),(279,'cus_BjbrYmGN70Mo4K','4242','Visa','test22','2019','11',0,'2017-11-09 05:32:00','2017-11-10 06:59:17',118,0),(280,'cus_BjdOgQKB8iN7Ei','4242','Visa','Credit card','2019','9',0,'2017-11-09 07:06:36','2017-11-10 06:59:17',152,1),(281,'cus_BjdUHpti21kTtZ','4242','Visa','Credit card','2020','9',0,'2017-11-09 07:13:05','2017-11-10 06:59:17',152,1),(282,'cus_BjdgBPAAGWWliY','4242','Visa','Card','2021','9',0,'2017-11-09 07:24:27','2017-11-10 06:59:17',152,1),(283,'cus_Bje4p8u5N7wiV2','4242','Visa','ABC','2019','9',0,'2017-11-09 07:48:33','2017-11-10 06:59:17',178,0),(284,'cus_Bje8krTtCQEonf','4444','MasterCard','ABC','2019','10',0,'2017-11-09 07:53:09','2017-11-10 06:59:17',178,1),(285,'cus_BjeAQ8Yl4ZlPn4','4242','Visa','Card','2019','9',0,'2017-11-09 07:54:43','2017-11-10 06:59:17',152,0),(286,'cus_BjeO0ApBP2j1sU','4242','Visa','ABC','2018','9',0,'2017-11-09 08:09:07','2017-11-10 06:59:17',178,0),(287,'cus_Bju7XDwJIfn7AN','4242','Visa','abc','2040','12',0,'2017-11-10 00:23:44','2017-11-10 06:59:17',156,0),(288,'cus_BjvbHEjBe6x3h5','4242','Visa',NULL,'2018','12',0,'2017-11-10 01:55:24','2017-11-10 06:59:17',NULL,0),(289,'cus_BjvpRmH0YxnJUQ','4242','Visa','ABC','2019','12',0,'2017-11-10 02:09:57','2017-11-10 06:59:17',181,0),(290,'cus_Bjvu2Xd8iGEwKT','4242','Visa','John doe','2022','11',0,'2017-11-10 02:15:09','2017-11-10 06:59:17',183,0),(291,'cus_Bjw1tIXhENKxl2','4242','Visa','ABC','2019','10',0,'2017-11-10 02:21:37','2017-11-10 06:59:17',184,0),(292,'cus_Bjw15eDKAhWQb0','4242','Visa','kim','2019','12',0,'2017-11-10 02:21:47','2017-11-10 06:59:17',NULL,0),(293,'cus_Bjw4rwxAwU2Vyf','4444','MasterCard','ABC','2021','10',0,'2017-11-10 02:25:18','2017-11-10 06:59:17',184,0),(294,'cus_Bjw9Fv2qVFaDgu','4242','Visa','ABC','2019','10',0,'2017-11-10 02:30:05','2017-11-10 06:59:17',184,0),(295,'cus_BjwCkiE4GwDe9l','4242','Visa','aaaaaaaaaaaa','2022','11',0,'2017-11-10 02:32:31','2017-11-10 06:59:17',NULL,0),(296,'cus_BjwCOxK4MoBnfa','4444','MasterCard','ffffffffffffffff','2021','1',0,'2017-11-10 02:32:54','2017-11-10 06:59:17',NULL,0),(297,'cus_BjwCdfz6Wkw193','4444','MasterCard','ffffffffffffffff','2021','1',0,'2017-11-10 02:32:55','2017-11-10 06:59:17',NULL,0),(298,'cus_BjwE9zNva5XmJp','4242','Visa','aaaaaaaaaaaa','2021','1',0,'2017-11-10 02:34:37','2017-11-10 06:59:17',NULL,0),(299,'cus_BjwEoPIBiNLdE0','4444','MasterCard','ffffffffffffffff','2022','2',0,'2017-11-10 02:34:53','2017-11-10 06:59:17',NULL,0),(300,'cus_BjwGwPJobQM21r','4242','Visa','aaaaaaaaaaaa','2021','1',0,'2017-11-10 02:36:47','2017-11-10 06:59:17',186,0),(301,'cus_BjwGbLJWguE1DD','4444','MasterCard','ffffffffffffffff','2022','2',0,'2017-11-10 02:37:01','2017-11-10 06:59:17',186,0),(302,'cus_BjwLCKTlNhwryg','4444','MasterCard','ABC','2019','8',0,'2017-11-10 02:41:32','2017-11-10 08:46:37',172,1),(303,'cus_BjwNZu4TzT1ISQ','4242','Visa','ABC','2019','12',0,'2017-11-10 02:43:30','2017-11-10 06:59:17',NULL,0),(304,'cus_BjwNXPMBxdY00s','4444','MasterCard','ABC','2019','5',0,'2017-11-10 02:43:53','2017-11-10 06:59:17',NULL,0),(305,'cus_BjxA0TgUNaiS6R','4444','MasterCard','ABC','2020','9',0,'2017-11-10 03:32:34','2017-11-10 08:46:51',172,1),(306,'cus_Bk0WYz6mttlcAr','4242','Visa','Hello','2019','9',0,'2017-11-10 07:00:29','2017-11-10 07:00:29',152,0),(307,'cus_Bk10Obqw1BDA3z','4242','Visa',NULL,'2018','12',0,'2017-11-10 07:31:07','2017-11-10 07:31:07',NULL,0),(308,'cus_Bk4YhTTKoEWXtj','4242','Visa','ABC','2019','10',0,'2017-11-10 08:00:48','2017-11-10 11:10:39',172,0),(309,'cus_Bk1roimv1qJnCF','4242','Visa','ABC','2020','9',1,'2017-11-10 08:24:15','2017-11-10 08:46:37',172,0),(310,'cus_Bk1vditjEYeYJf','4242','Visa','Card','2020','9',0,'2017-11-10 08:27:52','2017-11-10 08:28:09',188,0),(311,'cus_Bk1xnSEoOGT50d','4242','Visa','Card','2019','9',0,'2017-11-10 08:29:51','2017-11-10 08:29:58',188,0),(312,'cus_Bk2UveRj0aYmeW','4242','Visa','424242424242424','2019','11',0,'2017-11-10 09:02:47','2017-11-10 09:02:47',NULL,0),(313,'cus_Bk2ZEidbY8FkPH','4242','Visa','dsD','2018','12',0,'2017-11-10 09:07:21','2017-11-10 09:07:21',NULL,0),(314,'cus_Bk2bYPQV1tZbRC','4242','Visa','âsdasad','2018','12',0,'2017-11-10 09:09:38','2017-11-10 09:09:38',NULL,0),(315,'cus_Bk2eyEVdQgukEI','4242','Visa','qưeret','2018','12',0,'2017-11-10 09:12:35','2017-11-10 09:12:35',NULL,0),(316,'cus_Bk2yjk3JauGWsz','4242','Visa','sfd','2018','12',0,'2017-11-10 09:32:38','2017-11-10 09:32:38',NULL,0),(317,'cus_Bk3Iyp71pwxA4F','4242','Visa','ABC','2019','10',0,'2017-11-10 09:52:33','2017-11-10 09:52:49',172,0),(318,'cus_Bk3JgHxpbTLz7g','4242','Visa','ABC','2020','10',0,'2017-11-10 09:54:16','2017-11-10 10:58:01',172,0),(319,'cus_Bk3L2Iifj99JnJ','4444','MasterCard','phanmy','2018','12',0,'2017-11-10 09:55:55','2017-11-10 09:55:55',NULL,0),(320,'cus_Bk3OafNhDBUuAq','4444','MasterCard','ádhahf','2018','12',0,'2017-11-10 09:58:30','2017-11-10 09:58:30',NULL,0),(321,'cus_Bk3YjLs6SHkrJ4','4444','MasterCard','ABC','2019','10',0,'2017-11-10 10:08:41','2017-11-10 10:08:41',172,0),(322,'cus_Bk3Y5leTSI4VI8','4444','MasterCard','fdsfsdfd','2018','12',0,'2017-11-10 10:09:10','2017-11-10 10:09:10',NULL,0),(323,'cus_Bk3atytUzc0JCE','4242','Visa','fdcsdfsdfdsdf','2018','12',0,'2017-11-10 10:11:15','2017-11-10 10:11:15',NULL,0),(324,'cus_Bk3gGzICTeuDbV','4242','Visa','phanmy','2018','12',0,'2017-11-10 10:16:36','2017-11-10 10:16:36',NULL,0),(325,'cus_Bk3ismgKS33Jfs','4242','Visa','HungVT','2019','11',0,'2017-11-10 10:18:31','2017-11-10 10:18:31',NULL,0),(326,'cus_Bk3q27REt5CfQ6','4242','Visa','csdfjkdm','2018','12',0,'2017-11-10 10:27:07','2017-11-10 10:27:07',NULL,0),(327,'cus_Bk43isAxJ09yIh','4242','Visa','phan my','2018','12',0,'2017-11-10 10:39:23','2017-11-10 10:39:23',NULL,0),(328,'cus_Bk4LUUr5WBNhuh','4242','Visa',NULL,'2018','12',0,'2017-11-10 10:57:45','2017-11-10 10:57:45',NULL,0),(329,'cus_Bk4M5928cvW0A9','4242','Visa','test','2019','2',0,'2017-11-10 10:58:51','2017-11-10 10:59:12',190,0),(330,'cus_Bk4lETOFe6YCs8','4242','Visa','HungVT','2019','11',0,'2017-11-10 11:23:53','2017-11-10 11:23:53',NULL,0),(331,'cus_Bk4mKq1Rwju5l1','4242','Visa','aaaaaaaaaaaa','2021','11',0,'2017-11-10 11:24:37','2017-11-10 11:24:40',191,0),(332,'cus_Bk4nJv7lk3OG2g','4242','Visa','HungVT','2019','11',0,'2017-11-10 11:25:37','2017-11-10 11:25:37',NULL,0),(333,'cus_Bk4n69ubzwawsw','4242','Visa','HungVT','2019','11',0,'2017-11-10 11:25:52','2017-11-10 11:25:52',NULL,0),(334,'cus_Bk4noRpSlu27K0','4242','Visa','HungVT','2019','11',0,'2017-11-10 11:26:09','2017-11-10 11:26:09',NULL,0),(335,'cus_Bk4qpqVBQNcho0','4444','MasterCard','ABC','2020','8',0,'2017-11-10 11:29:14','2017-11-10 11:29:22',184,0),(336,'cus_Bk4snFijfyb3bu','4242','Visa','sdfsdfd','2018','12',0,'2017-11-10 11:30:56','2017-11-10 11:30:56',NULL,0),(337,'cus_Bk4uNXtNw9ffou','4242','Visa','skdfhfj','2018','12',0,'2017-11-10 11:32:20','2017-11-10 11:32:20',NULL,0),(338,'cus_Bk4vKyGlAQfdvB','4242','Visa','HungVT','2019','11',0,'2017-11-10 11:34:18','2017-11-10 11:34:18',NULL,0),(339,'cus_Bk4wfekVzIJtVK','4242','Visa','kim thi','2019','12',0,'2017-11-10 11:34:37','2017-11-10 11:34:37',NULL,0),(340,'cus_Bk4xeT9MGkiKZO','4242','Visa','kim thi','2018','12',0,'2017-11-10 11:36:10','2017-11-10 11:36:10',NULL,0),(341,'cus_Bk4ypKNkDyoYuK','4242','Visa','dfdvf','2018','12',0,'2017-11-10 11:37:16','2017-11-10 11:37:16',NULL,0),(342,'cus_Bk5Su3aQVnX4OK','4242','Visa',NULL,'2018','12',0,'2017-11-10 12:06:48','2017-11-10 12:06:48',NULL,0),(343,'cus_Bk5qRCilB4Vf3u','4444','MasterCard',NULL,'2019','2',0,'2017-11-10 12:30:49','2017-11-10 12:30:49',NULL,0),(344,'cus_Bk6MsLXxKWjb9H','4242','Visa','HungVT','2019','11',0,'2017-11-10 13:02:56','2017-11-10 13:02:56',NULL,0),(345,'cus_Bk7CIrYhR7g4Qw','4242','Visa',NULL,'2019','4',0,'2017-11-10 13:55:17','2017-11-10 13:55:17',NULL,0),(346,'cus_Bk7wK3TQfm5SCX','4242','Visa','Mervin Ng','2022','11',0,'2017-11-10 14:40:41','2017-11-10 14:40:49',80,0),(347,'cus_Bk8ALUNlP6GbtX','4444','MasterCard','Mervin Ng','2022','11',0,'2017-11-10 14:54:32','2017-11-10 14:54:42',80,0);
/*!40000 ALTER TABLE `Cards` ENABLE KEYS */;
UNLOCK TABLES;

--
-- Table structure for table `CartDetails`
--

DROP TABLE IF EXISTS `CartDetails`;
/*!40101 SET @saved_cs_client     = @@character_set_client */;
/*!40101 SET character_set_client = utf8 */;
CREATE TABLE `CartDetails` (
  `id` int(11) NOT NULL AUTO_INCREMENT,
  `qty` int(11) DEFAULT '0',
  `createdAt` datetime NOT NULL,
  `updatedAt` datetime NOT NULL,
  `CartId` int(11) DEFAULT NULL,
  `ProductCountryId` int(11) DEFAULT NULL,
  `PlanCountryId` int(11) DEFAULT NULL,
  `CountryId` int(11) DEFAULT NULL,
  `SkuId` int(11) DEFAULT NULL,
  PRIMARY KEY (`id`),
  KEY `CartId` (`CartId`),
  KEY `ProductCountryId` (`ProductCountryId`),
  KEY `PlanCountryId` (`PlanCountryId`),
  KEY `CountryId` (`CountryId`),
  KEY `SkuId` (`SkuId`),
  CONSTRAINT `CartDetails_ibfk_1` FOREIGN KEY (`CartId`) REFERENCES `Carts` (`id`) ON DELETE SET NULL ON UPDATE CASCADE,
  CONSTRAINT `CartDetails_ibfk_2` FOREIGN KEY (`ProductCountryId`) REFERENCES `ProductCountries` (`id`) ON DELETE SET NULL ON UPDATE CASCADE,
  CONSTRAINT `CartDetails_ibfk_3` FOREIGN KEY (`PlanCountryId`) REFERENCES `PlanCountries` (`id`) ON DELETE SET NULL ON UPDATE CASCADE,
  CONSTRAINT `CartDetails_ibfk_4` FOREIGN KEY (`CountryId`) REFERENCES `Countries` (`id`) ON DELETE SET NULL ON UPDATE CASCADE,
  CONSTRAINT `CartDetails_ibfk_5` FOREIGN KEY (`SkuId`) REFERENCES `Skus` (`id`) ON DELETE SET NULL ON UPDATE CASCADE
) ENGINE=InnoDB AUTO_INCREMENT=3892 DEFAULT CHARSET=utf8;
/*!40101 SET character_set_client = @saved_cs_client */;

--
-- Dumping data for table `CartDetails`
--

LOCK TABLES `CartDetails` WRITE;
/*!40000 ALTER TABLE `CartDetails` DISABLE KEYS */;
INSERT INTO `CartDetails` VALUES (85,1,'2017-10-27 02:30:50','2017-10-27 02:30:50',13,NULL,1,1,NULL),(401,99,'2017-10-28 03:08:30','2017-10-28 03:08:30',19,1,NULL,1,NULL),(478,1,'2017-10-28 05:30:19','2017-10-28 05:30:19',28,6,NULL,1,NULL),(479,1,'2017-10-28 05:30:19','2017-10-28 05:30:19',28,1,NULL,1,NULL),(522,1,'2017-10-28 08:08:15','2017-10-28 08:08:15',26,4,NULL,1,NULL),(526,1,'2017-10-28 08:10:17','2017-10-28 08:10:17',15,2,NULL,1,NULL),(527,1,'2017-10-28 08:10:17','2017-10-28 08:10:17',15,13,NULL,1,NULL),(528,1,'2017-10-28 08:10:17','2017-10-28 08:10:17',15,6,NULL,1,NULL),(529,1,'2017-10-28 08:10:17','2017-10-28 08:10:17',15,3,NULL,1,NULL),(533,1,'2017-10-28 08:29:42','2017-10-28 08:29:42',25,1,NULL,1,NULL),(735,1,'2017-10-28 12:13:24','2017-10-28 12:13:24',21,1,NULL,1,NULL),(811,2,'2017-10-30 01:17:31','2017-10-30 01:17:31',31,NULL,3,1,NULL),(812,2,'2017-10-30 01:17:31','2017-10-30 01:17:31',31,NULL,7,1,NULL),(813,4,'2017-10-30 01:17:31','2017-10-30 01:17:31',31,NULL,1,1,NULL),(814,4,'2017-10-30 01:17:31','2017-10-30 01:17:31',31,7,NULL,1,NULL),(815,2,'2017-10-30 01:17:31','2017-10-30 01:17:31',31,1,NULL,1,NULL),(871,1,'2017-10-30 02:13:37','2017-10-30 02:13:37',33,7,NULL,7,NULL),(872,1,'2017-10-30 02:14:01','2017-10-30 02:14:01',34,5,NULL,1,NULL),(914,1,'2017-10-30 03:26:28','2017-10-30 03:26:28',33,NULL,4,1,NULL),(1032,1,'2017-10-31 02:28:37','2017-10-31 02:28:37',50,3,NULL,1,NULL),(1033,1,'2017-10-31 02:28:37','2017-10-31 02:28:37',50,NULL,3,1,NULL),(1082,1,'2017-10-31 07:00:05','2017-10-31 07:00:05',63,3,NULL,1,NULL),(1108,1,'2017-10-31 07:18:41','2017-10-31 07:18:41',62,1,NULL,1,NULL),(1109,1,'2017-10-31 07:18:41','2017-10-31 07:18:41',62,7,NULL,1,NULL),(1110,1,'2017-10-31 07:18:41','2017-10-31 07:18:41',62,NULL,3,1,NULL),(1606,1,'2017-11-02 10:07:59','2017-11-02 10:07:59',86,1,NULL,1,NULL),(1607,1,'2017-11-02 10:07:59','2017-11-02 10:07:59',86,6,NULL,1,NULL),(1727,1,'2017-11-02 15:52:56','2017-11-02 15:52:56',96,5,NULL,1,NULL),(1728,1,'2017-11-02 15:52:56','2017-11-02 15:52:56',96,1,NULL,1,NULL),(1729,1,'2017-11-02 15:52:56','2017-11-02 15:52:56',96,6,NULL,1,NULL),(1730,1,'2017-11-02 15:52:56','2017-11-02 15:52:56',96,4,NULL,1,NULL),(1731,1,'2017-11-02 15:52:56','2017-11-02 15:52:56',96,3,NULL,1,NULL),(1766,1,'2017-11-03 03:20:14','2017-11-03 03:20:14',100,3,NULL,1,NULL),(1767,1,'2017-11-03 03:20:14','2017-11-03 03:20:14',100,NULL,5,1,NULL),(1771,1,'2017-11-03 04:10:37','2017-11-03 04:10:37',101,NULL,1,1,NULL),(2310,1,'2017-11-03 08:38:10','2017-11-03 08:38:10',106,5,NULL,1,NULL),(2642,1,'2017-11-03 11:05:27','2017-11-03 11:05:27',108,6,NULL,1,NULL),(2643,1,'2017-11-03 11:05:27','2017-11-03 11:05:27',108,1,NULL,1,NULL),(2644,1,'2017-11-03 11:05:27','2017-11-03 11:05:27',108,7,NULL,1,NULL),(2645,1,'2017-11-03 11:05:27','2017-11-03 11:05:27',108,13,NULL,1,NULL),(2646,1,'2017-11-03 11:05:27','2017-11-03 11:05:27',108,5,NULL,1,NULL),(2647,1,'2017-11-03 11:05:27','2017-11-03 11:05:27',108,NULL,3,1,NULL),(2648,1,'2017-11-03 11:05:27','2017-11-03 11:05:27',108,6,NULL,1,NULL),(2649,1,'2017-11-03 11:05:27','2017-11-03 11:05:27',108,1,NULL,1,NULL),(2650,1,'2017-11-03 11:05:27','2017-11-03 11:05:27',108,7,NULL,1,NULL),(2651,1,'2017-11-03 11:05:27','2017-11-03 11:05:27',108,13,NULL,1,NULL),(2652,1,'2017-11-03 11:05:27','2017-11-03 11:05:27',108,5,NULL,1,NULL),(2696,1,'2017-11-06 00:22:23','2017-11-06 00:22:23',116,1,NULL,1,NULL),(2697,1,'2017-11-06 00:22:23','2017-11-06 00:22:23',116,6,NULL,1,NULL),(2797,1,'2017-11-06 04:50:22','2017-11-06 04:50:22',123,6,NULL,1,NULL),(2884,2,'2017-11-06 07:43:03','2017-11-06 07:43:03',99,7,NULL,1,NULL),(2885,1,'2017-11-06 07:43:03','2017-11-06 07:43:03',99,13,NULL,1,NULL),(2886,1,'2017-11-06 07:43:03','2017-11-06 07:43:03',99,2,NULL,1,NULL),(2963,4,'2017-11-06 10:41:57','2017-11-06 10:41:57',107,5,NULL,7,NULL),(3037,1,'2017-11-07 10:04:13','2017-11-07 10:04:13',4,12,NULL,7,NULL),(3050,1,'2017-11-07 11:16:32','2017-11-07 11:16:32',35,1,NULL,1,NULL),(3061,1,'2017-11-07 11:40:53','2017-11-07 11:40:53',89,5,NULL,7,NULL),(3062,1,'2017-11-07 11:48:08','2017-11-07 11:48:08',89,9,NULL,1,NULL),(3063,1,'2017-11-07 11:48:08','2017-11-07 11:48:08',89,1,NULL,1,NULL),(3064,1,'2017-11-07 12:33:19','2017-11-07 12:33:19',140,3,NULL,1,NULL),(3125,2,'2017-11-08 02:36:27','2017-11-08 02:36:27',124,NULL,5,7,NULL),(3464,1,'2017-11-09 01:07:40','2017-11-09 01:07:40',124,NULL,5,1,NULL),(3465,1,'2017-11-09 02:56:06','2017-11-09 02:56:06',148,13,NULL,1,NULL),(3466,1,'2017-11-09 02:56:06','2017-11-09 02:56:06',148,6,NULL,1,NULL),(3517,1,'2017-11-09 04:09:03','2017-11-09 04:09:03',40,2,NULL,1,NULL),(3518,1,'2017-11-09 04:09:03','2017-11-09 04:09:03',40,5,NULL,1,NULL),(3519,1,'2017-11-09 04:09:03','2017-11-09 04:09:03',40,6,NULL,1,NULL),(3520,1,'2017-11-09 04:09:03','2017-11-09 04:09:03',40,13,NULL,1,NULL),(3744,1,'2017-11-09 09:52:15','2017-11-09 09:52:15',24,1,NULL,1,NULL),(3745,1,'2017-11-09 09:52:15','2017-11-09 09:52:15',24,13,NULL,1,NULL),(3746,1,'2017-11-09 09:52:15','2017-11-09 09:52:15',24,6,NULL,1,NULL),(3747,1,'2017-11-09 09:52:15','2017-11-09 09:52:15',24,NULL,5,1,NULL),(3755,2,'2017-11-09 10:32:34','2017-11-09 10:32:34',1,7,NULL,7,NULL),(3756,4,'2017-11-09 10:32:34','2017-11-09 10:32:34',1,5,NULL,7,NULL),(3757,1,'2017-11-09 10:32:34','2017-11-09 10:32:34',1,4,NULL,7,NULL),(3758,1,'2017-11-09 10:32:34','2017-11-09 10:32:34',1,NULL,5,7,NULL),(3770,1,'2017-11-10 02:18:23','2017-11-10 02:18:23',167,5,NULL,1,NULL),(3821,2,'2017-11-10 08:22:44','2017-11-10 08:22:44',138,5,NULL,7,NULL),(3822,1,'2017-11-10 08:22:44','2017-11-10 08:22:44',138,2,NULL,7,NULL),(3890,7,'2017-11-11 03:12:36','2017-11-11 03:12:36',138,5,NULL,1,NULL),(3891,2,'2017-11-11 03:12:36','2017-11-11 03:12:36',138,6,NULL,1,NULL);
/*!40000 ALTER TABLE `CartDetails` ENABLE KEYS */;
UNLOCK TABLES;

--
-- Table structure for table `Carts`
--

DROP TABLE IF EXISTS `Carts`;
/*!40101 SET @saved_cs_client     = @@character_set_client */;
/*!40101 SET character_set_client = utf8 */;
CREATE TABLE `Carts` (
  `id` int(11) NOT NULL AUTO_INCREMENT,
  `createdAt` datetime NOT NULL,
  `updatedAt` datetime NOT NULL,
  `UserId` int(11) DEFAULT NULL,
  PRIMARY KEY (`id`),
  KEY `UserId` (`UserId`),
  CONSTRAINT `Carts_ibfk_1` FOREIGN KEY (`UserId`) REFERENCES `Users` (`id`) ON DELETE SET NULL ON UPDATE CASCADE
) ENGINE=InnoDB AUTO_INCREMENT=183 DEFAULT CHARSET=utf8;
/*!40101 SET character_set_client = @saved_cs_client */;

--
-- Dumping data for table `Carts`
--

LOCK TABLES `Carts` WRITE;
/*!40000 ALTER TABLE `Carts` DISABLE KEYS */;
INSERT INTO `Carts` VALUES (1,'2017-10-26 11:20:43','2017-10-26 11:20:43',1),(2,'2017-10-26 11:54:40','2017-10-26 11:54:40',NULL),(3,'2017-10-26 12:13:33','2017-10-26 12:13:33',4),(4,'2017-10-26 12:15:58','2017-10-26 12:15:58',5),(5,'2017-10-26 12:18:02','2017-10-26 12:18:02',6),(6,'2017-10-26 12:21:22','2017-10-26 12:21:22',7),(7,'2017-10-26 12:32:25','2017-10-26 12:32:25',8),(8,'2017-10-26 14:33:02','2017-10-26 14:33:02',9),(9,'2017-10-26 15:54:16','2017-10-26 15:54:16',10),(10,'2017-10-26 23:43:38','2017-10-26 23:43:38',11),(11,'2017-10-27 01:15:19','2017-10-27 01:15:19',12),(12,'2017-10-27 01:35:51','2017-10-27 01:35:51',14),(13,'2017-10-27 01:45:36','2017-10-27 01:45:36',15),(14,'2017-10-27 01:59:08','2017-10-27 01:59:08',16),(15,'2017-10-27 02:08:31','2017-10-27 02:08:31',17),(16,'2017-10-27 02:47:55','2017-10-27 02:47:55',19),(17,'2017-10-27 02:58:35','2017-10-27 02:58:35',20),(18,'2017-10-27 03:37:35','2017-10-27 03:37:35',21),(19,'2017-10-27 03:40:02','2017-10-27 03:40:02',22),(20,'2017-10-27 04:17:03','2017-10-27 04:17:03',23),(21,'2017-10-27 06:57:33','2017-10-27 06:57:33',25),(22,'2017-10-27 06:59:34','2017-10-27 06:59:34',26),(23,'2017-10-27 12:30:03','2017-10-27 12:30:03',27),(24,'2017-10-28 03:31:40','2017-10-28 03:31:40',30),(25,'2017-10-28 04:12:54','2017-10-28 04:12:54',31),(26,'2017-10-28 04:14:51','2017-10-28 04:14:51',32),(27,'2017-10-28 04:15:19','2017-10-28 04:15:19',33),(28,'2017-10-28 05:29:43','2017-10-28 05:29:43',34),(29,'2017-10-28 05:53:04','2017-10-28 05:53:04',35),(30,'2017-10-28 07:29:17','2017-10-28 07:29:17',37),(31,'2017-10-28 07:34:15','2017-10-28 07:34:15',38),(32,'2017-10-28 11:35:05','2017-10-28 11:35:05',NULL),(33,'2017-10-28 11:40:36','2017-10-28 11:40:36',NULL),(34,'2017-10-28 12:26:17','2017-10-28 12:26:17',42),(35,'2017-10-28 12:28:30','2017-10-28 12:28:30',43),(36,'2017-10-29 04:19:02','2017-10-29 04:19:02',44),(37,'2017-10-29 04:26:14','2017-10-29 04:26:14',45),(38,'2017-10-29 04:40:10','2017-10-29 04:40:10',46),(39,'2017-10-29 09:36:06','2017-10-29 09:36:06',48),(40,'2017-10-29 16:20:10','2017-10-29 16:20:10',49),(41,'2017-10-30 02:46:14','2017-10-30 02:46:14',50),(42,'2017-10-30 03:23:48','2017-10-30 03:23:48',51),(43,'2017-10-30 04:05:22','2017-10-30 04:05:22',NULL),(44,'2017-10-30 04:23:39','2017-10-30 04:23:39',NULL),(45,'2017-10-30 04:26:31','2017-10-30 04:26:31',56),(46,'2017-10-30 04:26:58','2017-10-30 04:26:58',57),(47,'2017-10-30 08:24:03','2017-10-30 08:24:03',NULL),(48,'2017-10-30 13:46:33','2017-10-30 13:46:33',62),(49,'2017-10-31 01:25:59','2017-10-31 01:25:59',63),(50,'2017-10-31 02:23:57','2017-10-31 02:23:57',64),(51,'2017-10-31 02:27:50','2017-10-31 02:27:50',65),(53,'2017-10-31 02:31:19','2017-10-31 02:31:19',67),(54,'2017-10-31 03:06:58','2017-10-31 03:06:58',68),(55,'2017-10-31 04:02:23','2017-10-31 04:02:23',69),(56,'2017-10-31 04:09:04','2017-10-31 04:09:04',70),(62,'2017-10-31 06:45:54','2017-10-31 06:45:54',76),(63,'2017-10-31 06:46:09','2017-10-31 06:46:09',77),(64,'2017-10-31 06:59:36','2017-10-31 06:59:36',78),(65,'2017-10-31 07:14:31','2017-10-31 07:14:31',79),(66,'2017-10-31 07:46:23','2017-10-31 07:46:23',80),(68,'2017-10-31 11:13:08','2017-10-31 11:13:08',82),(69,'2017-10-31 13:24:53','2017-10-31 13:24:53',83),(70,'2017-11-01 01:32:48','2017-11-01 01:32:48',84),(71,'2017-11-01 01:56:26','2017-11-01 01:56:26',85),(72,'2017-11-01 01:56:42','2017-11-01 01:56:42',86),(73,'2017-11-01 02:38:22','2017-11-01 02:38:22',87),(74,'2017-11-01 04:31:43','2017-11-01 04:31:43',88),(75,'2017-11-01 05:23:37','2017-11-01 05:23:37',89),(76,'2017-11-01 05:28:10','2017-11-01 05:28:10',90),(77,'2017-11-01 05:31:40','2017-11-01 05:31:40',91),(78,'2017-11-01 06:03:53','2017-11-01 06:03:53',92),(79,'2017-11-01 07:29:22','2017-11-01 07:29:22',93),(80,'2017-11-01 08:13:13','2017-11-01 08:13:13',94),(81,'2017-11-01 10:19:19','2017-11-01 10:19:19',95),(82,'2017-11-01 10:45:19','2017-11-01 10:45:19',96),(83,'2017-11-02 02:18:19','2017-11-02 02:18:19',97),(84,'2017-11-02 04:08:05','2017-11-02 04:08:05',98),(85,'2017-11-02 08:28:53','2017-11-02 08:28:53',99),(86,'2017-11-02 09:46:04','2017-11-02 09:46:04',100),(87,'2017-11-02 10:24:34','2017-11-02 10:24:34',101),(88,'2017-11-02 11:04:55','2017-11-02 11:04:55',102),(89,'2017-11-02 11:47:43','2017-11-02 11:47:43',103),(90,'2017-11-02 12:06:59','2017-11-02 12:06:59',104),(91,'2017-11-02 12:09:15','2017-11-02 12:09:15',105),(92,'2017-11-02 12:09:33','2017-11-02 12:09:33',106),(93,'2017-11-02 13:59:12','2017-11-02 13:59:12',107),(94,'2017-11-02 15:03:48','2017-11-02 15:03:48',108),(95,'2017-11-02 15:30:18','2017-11-02 15:30:18',109),(96,'2017-11-02 15:52:25','2017-11-02 15:52:25',110),(97,'2017-11-02 16:23:44','2017-11-02 16:23:44',111),(98,'2017-11-03 02:40:33','2017-11-03 02:40:33',112),(99,'2017-11-03 02:56:02','2017-11-03 02:56:02',113),(100,'2017-11-03 02:59:12','2017-11-03 02:59:12',114),(101,'2017-11-03 03:46:52','2017-11-03 03:46:52',115),(102,'2017-11-03 04:25:04','2017-11-03 04:25:04',116),(103,'2017-11-03 04:31:27','2017-11-03 04:31:27',117),(104,'2017-11-03 04:35:11','2017-11-03 04:35:11',118),(105,'2017-11-03 04:37:31','2017-11-03 04:37:31',119),(106,'2017-11-03 08:20:16','2017-11-03 08:20:16',120),(107,'2017-11-03 09:42:51','2017-11-03 09:42:51',121),(108,'2017-11-03 09:43:48','2017-11-03 09:43:48',122),(109,'2017-11-03 10:27:39','2017-11-03 10:27:39',123),(110,'2017-11-03 10:29:48','2017-11-03 10:29:48',124),(111,'2017-11-03 10:48:41','2017-11-03 10:48:41',125),(112,'2017-11-03 11:08:30','2017-11-03 11:08:30',126),(113,'2017-11-03 12:55:41','2017-11-03 12:55:41',127),(114,'2017-11-05 03:22:58','2017-11-05 03:22:58',128),(115,'2017-11-05 14:45:09','2017-11-05 14:45:09',129),(116,'2017-11-06 00:14:27','2017-11-06 00:14:27',130),(117,'2017-11-06 01:09:16','2017-11-06 01:09:16',131),(118,'2017-11-06 01:42:46','2017-11-06 01:42:46',132),(119,'2017-11-06 01:52:45','2017-11-06 01:52:45',133),(120,'2017-11-06 02:15:56','2017-11-06 02:15:56',134),(121,'2017-11-06 02:25:50','2017-11-06 02:25:50',135),(122,'2017-11-06 02:27:23','2017-11-06 02:27:23',136),(123,'2017-11-06 04:14:59','2017-11-06 04:14:59',137),(124,'2017-11-06 07:02:15','2017-11-06 07:02:15',138),(125,'2017-11-06 07:27:06','2017-11-06 07:27:06',139),(126,'2017-11-06 07:41:13','2017-11-06 07:41:13',140),(127,'2017-11-06 08:06:14','2017-11-06 08:06:14',141),(128,'2017-11-06 08:06:30','2017-11-06 08:06:30',142),(129,'2017-11-06 10:17:09','2017-11-06 10:17:09',143),(130,'2017-11-06 10:59:16','2017-11-06 10:59:16',144),(131,'2017-11-06 13:46:13','2017-11-06 13:46:13',145),(132,'2017-11-06 23:05:36','2017-11-06 23:05:36',146),(133,'2017-11-07 00:04:01','2017-11-07 00:04:01',147),(134,'2017-11-07 02:10:39','2017-11-07 02:10:39',148),(135,'2017-11-07 03:08:34','2017-11-07 03:08:34',149),(136,'2017-11-07 03:11:50','2017-11-07 03:11:50',150),(137,'2017-11-07 04:21:30','2017-11-07 04:21:30',151),(138,'2017-11-07 04:49:23','2017-11-07 04:49:23',152),(139,'2017-11-07 06:34:19','2017-11-07 06:34:19',153),(140,'2017-11-07 07:33:53','2017-11-07 07:33:53',154),(141,'2017-11-07 07:46:04','2017-11-07 07:46:04',155),(142,'2017-11-07 11:13:01','2017-11-07 11:13:01',156),(143,'2017-11-08 00:42:33','2017-11-08 00:42:33',157),(144,'2017-11-08 01:51:50','2017-11-08 01:51:50',158),(145,'2017-11-08 02:17:50','2017-11-08 02:17:50',159),(146,'2017-11-08 04:42:50','2017-11-08 04:42:50',160),(147,'2017-11-08 04:45:42','2017-11-08 04:45:42',161),(148,'2017-11-09 02:20:36','2017-11-09 02:20:36',162),(149,'2017-11-09 02:31:23','2017-11-09 02:31:23',163),(150,'2017-11-09 02:31:31','2017-11-09 02:31:31',164),(151,'2017-11-09 02:49:32','2017-11-09 02:49:32',165),(152,'2017-11-09 02:52:21','2017-11-09 02:52:21',166),(153,'2017-11-09 03:00:18','2017-11-09 03:00:18',167),(154,'2017-11-09 03:05:42','2017-11-09 03:05:42',168),(155,'2017-11-09 03:27:09','2017-11-09 03:27:09',169),(156,'2017-11-09 03:37:45','2017-11-09 03:37:45',170),(157,'2017-11-09 03:41:42','2017-11-09 03:41:42',171),(158,'2017-11-09 04:04:37','2017-11-09 04:04:37',172),(159,'2017-11-09 04:22:43','2017-11-09 04:22:43',173),(160,'2017-11-09 04:24:27','2017-11-09 04:24:27',174),(161,'2017-11-09 06:18:00','2017-11-09 06:18:00',175),(162,'2017-11-09 07:01:22','2017-11-09 07:01:22',176),(163,'2017-11-09 07:29:51','2017-11-09 07:29:51',177),(164,'2017-11-09 07:47:59','2017-11-09 07:47:59',178),(165,'2017-11-09 08:33:22','2017-11-09 08:33:22',179),(166,'2017-11-09 11:06:08','2017-11-09 11:06:08',180),(167,'2017-11-10 02:10:25','2017-11-10 02:10:25',181),(168,'2017-11-10 02:13:26','2017-11-10 02:13:26',182),(169,'2017-11-10 02:14:36','2017-11-10 02:14:36',183),(170,'2017-11-10 02:19:42','2017-11-10 02:19:42',184),(171,'2017-11-10 02:30:05','2017-11-10 02:30:05',185),(172,'2017-11-10 02:36:29','2017-11-10 02:36:29',186),(173,'2017-11-10 07:46:24','2017-11-10 07:46:24',187),(174,'2017-11-10 08:28:09','2017-11-10 08:28:09',188),(175,'2017-11-10 10:25:01','2017-11-10 10:25:01',189),(176,'2017-11-10 10:59:12','2017-11-10 10:59:12',190),(177,'2017-11-10 11:24:40','2017-11-10 11:24:40',191),(180,'2017-11-10 11:36:08','2017-11-10 11:36:08',194),(181,'2017-11-10 12:06:48','2017-11-10 12:06:48',195),(182,'2017-11-10 12:30:49','2017-11-10 12:30:49',196);
/*!40000 ALTER TABLE `Carts` ENABLE KEYS */;
UNLOCK TABLES;

--
-- Table structure for table `Countries`
--

DROP TABLE IF EXISTS `Countries`;
/*!40101 SET @saved_cs_client     = @@character_set_client */;
/*!40101 SET character_set_client = utf8 */;
CREATE TABLE `Countries` (
  `id` int(11) NOT NULL AUTO_INCREMENT,
  `code` varchar(5) NOT NULL,
  `name` varchar(20) NOT NULL,
  `currencyCode` varchar(5) NOT NULL,
  `currencyDisplay` varchar(5) NOT NULL,
  `defaultLang` varchar(2) NOT NULL,
  `callingCode` varchar(5) DEFAULT NULL,
  `isActive` tinyint(1) DEFAULT '1',
  `companyName` varchar(50) NOT NULL,
  `companyRegistrationNumber` varchar(50) NOT NULL,
  `companyAddress` varchar(100) NOT NULL,
  `taxRate` int(11) DEFAULT '0',
  `taxName` varchar(20) NOT NULL DEFAULT 'GST',
  `includedTaxToProduct` tinyint(1) DEFAULT '1',
  `taxNumber` varchar(20) NOT NULL,
  `email` varchar(50) DEFAULT NULL,
  `phone` varchar(20) DEFAULT NULL,
  PRIMARY KEY (`id`),
  UNIQUE KEY `code` (`code`),
  UNIQUE KEY `name` (`name`),
  UNIQUE KEY `Countries_code_unique` (`code`),
  UNIQUE KEY `Countries_name_unique` (`name`)
) ENGINE=InnoDB AUTO_INCREMENT=9 DEFAULT CHARSET=utf8;
/*!40101 SET character_set_client = @saved_cs_client */;

--
-- Dumping data for table `Countries`
--

LOCK TABLES `Countries` WRITE;
/*!40000 ALTER TABLE `Countries` DISABLE KEYS */;
INSERT INTO `Countries` VALUES (1,'MYS','Malaysia','MYR','RM','en','60',1,'Shaves2u (M) Sdn. Bhd.','(1037174-T)','Level 18, Axiata Tower, No. 9, Jalan Stesen Sentral 5, Kuala Lumpur Sentral, 50470, KL, Malaysia.',6,'GST',1,'12334','help@shaves2u.com','+603 2262 2330'),(2,'HKG','Hong Kong','HKD','HKD','en','852',0,'Shaves2u Malaysia','xxx','yyy',5,'GST',1,'12334','kimtn129@gmail.com','+841659612968'),(3,'IND','India','INR','INR','en','91',0,'Shaves2u Malaysia','xxx','yyy',5,'GST',1,'12334','kimtn129@gmail.com','+841659612968'),(4,'THA','Thailand','THB','THB','en','66',0,'Shaves2u Malaysia','xxx','yyy',5,'GST',1,'12334','kimtn129@gmail.com','+841659612968'),(5,'PHL','Philippines','PHP','₱','en','63',0,'Shaves2u Malaysia','xxx','yyy',5,'GST',1,'12334','kimtn129@gmail.com','+841659612968'),(6,'IDN','Indonesia','IDR','IDR','en','62',0,'Shaves2u Indonesia','xxx','yyy',5,'GST',1,'12334','kimtn129@gmail.com','+841659612968'),(7,'SGP','Singapore','SGD','S$','en','65',1,'Shaves2u Singapore','xxx','Singapore address line 1, line 2. Singapore',7,'GST',1,'12334','kimtn129@gmail.com','++65 31630325'),(8,'KOR','대한민국','IDR','IDR','ko',NULL,0,'Shaves2u Korean','xxx','yyy',5,'GST',1,'12334','kimtn129@gmail.com','+841659612968');
/*!40000 ALTER TABLE `Countries` ENABLE KEYS */;
UNLOCK TABLES;

--
-- Table structure for table `DeliveryAddresses`
--

DROP TABLE IF EXISTS `DeliveryAddresses`;
/*!40101 SET @saved_cs_client     = @@character_set_client */;
/*!40101 SET character_set_client = utf8 */;
CREATE TABLE `DeliveryAddresses` (
  `id` int(11) NOT NULL AUTO_INCREMENT,
  `firstName` varchar(20) DEFAULT NULL,
  `lastName` varchar(30) DEFAULT NULL,
  `fullName` varchar(50) DEFAULT NULL,
  `contactNumber` varchar(30) DEFAULT NULL,
  `state` varchar(100) NOT NULL,
  `address` varchar(100) NOT NULL,
  `portalCode` varchar(10) NOT NULL,
  `city` varchar(50) NOT NULL,
  `company` varchar(50) DEFAULT NULL,
  `isRemoved` tinyint(1) DEFAULT '0',
  `createdAt` datetime NOT NULL,
  `updatedAt` datetime NOT NULL,
  `CountryId` int(11) DEFAULT NULL,
  `UserId` int(11) DEFAULT NULL,
  `SellerUserId` int(11) DEFAULT NULL,
  PRIMARY KEY (`id`),
  KEY `CountryId` (`CountryId`),
  KEY `UserId` (`UserId`),
  KEY `SellerUserId` (`SellerUserId`),
  CONSTRAINT `DeliveryAddresses_ibfk_1` FOREIGN KEY (`CountryId`) REFERENCES `Countries` (`id`) ON DELETE SET NULL ON UPDATE CASCADE,
  CONSTRAINT `DeliveryAddresses_ibfk_2` FOREIGN KEY (`UserId`) REFERENCES `Users` (`id`) ON DELETE SET NULL ON UPDATE CASCADE,
  CONSTRAINT `DeliveryAddresses_ibfk_3` FOREIGN KEY (`SellerUserId`) REFERENCES `SellerUsers` (`id`) ON DELETE SET NULL ON UPDATE CASCADE
) ENGINE=InnoDB AUTO_INCREMENT=299 DEFAULT CHARSET=utf8;
/*!40101 SET character_set_client = @saved_cs_client */;

--
-- Dumping data for table `DeliveryAddresses`
--

LOCK TABLES `DeliveryAddresses` WRITE;
/*!40000 ALTER TABLE `DeliveryAddresses` DISABLE KEYS */;
INSERT INTO `DeliveryAddresses` VALUES (1,'Kim','Thi',NULL,'+841659612968','Selangor','75 Kg Sg Ramal Luar','43000','Kajang',NULL,1,'2017-10-26 11:20:43','2017-10-31 11:05:47',1,1,NULL),(2,'ly','tran',NULL,'+60 123456789','Kelantan','123 Danang','50001','ád',NULL,1,'2017-10-26 12:13:17','2017-10-27 04:50:59',1,NULL,NULL),(5,'ly','tran',NULL,'+60 123456789','Negeri Sembilan','123 abc','5000','abc',NULL,1,'2017-10-26 15:23:10','2017-10-27 04:51:01',1,NULL,NULL),(6,'A','B',NULL,'+60 09876543','Kuala Lumpur','ABC','9999','DA Nang',NULL,0,'2017-10-26 16:19:12','2017-10-26 16:19:12',NULL,NULL,NULL),(7,'A','B',NULL,'+60 09876543','Kuala Lumpur','123 SG Kagmar','3000','da nang',NULL,0,'2017-10-27 02:12:30','2017-10-27 02:12:30',1,16,NULL),(8,'Johnny low','Johnny low',NULL,'123456789','Selangor','Jalan SS2,Raman Maluri','42000','Shah Alam',NULL,0,'2017-10-27 02:17:50','2017-10-27 02:17:50',1,NULL,NULL),(9,'GGgg','GGg',NULL,'+60 3727273737','Pulau Pinang','ngày 08','CJch','HDHBD',NULL,0,'2017-10-27 02:26:57','2017-10-27 02:26:57',1,16,NULL),(10,'a','a',NULL,'+60 123456789','Negeri Sembilan','adqwf','50011','asdawf ',NULL,0,'2017-10-27 02:28:41','2017-10-27 02:28:41',NULL,NULL,NULL),(11,'NG','NG',NULL,'+60 012132892374','Kuala Lumpur','123 SG Kagmar','2001','da nang',NULL,0,'2017-10-27 02:28:42','2017-10-27 02:28:42',1,15,NULL),(12,'test12e3','test12e3',NULL,'1234567890','Selangor','test123,test133','1234567','12344',NULL,0,'2017-10-27 03:10:24','2017-10-27 03:10:24',1,NULL,NULL),(13,'A','Nguyen',NULL,'+60 04030497548','Sarawak','123 SG Kagmar','5001','da nang',NULL,0,'2017-10-27 03:33:58','2017-10-27 07:07:33',1,20,NULL),(14,'A','CD',NULL,'+60 02342437984','Kuala Lumpur','123 SG Kagmar','20001','da nang',NULL,0,'2017-10-27 03:47:19','2017-10-27 03:47:19',1,20,NULL),(15,'a','a',NULL,'+60 123456789','Perak','a','12345','a',NULL,0,'2017-10-27 04:06:59','2017-10-27 04:06:59',1,NULL,NULL),(16,'b','b',NULL,'+60 987654321','Johor','b','98765','b',NULL,0,'2017-10-27 04:06:59','2017-10-27 04:06:59',1,NULL,NULL),(17,'a','a',NULL,'+60 123456789','Pahang','a','12345','a',NULL,0,'2017-10-27 04:09:57','2017-10-27 04:09:57',1,NULL,NULL),(18,'b','b',NULL,'+60 987654123','Sabah','b','98765','b',NULL,0,'2017-10-27 04:09:57','2017-10-27 04:09:57',1,NULL,NULL),(19,'a','a',NULL,'+60 123456789','Kuala Lumpur','a','12345','a',NULL,0,'2017-10-27 04:52:04','2017-10-28 08:05:19',1,NULL,NULL),(20,'b','b',NULL,'+60 12345','Pahang','b','12345','b',NULL,0,'2017-10-27 04:52:04','2017-10-28 11:29:32',1,NULL,NULL),(21,'Trggfgfff','Tgggggfffffgf',NULL,'+60 13345667767','Sarawak','Ghgff','Fggff','Ghgf',NULL,0,'2017-10-27 06:06:58','2017-10-27 06:06:58',1,NULL,NULL),(22,'Yuhg','Gvvfvv',NULL,'245667788886','Kuala Lumpur','Ggvfff','2456','Ghgfvg',NULL,0,'2017-10-27 06:07:56','2017-10-27 06:07:56',1,NULL,NULL),(23,'kim','thi',NULL,'+60 12312313','Kuala Lumpur','18 Khue My Dong 2','123123','da nang',NULL,0,'2017-10-27 06:44:08','2017-10-27 06:44:08',1,NULL,NULL),(24,'A','CD',NULL,'+60 0193836743','Kuala Lumpur','123 SG Kagmar','5001','Macau',NULL,0,'2017-10-27 06:47:08','2017-10-27 06:47:08',1,NULL,NULL),(25,'A','B',NULL,'+60 0987654321','Kuala Lumpur','145 Sahaa Lamn','P003','ha noi',NULL,0,'2017-10-27 07:03:27','2017-10-27 07:03:27',1,20,NULL),(26,'Aa','Bb',NULL,'+60 098766543','Johor','123 abc','20001','da nang',NULL,0,'2017-10-27 08:02:39','2017-10-27 08:02:39',1,23,NULL),(27,'kim','thi',NULL,'+60 12312313','Sabah','18 Khue My Dong 2','12312','da nang',NULL,1,'2017-10-27 09:10:53','2017-10-28 10:18:22',1,25,NULL),(28,'Mervin','Ng',NULL,'+60 12345678','Kuala Lumpur','1','59200','City',NULL,0,'2017-10-27 09:47:40','2017-10-27 09:47:40',1,NULL,NULL),(29,'ly','tran',NULL,'+60 1234567899','Negeri Sembilan','123 Danang','50001','a',NULL,0,'2017-10-28 02:23:54','2017-10-28 02:23:54',1,NULL,NULL),(30,'Lani','Park',NULL,'+57 870','Kedah','Dolor cum n','50001','Officia quo ',NULL,0,'2017-10-28 03:01:42','2017-10-28 03:01:42',1,NULL,NULL),(31,'Testing Saturday ',NULL,NULL,'698412568','Kedah','87, Galva blvd,Shanghai building','87096','Rusa',NULL,0,'2017-10-28 08:42:38','2017-10-28 08:42:38',1,NULL,NULL),(32,'Testing Saturday ','Testing Saturday ',NULL,'698412568','Kedah','90/12 jalan pasar,','90780','KL',NULL,0,'2017-10-28 08:42:38','2017-10-28 08:42:38',1,NULL,NULL),(33,'Justine  tester ','Justine  tester ',NULL,'369854785','Selangor','87, Galva blvd','87096','Rusa',NULL,0,'2017-10-28 08:44:03','2017-10-28 08:44:03',1,NULL,NULL),(34,'ABC','ABC',NULL,'09876541','Kuala Lumpur','123 bca','3000','da nang',NULL,0,'2017-10-28 08:56:28','2017-10-28 08:56:28',1,NULL,NULL),(35,'Nguyen Vu','Thap',NULL,'+60 123123123123333','Labuan','339 Huy Can','12345','Danang',NULL,0,'2017-10-28 09:00:22','2017-10-28 09:00:22',1,NULL,NULL),(36,'Username test','Username test',NULL,'698745896','Selangor','87, Galva blvd','87096','Rusa',NULL,0,'2017-10-28 09:31:53','2017-10-28 09:31:53',1,NULL,NULL),(37,'Hung','VT',NULL,'+60 41659612968','Sabah','hungvo@bonseyjaden.com','1234','Kajangqqqqq',NULL,0,'2017-10-28 10:23:35','2017-10-28 10:23:35',1,NULL,NULL),(38,'A','B',NULL,'+60 0193836743','Selangor','145 Sahaa Lamn','5001','da nang',NULL,0,'2017-10-28 11:13:35','2017-10-28 11:13:35',1,37,NULL),(39,'GG test','GG test',NULL,'123654789','Selangor','87, Galva blvd','87096','Rusa',NULL,0,'2017-10-28 11:38:37','2017-10-28 11:38:37',1,NULL,NULL),(40,'Yahoo','Weizi',NULL,'0123909749','Kuala Lumpur','45, Redwood Street','50300','KL',NULL,0,'2017-10-28 11:42:32','2017-10-28 11:43:23',1,NULL,NULL),(41,'mervin','mervin',NULL,'123456789','Selangor','Jalan SS2,Raman Maluri','42000','Shah Alam',NULL,0,'2017-10-28 12:02:36','2017-10-28 12:02:36',1,NULL,NULL),(42,'Mervin','Ng',NULL,'+60 1234567','Kuala Lumpur','jalan taman','59200','kl',NULL,1,'2017-10-28 12:51:09','2017-10-28 12:56:31',1,NULL,NULL),(43,'Praburaajan','Selvarajan',NULL,'+60 123082029','Kuala Lumpur','16.03, Menara MBMR','51200','Kuala Lumpur',NULL,0,'2017-10-28 16:29:13','2017-10-28 16:29:13',1,42,NULL),(44,'Mee','Lee',NULL,'+60 123456789','Kuala Lumpur','49/5 truong chi cuong','50001','Kuala Lumpur',NULL,0,'2017-10-29 04:25:21','2017-10-29 04:25:21',1,44,NULL),(45,'Jimmy','Tan',NULL,'+60 123456789','Pulau Pinang','Jalan Taman','12000','Negeri Sembilan',NULL,0,'2017-10-29 04:29:31','2017-10-29 04:29:31',1,45,NULL),(46,'Mee Lee','Mee Lee',NULL,'123456789','Selangor','49/5 truong chi cuong,','50001','Kuala Lumpur',NULL,0,'2017-10-29 04:29:50','2017-10-29 04:29:50',1,44,NULL),(47,'Ly Tran','Ly Tran',NULL,'123456789','Selangor','b,','12345','b',NULL,0,'2017-10-29 04:37:31','2017-10-29 04:37:31',1,NULL,NULL),(48,'Thao','Thao',NULL,'+60 123456789','Kedah','49/5 truong chi cuong','50001','Kuala Lumpur',NULL,0,'2017-10-29 04:43:25','2017-10-29 04:43:25',1,46,NULL),(49,'Thao Ly','Thao Ly',NULL,'123456789','Selangor','49/5 truonog chi cuong,','50001','kuala lumour',NULL,0,'2017-10-29 04:45:47','2017-10-29 04:45:47',1,46,NULL),(50,'abbbc','abbbc',NULL,'098765432','Kuala Lumpur','123 abbbc,','2001','da nang',NULL,0,'2017-10-29 07:21:59','2017-10-29 07:21:59',1,NULL,NULL),(51,'A','B',NULL,'+60 0193836743','Pulau Pinang','12 An duong vuong','5001','da nang',NULL,0,'2017-10-29 09:38:06','2017-10-29 09:38:06',1,48,NULL),(52,'quy','thi',NULL,'+65 12313233','Singapore','10 ho xuan huong','12312312','123',NULL,0,'2017-10-29 16:18:21','2017-11-10 10:25:01',7,189,NULL),(53,'Hung','VT',NULL,'+60 16596129','Sarawak','adadsd','01234','Da Nang',NULL,1,'2017-10-29 17:14:11','2017-10-31 11:05:50',1,1,NULL),(54,'Ly','tran',NULL,'+60 123456789','Negeri Sembilan','123','50001','Aut asperiores quae reprehenderit quo proident',NULL,0,'2017-10-30 01:17:45','2017-10-30 01:17:45',1,38,NULL),(55,'lytran','lytran',NULL,'123456789','Selangor','b,','12345','b',NULL,0,'2017-10-30 01:45:31','2017-10-30 01:45:31',1,NULL,NULL),(56,'quy','thi',NULL,'+60 12312321323','Kuala Lumpur','10 ho xuan huong','1231','123123',NULL,0,'2017-10-30 02:38:32','2017-10-30 02:38:32',1,49,NULL),(57,'A','B',NULL,'+60 09887654','Kuala Lumpur','123 bca','2000','da nang',NULL,0,'2017-10-30 02:55:36','2017-10-30 02:55:36',1,NULL,NULL),(58,'c','c',NULL,'+60 1022334455','Kuala Lumpur','c','33445','c',NULL,0,'2017-10-30 04:15:46','2017-10-30 04:15:46',1,NULL,NULL),(59,'Test weizi','Test weizi',NULL,'123456789','Selangor','87, Galva blvd','87096','Rusa Hati',NULL,0,'2017-10-30 06:36:10','2017-10-30 06:36:10',1,NULL,NULL),(60,'1234566','1234566',NULL,'1234567890','Selangor','test,tét','123464','test',NULL,0,'2017-10-30 08:27:42','2017-10-30 08:27:42',1,NULL,NULL),(61,'test123','test123',NULL,'123456789','Selangor','test123,test133','1234567','12344',NULL,0,'2017-10-30 10:12:30','2017-10-30 10:12:30',1,NULL,NULL),(62,'abc','abc',NULL,'+60 123456789','Kedah','123 Danang','50001','Kuala Lumpur',NULL,0,'2017-10-30 10:41:24','2017-10-30 10:41:24',1,NULL,NULL),(63,'Ly','Tran',NULL,'+65 12345689','Singapore','123 Danang','50001','danang',NULL,0,'2017-10-30 10:50:05','2017-10-30 10:50:05',7,NULL,NULL),(64,'A','B',NULL,'+60 0193836743','Kuala Lumpur','123 SG Kagmar','1000','da nang',NULL,0,'2017-10-30 14:30:06','2017-10-30 14:30:06',1,62,NULL),(65,'Ly','Tran',NULL,'+60 1235667','Kuala Lumpur','123','3281','Ahvd',NULL,0,'2017-10-30 14:36:41','2017-10-30 14:36:41',1,NULL,NULL),(66,'C','B',NULL,'+60 0987654321','Kuala Lumpur','12 An duong vuong','5001','Topur',NULL,0,'2017-10-30 14:36:47','2017-10-30 14:36:47',1,62,NULL),(67,'A','B',NULL,'+60 098765432','Kuala Lumpur','123 SG Kagmar','5001','Malay',NULL,0,'2017-10-30 14:44:24','2017-10-30 14:44:24',1,NULL,NULL),(68,'A','B',NULL,'+60 0987654333','Kuala Lumpur','123 SG Kagmar','2000','Da Nang',NULL,0,'2017-10-31 01:33:43','2017-10-31 01:33:43',1,NULL,NULL),(69,'A','B',NULL,'+60 0987654432','Kuala Lumpur','123 SG Kagmar','10000','Da Nang',NULL,0,'2017-10-31 02:22:15','2017-10-31 02:23:57',1,64,NULL),(70,'kim','thi',NULL,'+60 2324234234','Johor','18 Khue My Dong 2','123123','da nang',NULL,0,'2017-10-31 02:27:40','2017-10-31 02:31:19',1,67,NULL),(71,'Thap','Nguyen Vu',NULL,'+60 22222','Labuan','339 Huy Can','12345','Danang',NULL,0,'2017-10-31 02:32:51','2017-10-31 02:32:51',1,NULL,NULL),(72,'A','B',NULL,'+60 0987654332','Kuala Lumpur','123 bca','2001','Da nang',NULL,0,'2017-10-31 02:47:16','2017-10-31 02:47:16',1,NULL,NULL),(73,'A','B',NULL,'+60 098765432','Kuala Lumpur','123 SG Kagmar','2001','Da nang',NULL,0,'2017-10-31 03:13:27','2017-10-31 03:13:27',1,NULL,NULL),(74,'Ly','Tran',NULL,'+60 123456789','Johor','123 Danang','50001','a',NULL,0,'2017-10-31 03:53:25','2017-10-31 03:53:25',1,NULL,NULL),(75,'Ly','Ly',NULL,'+60 1234567890','Perak','123 Danang','50001','A',NULL,0,'2017-10-31 04:08:17','2017-10-31 04:09:04',1,70,NULL),(76,'A','B',NULL,'+60 0987654321','Selangor','123 SG Kagmar','5001','Topur',NULL,0,'2017-10-31 04:10:54','2017-10-31 04:12:13',1,69,NULL),(77,'Tester','Wzi',NULL,'+60 123948572','Melaka','123 Street','401234','Shah Alam',NULL,0,'2017-10-31 06:04:06','2017-10-31 06:59:36',1,78,NULL),(78,'A','B',NULL,'+60 0987654321','Kuala Lumpur','123 SG Kagmar','2001','da nang',NULL,0,'2017-10-31 06:46:59','2017-10-31 06:53:59',1,76,NULL),(79,'test','Chrome',NULL,'+60 123123123','Selangor','123 Avocado Street','12300','Shah Alam',NULL,0,'2017-10-31 06:49:06','2017-10-31 06:49:06',1,77,NULL),(80,'A','B',NULL,'+60 0987654431','Kuala Lumpur','123 SG Kagmar','5001','Da Nang',NULL,0,'2017-10-31 07:03:21','2017-10-31 07:03:43',1,76,NULL),(81,'A','B',NULL,'+60 0987654321','Kuala Lumpur','123 SG Kagmar','5001','Topur',NULL,0,'2017-10-31 07:09:34','2017-10-31 07:09:58',1,76,NULL),(82,'test089099','test089099',NULL,'1234567890','Selangor','test,tét2','12345678','tét',NULL,0,'2017-10-31 07:14:31','2017-10-31 07:14:31',1,79,NULL),(83,'A','B',NULL,'+60 0987654321','Kuala Lumpur','123 SG Kagmar','3444','Topur',NULL,0,'2017-10-31 07:39:49','2017-10-31 07:39:49',1,NULL,NULL),(84,'Ngoc','Nguyen',NULL,'+60 09274648553','Kuala Lumpur','12 An duong vuong','1000','Topur',NULL,0,'2017-10-31 07:42:05','2017-10-31 07:42:05',1,69,NULL),(85,'A','B',NULL,'+60 0193836743','Kuala Lumpur','123 SG Kagmar','2001','Da nang',NULL,0,'2017-10-31 07:47:42','2017-10-31 07:47:42',1,NULL,NULL),(86,'Mervin','Ng',NULL,'+60 123456789','Kuala Lumpur','1 Jalan Syed Putra, Taman Seputeh','59200','Kuala Lumpur',NULL,0,'2017-10-31 07:54:02','2017-10-31 07:54:02',1,80,NULL),(87,'Mervin','Ng',NULL,'+60 123456789','Kuala Lumpur','1 Jalan Syed Putra, Taman Seputeh','59200','Kuala Lumpur',NULL,0,'2017-10-31 08:01:21','2017-10-31 08:01:21',1,NULL,NULL),(88,'A','B',NULL,'+60 0987654321','Kuala Lumpur','123 SG Kagmar','2001','Topur',NULL,0,'2017-10-31 09:19:57','2017-11-01 01:45:23',1,62,NULL),(89,'a','a',NULL,'+60 133466879','Negeri Sembilan','a','5001','a',NULL,0,'2017-10-31 09:58:36','2017-10-31 09:58:36',1,NULL,NULL),(90,'A','B',NULL,'+60 098765544','Kuala Lumpur','123 abcd','20001','Da nang',NULL,0,'2017-10-31 10:05:27','2017-10-31 10:05:27',1,NULL,NULL),(91,'a','a',NULL,'+60 123','Kuala Lumpur','a','123','123',NULL,0,'2017-10-31 10:49:40','2017-10-31 10:49:40',1,NULL,NULL),(92,'Thi','Thi Nhuoc',NULL,'+60 1111111111111111','Terengganu','339 Huy Can','12345','Danang',NULL,1,'2017-10-31 11:06:09','2017-10-31 11:13:05',1,1,NULL),(93,'Thi','Thi Nhuoc',NULL,'+60 22222','Kelantan','339 Huy Can','12345','Danang',NULL,1,'2017-10-31 11:13:19','2017-10-31 11:14:24',1,1,NULL),(94,'Thi111111','Thi Nhuoc',NULL,'+60 +60 123','Perlis','339 Huy Can','12345','Danang',NULL,1,'2017-10-31 11:13:19','2017-10-31 11:14:18',1,1,NULL),(95,'Thi','Thi Nhuoc',NULL,'+60 123123123123333','Melaka','339 Huy Can','12345','Danang',NULL,1,'2017-10-31 11:14:52','2017-10-31 11:15:14',1,1,NULL),(96,'Thi222222','Thi Nhuoc',NULL,'+60 22222','Pahang','339 Huy Can','12345','Danang',NULL,0,'2017-10-31 11:14:52','2017-10-31 11:14:52',1,1,NULL),(97,'Helen','Tong',NULL,'+60 321645987','Sarawak','5 Jalan SS5','850740','Petaling Jaya',NULL,0,'2017-10-31 11:23:52','2017-10-31 11:23:52',1,80,NULL),(98,'Tester mailinator','Tester mailinator',NULL,'0123457698','Selangor','23 jalan 123,','60000','One city',NULL,0,'2017-11-01 01:56:26','2017-11-01 01:56:26',1,85,NULL),(99,'ly','tran',NULL,'+60 1234567890','Pulau Pinang','49/5 truong chi cuong','50001','Kuala Lumpur',NULL,1,'2017-11-01 03:04:40','2017-11-01 04:32:01',1,8,NULL),(100,'A','B',NULL,'+60 0193836743','Kuala Lumpur','12 An duong vuong','5001','Topur',NULL,0,'2017-11-01 04:24:21','2017-11-01 04:24:21',1,87,NULL),(101,'ly','tran',NULL,'+60 123456789','Pulau Pinang','42 abc','50001','dn',NULL,0,'2017-11-01 04:32:44','2017-11-01 04:50:49',1,8,NULL),(102,'ly','tran',NULL,'+60 987654321','Kuala Lumpur','598 abc','1005','kl',NULL,0,'2017-11-01 04:32:44','2017-11-01 04:50:54',1,8,NULL),(103,'abu','bakar',NULL,'+60 1022334455','Kuala Lumpur','street','53000','town',NULL,0,'2017-11-01 04:54:34','2017-11-01 04:54:34',1,NULL,NULL),(104,'bla','blaabsla',NULL,'+60 426782657843','Kuala Lumpur','blabdlab','53000','sdgjk',NULL,0,'2017-11-01 05:22:32','2017-11-01 05:23:37',1,89,NULL),(105,'Audrey','Lee',NULL,'+60 166689420','Selangor','SS5D/10','47301','Petaling Jaya',NULL,0,'2017-11-01 05:27:03','2017-11-01 05:28:10',1,90,NULL),(106,'Hoo','Jang Shuo',NULL,'+60 126941728','Kuala Lumpur','17 Jalan UP1B Taman Ukay Prima Saujana Melawati','53100','Kuala Lumpur',NULL,0,'2017-11-01 05:35:10','2017-11-01 05:35:10',1,91,NULL),(107,'Lan','Nguyen',NULL,'+60 0987654321','Kuala Lumpur','123 SG Kagmar','5001','Topur',NULL,1,'2017-11-01 06:39:10','2017-11-01 07:52:40',1,7,NULL),(108,'A','B',NULL,'+60 098876545','Kuala Lumpur','123 SG Kagmar','2000','Da Nang',NULL,0,'2017-11-01 07:01:57','2017-11-01 07:01:57',1,7,NULL),(109,'Ngoc','Nguyen',NULL,'+60 0193836743','Kuala Lumpur','123 SG Kagmar','5001','Topur',NULL,0,'2017-11-01 07:06:36','2017-11-01 08:43:53',1,7,NULL),(110,'Lan','Nguyen',NULL,'+60 0987654321','Kuala Lumpur','123 SG Kagmar','5001','Macala',NULL,0,'2017-11-01 07:07:35','2017-11-01 07:07:35',1,7,NULL),(111,'Chuan','Chuan',NULL,'+60 1022334455','Kuala Lumpur','Street','10000','Town',NULL,1,'2017-11-01 07:28:22','2017-11-01 07:34:44',1,93,NULL),(112,'chuan','chuan',NULL,'+60 1022334455','kl','add','10000','town',NULL,1,'2017-11-01 07:35:57','2017-11-03 06:12:55',2,93,NULL),(113,'c','c',NULL,'+undefined 1022334455','kl','address','10000','Taipei',NULL,1,'2017-11-01 07:36:18','2017-11-03 03:35:52',2,93,NULL),(114,'c','c',NULL,'+undefined 1022334455','Taiwan','address','10000','Taipei',NULL,1,'2017-11-01 07:36:37','2017-11-03 03:35:54',2,93,NULL),(115,'A','CD',NULL,'+60 0193836743','Kuala Lumpur','12 An duong vuong','5001','Topur',NULL,0,'2017-11-01 07:46:45','2017-11-01 08:43:43',1,7,NULL),(116,'A','B',NULL,'+60 0193836743','Kuala Lumpur','123 SG Kagmar','5001','Malay',NULL,0,'2017-11-01 08:11:42','2017-11-01 08:13:13',1,94,NULL),(117,'A','B',NULL,'+60 0987653413','Kuala Lumpur','123 SG Kagmar','5001','Topur',NULL,0,'2017-11-01 09:08:41','2017-11-01 09:11:44',1,87,NULL),(118,'A','B',NULL,'+60 0193836743','Kuala Lumpur','123 SG Kagmar','2001','Topur',NULL,0,'2017-11-01 10:27:28','2017-11-01 10:27:28',1,95,NULL),(119,'abb','abb',NULL,'0987654321','Kuala Lumpur','122abc,','2001','kuala lumpur',NULL,0,'2017-11-01 10:45:19','2017-11-01 10:45:19',1,96,NULL),(120,'abbc','abbc',NULL,'0987654321','Selangor','122abc,','2001','kuala lumpur',NULL,0,'2017-11-01 10:48:13','2017-11-01 10:48:13',1,96,NULL),(121,'abbc','abbc',NULL,'0987654321','Selangor','122abc,','2001','kuala lumpur',NULL,0,'2017-11-01 10:48:20','2017-11-01 10:48:20',1,96,NULL),(122,'abbc','abbc',NULL,'0987654321','Selangor','122abc,','2001','kuala lumpur',NULL,0,'2017-11-01 10:49:21','2017-11-01 10:49:21',1,96,NULL),(123,'abbc','abbc',NULL,'0987654321','Selangor','122abc,','2001','kuala lumpur',NULL,0,'2017-11-01 10:50:00','2017-11-01 10:50:00',1,96,NULL),(124,'abbc','abbc',NULL,'0987654321','Selangor','122abc,','2001','kuala lumpur',NULL,0,'2017-11-01 10:53:12','2017-11-01 10:53:12',1,96,NULL),(125,'Ly','Tran',NULL,'+60 935123456','Kuala Lumpur','124 nguyen thi dinh','50001','Danang',NULL,0,'2017-11-02 02:21:30','2017-11-02 02:21:30',1,97,NULL),(126,'Thap','Nguyen Vu',NULL,'+60 123123123123333','Terengganu','339 Huy Can','12345','Danang',NULL,1,'2017-11-02 03:01:33','2017-11-10 11:33:50',1,5,NULL),(127,'124tty','124tty',NULL,'12345644664','Selangor','test,tét2','12345678','tét',NULL,0,'2017-11-02 03:23:35','2017-11-02 03:23:35',1,79,NULL),(128,'Ngoc','Nguyen',NULL,'+60 0193836743','Kuala Lumpur','12 An duong vuong','5001','Topur',NULL,0,'2017-11-02 04:07:06','2017-11-02 04:08:05',1,98,NULL),(129,'A','B',NULL,'+60 098765432','Kuala Lumpur','123 SG Kagmar','2001','Da Nang',NULL,0,'2017-11-02 09:01:16','2017-11-02 09:01:16',1,95,NULL),(130,'ly','tran',NULL,'+60 1234567890','Pulau Pinang','49/5 truong chi cuong','50001','KL',NULL,0,'2017-11-02 11:03:31','2017-11-02 11:03:54',1,97,NULL),(131,'A','B',NULL,'+60 0193836743','Kuala Lumpur','123 SG Kagmar','5001','Topur',NULL,0,'2017-11-02 11:04:51','2017-11-02 11:04:51',1,NULL,NULL),(132,'a','a',NULL,'+60 123456789','Pulau Pinang','a','50001','a',NULL,0,'2017-11-02 11:26:53','2017-11-02 11:26:53',1,NULL,NULL),(133,'b','b',NULL,'+60 321654987','Perlis','b','2005','b',NULL,0,'2017-11-02 11:26:53','2017-11-02 11:26:53',1,NULL,NULL),(134,'Zac','Lim',NULL,'+60 2846d82yq','Kuala Lumpur','123 street','50000','Shah alam',NULL,0,'2017-11-02 11:50:04','2017-11-02 11:50:04',1,103,NULL),(135,'A','Nguyen',NULL,'+60 0193836743','Kuala Lumpur','123 SG Kagmar','5001','Topur',NULL,0,'2017-11-02 12:10:56','2017-11-02 12:11:41',1,105,NULL),(136,'test111','test111',NULL,'123456789','Selangor','test,tét2','12345678','tét',NULL,0,'2017-11-02 13:50:27','2017-11-02 13:50:27',1,79,NULL),(137,'test1234','test1234',NULL,'1234567890','Selangor','test,tét2','12345678','tét',NULL,0,'2017-11-02 13:53:00','2017-11-02 13:53:00',1,79,NULL),(138,'12345','12345',NULL,'1234567890','Selangor','test,tét2','12345678','tét',NULL,0,'2017-11-02 14:02:35','2017-11-02 14:02:35',1,79,NULL),(139,'w56qq','w56qq',NULL,'1234567890123','Selangor','test,tét2','12345678','tét',NULL,0,'2017-11-02 14:03:48','2017-11-02 14:03:48',1,79,NULL),(140,'Mervin','Ng',NULL,'+60 123456789','Kuala Lumpur','1 Jalan Syed Putra','58000','Kuala Lumpur',NULL,0,'2017-11-02 15:17:35','2017-11-02 15:17:56',1,80,NULL),(141,'kimthi','kimthi',NULL,'165348846','Selangor','75 Kg Sg Ramal Luar,jdjdjdjdd','43000','Kajang',NULL,0,'2017-11-02 15:33:24','2017-11-02 15:33:24',1,1,NULL),(142,'kim thi','kim thi',NULL,'656494958','Selangor','75 Kg Sg Ramal Luar,jdjdjdjdd','43000','Kajang',NULL,0,'2017-11-02 16:21:47','2017-11-02 16:21:47',1,1,NULL),(143,'shloma','ashok',NULL,'+60 123456789','Kuala Lumpur','1, Jalan SS10, Taman ABC','42000','Petaling Jaya',NULL,0,'2017-11-02 16:23:23','2017-11-02 16:23:44',1,111,NULL),(144,'abbb','abbb',NULL,'0987654321','Kuala Lumpur','122 abbc,','2001','da nang',NULL,0,'2017-11-02 23:51:59','2017-11-02 23:51:59',1,95,NULL),(145,'abbc','abbc',NULL,'0987654321','Selangor','122 abbc,','2001','da nang',NULL,0,'2017-11-03 01:20:59','2017-11-03 01:20:59',1,95,NULL),(146,'test1223','test1223',NULL,'123456789','Selangor','test123,234','12345679','da nang',NULL,0,'2017-11-03 01:33:31','2017-11-03 01:33:31',1,35,NULL),(147,'Chuan','Chuan',NULL,'+60 1022334455','Kuala Lumpur','Street','10000','Town',NULL,0,'2017-11-03 02:04:52','2017-11-03 02:04:52',1,NULL,NULL),(148,'A','B',NULL,'+60 0193836743','Kuala Lumpur','123 SG Kagmar','5001','da nang',NULL,0,'2017-11-03 02:34:25','2017-11-03 02:40:33',1,112,NULL),(149,'Phan','My',NULL,'+60 12345567','Kuala Lumpur','Ong Ich Khiem','0236','Kuala Lumpur ',NULL,0,'2017-11-03 02:43:22','2017-11-03 02:43:22',1,NULL,NULL),(150,'Lan','Nguyen',NULL,'+60 0193836743','Kuala Lumpur','123 SG Kagmar','5001','Topur',NULL,0,'2017-11-03 02:58:37','2017-11-03 02:59:12',1,114,NULL),(151,'Zac','Lim',NULL,'+60 2346712144514','Perak','Address 2','7000','Ipoh',NULL,0,'2017-11-03 03:08:24','2017-11-03 03:08:24',1,103,NULL),(152,'Mommy','Lim',NULL,'+60 123456789','Negeri Sembilan','address 4','70000','Seremban',NULL,0,'2017-11-03 03:08:56','2017-11-03 03:08:56',1,103,NULL),(153,'A','B',NULL,'+60 0193836743','Kuala Lumpur','123 SG Kagmar','5001','Topur',NULL,0,'2017-11-03 03:27:48','2017-11-03 03:29:31',1,113,NULL),(154,'chuan','chuan',NULL,'+60 1022334455','Kuala Lumpur','street','10000','town',NULL,1,'2017-11-03 03:33:59','2017-11-03 03:36:03',1,93,NULL),(155,'test1234','test1234',NULL,'1234567890','Selangor','test123,234','12345679','da nang',NULL,0,'2017-11-03 03:36:07','2017-11-03 03:36:07',1,35,NULL),(156,'Lan','Nguyen',NULL,'+60 0193836743','Sarawak','123 SG Kagmar','5001','Topur',NULL,0,'2017-11-03 03:46:00','2017-11-03 03:46:52',1,115,NULL),(157,'abbc','abbc',NULL,'098765432','Selangor','122 abbc,','2001','da nang',NULL,0,'2017-11-03 03:49:31','2017-11-03 03:49:31',1,95,NULL),(158,'abbc','abbc',NULL,'0987654321','Selangor','122 abbc,','2001','da nang',NULL,0,'2017-11-03 03:52:08','2017-11-03 03:52:08',1,95,NULL),(159,'abbc','abbc',NULL,'0987654321','Selangor','122 abbc,','2001','da nang',NULL,0,'2017-11-03 04:00:38','2017-11-03 04:00:38',1,95,NULL),(160,'test','test',NULL,'1234567890','Selangor','test,tét2','12345678','tét',NULL,0,'2017-11-03 04:09:00','2017-11-03 04:09:00',1,79,NULL),(161,'test111','test111',NULL,'1234567890','Selangor','test,tét2','12345678','tét',NULL,0,'2017-11-03 04:17:49','2017-11-03 04:17:49',1,79,NULL),(162,'tester','lty',NULL,'+60 125322325','Kuala Lumpur','Jalan Loke Yew 123','23077','kl',NULL,0,'2017-11-03 04:32:07','2017-11-03 04:35:11',1,118,NULL),(163,'test111','test111',NULL,'123456789','Selangor','test,tét2','12345678','tét',NULL,0,'2017-11-03 04:40:07','2017-11-03 04:40:07',1,79,NULL),(164,'test','lty',NULL,'+60 1729304957','Selangor','45, Jalan Gembira 13/20X','40000','Setia Alam',NULL,0,'2017-11-03 05:36:22','2017-11-03 05:37:12',1,118,NULL),(165,'11','11',NULL,'+60 1223456789876543','Kuala Lumpur','11','11111','11',NULL,0,'2017-11-03 05:47:38','2017-11-03 06:13:44',1,118,NULL),(166,'Tester BA app','Tester BA app',NULL,'3164972134','Selangor','123 jalan look yew,Menara abc','40000','Simpang pulai',NULL,0,'2017-11-03 05:54:24','2017-11-03 05:54:24',1,118,NULL),(167,'Tester BA app 03','Tester BA app 03',NULL,'639854705','Selangor','123 jalan look yew,Menara abc','40000','Simpang pulai',NULL,0,'2017-11-03 06:08:45','2017-11-03 06:08:45',1,118,NULL),(168,'chuan','chuan',NULL,'+60 1022334455','Kuala Lumpur','Street','10000','town',NULL,1,'2017-11-03 06:16:05','2017-11-06 07:47:28',1,93,NULL),(169,'abbc','abbc',NULL,'0987654321','Selangor','122 abbc,','2001','da nang',NULL,0,'2017-11-03 06:44:05','2017-11-03 06:44:05',1,95,NULL),(170,'test234','test234',NULL,'1234567890','Selangor','test,tét2','12345678','tét',NULL,0,'2017-11-03 07:03:24','2017-11-03 07:03:24',1,79,NULL),(171,'test123','test123',NULL,'123456789','Selangor','test123,234','12345679','da nang',NULL,0,'2017-11-03 07:15:05','2017-11-03 07:15:05',1,35,NULL),(172,'test tran ','test tran ',NULL,'1234567890','Selangor','test123,234','12345679','da nang',NULL,0,'2017-11-03 07:20:00','2017-11-03 07:20:00',1,35,NULL),(173,'abb','abb',NULL,'0987654321','Selangor','122 abbc,','2001','da nang',NULL,0,'2017-11-03 07:23:02','2017-11-03 07:23:02',1,95,NULL),(174,'11','11',NULL,'+60 111111111','Kuala Lumpur','1111','111111','1111',NULL,0,'2017-11-03 07:39:25','2017-11-03 11:13:39',1,118,NULL),(175,'mervin','mervin',NULL,'123456789','Selangor','1 Jalan Syed Putra,','52100','Selangor',NULL,0,'2017-11-03 09:10:39','2017-11-03 09:10:39',1,80,NULL),(176,'A','B',NULL,'+60 0193836743','Johor','123 SG Kagmar','5001','Topur',NULL,0,'2017-11-03 09:31:52','2017-11-03 09:43:48',1,122,NULL),(177,'Phan','My',NULL,'+60 123456789','Perak','56 Chu manh trinh ','1234','Pe Nang',NULL,1,'2017-11-03 10:04:11','2017-11-06 10:19:09',1,121,NULL),(178,'testqqqq','testqqqq',NULL,'1234564879','Selangor','test,tét2','123456','tét',NULL,0,'2017-11-03 10:24:22','2017-11-03 10:24:22',1,79,NULL),(179,'Dinesh','Sanjay',NULL,'+60 166841234','Selangor','B308 Cameron Tower Condo','46000','Petaling Jaya',NULL,0,'2017-11-03 11:06:18','2017-11-03 11:08:30',1,126,NULL),(180,'S','S',NULL,'+60 166841234','Selangor','B308 Cameron Tower Condo','46000','Petaling Jaya',NULL,0,'2017-11-03 11:14:10','2017-11-03 11:14:10',1,NULL,NULL),(181,'lty','lim',NULL,'+60 0998765431','Pulau Pinang','Jalan 123','40000','Georgetown',NULL,0,'2017-11-03 11:45:56','2017-11-03 11:47:59',1,118,NULL),(182,'Mom\'s home','for dad',NULL,'+60 928374621','Kuala Lumpur','Jalan ABC','50000','Shah alam',NULL,0,'2017-11-03 11:45:56','2017-11-03 11:45:56',1,NULL,NULL),(183,'Zoe','Chua',NULL,'+60 129384928','Pulau Pinang','123 Jalan 8','029174','KAY ELLE',NULL,0,'2017-11-03 12:54:15','2017-11-03 12:54:15',1,NULL,NULL),(184,'test','1pay88',NULL,'+60 1233456712','Kuala Lumpur','Jalan ipay88','30000','Township',NULL,0,'2017-11-04 01:48:38','2017-11-06 13:53:21',1,118,NULL),(185,'Daniel','Posavac',NULL,'+65 81487345','Singapore','19 Carpenter St, Level 2','059908','Singapore',NULL,0,'2017-11-05 03:25:22','2017-11-05 03:25:22',7,128,NULL),(186,'Daniel','Posavac',NULL,'+60 123345557','Kuala Lumpur','Level 2, 19 Carpenter St ','51100 ','Kuala Lumpur',NULL,0,'2017-11-05 04:03:33','2017-11-05 04:04:30',1,128,NULL),(187,'Daryl','Chan',NULL,'+60 6056628','Kuala Lumpur','Level 18, Axiata Tower','50470','KL Sentral',NULL,0,'2017-11-06 01:11:41','2017-11-06 01:11:41',1,131,NULL),(188,'Gudhdh','Klkjkljd',NULL,'+60 122111111','Selangor','12 ldijjdl','45222','PJ',NULL,0,'2017-11-06 01:42:04','2017-11-06 01:42:46',1,132,NULL),(189,'klksadj','kdkjajsd',NULL,'+60 1233304994','Kuala Lumpur','12 ;kdkfsdkfj','432','chers',NULL,0,'2017-11-06 01:48:18','2017-11-06 01:52:45',1,133,NULL),(190,'ab','ab',NULL,'+60 162306955','Kuala Lumpur','abc','57000','KL',NULL,1,'2017-11-06 02:11:19','2017-11-06 13:11:32',1,NULL,NULL),(191,'Shssn','Jdjdjd',NULL,'+60 166841234','Selangor','B308 Cameron Tower Condo','46000','Petaling Jaya',NULL,0,'2017-11-06 02:15:23','2017-11-06 02:15:56',1,134,NULL),(192,'A','B',NULL,'+60 0987654332','Kuala Lumpur','123 SG Kagmar','5001','Topur',NULL,0,'2017-11-06 04:14:12','2017-11-06 04:49:58',1,137,NULL),(193,'A','B',NULL,'+60 0193836743','Kuala Lumpur','12 An duong vuong','5001','Topur',NULL,0,'2017-11-06 04:18:39','2017-11-06 04:50:12',1,137,NULL),(194,'Chuan','Chuan',NULL,'+60 1022334455','Kuala Lumpur','add','10000','town',NULL,1,'2017-11-06 05:03:32','2017-11-06 07:47:20',1,93,NULL),(195,'Hsh','Ndndn',NULL,'+60 0163222777','Kuala Lumpur','Snsnks','56','Ndndnd',NULL,0,'2017-11-06 07:26:00','2017-11-06 07:27:06',1,139,NULL),(196,'Ly','Tran',NULL,'+60 1245678865','Kuala Lumpur','12345','34675','Kl',NULL,0,'2017-11-06 07:40:35','2017-11-06 07:41:13',1,140,NULL),(197,'first','last',NULL,'+60 1022334455','Kuala Lumpur','address','10000','town',NULL,0,'2017-11-06 07:45:08','2017-11-06 07:45:08',1,NULL,NULL),(198,'first','chuan',NULL,'+60 0102233445','Kuala Lumpur','address','10000','town',NULL,0,'2017-11-06 07:47:55','2017-11-06 07:47:55',1,93,NULL),(199,'A','B',NULL,'+60 0193836743','Sarawak','123 SG Kagmar','5001','Topur',NULL,0,'2017-11-06 08:05:35','2017-11-06 08:06:30',1,142,NULL),(200,'sjdncwd','sdcwdwc',NULL,'+60 166841234','Kuala Lumpur','123 John street','46000','jaya jata',NULL,0,'2017-11-06 08:05:50','2017-11-06 08:06:14',1,141,NULL),(201,'A','B',NULL,'+60 0193836743','Kuala Lumpur','123 SG Kagmar','5001','Topur',NULL,0,'2017-11-06 08:07:38','2017-11-06 08:08:19',1,142,NULL),(202,'A','B',NULL,'+60 0987665543','Kuala Lumpur','123 abcde','2001','Da Nang',NULL,0,'2017-11-06 08:43:42','2017-11-06 08:44:42',1,142,NULL),(203,'bdao','y',NULL,'+60 56696','Kuala Lumpur','YEN BAI','tiu6o6806','hfgmnm',NULL,0,'2017-11-06 09:28:58','2017-11-08 01:51:50',1,158,NULL),(204,'A','B',NULL,'+60 0987654321','Kuala Lumpur','123 SG Kagmar','5001','Topur',NULL,0,'2017-11-06 10:18:50','2017-11-06 10:18:50',1,NULL,NULL),(205,'AB','CD',NULL,'+60 0193836743','Kuala Lumpur','12 An duong vuong','P003','Topur',NULL,0,'2017-11-06 10:18:50','2017-11-06 10:18:50',1,NULL,NULL),(206,'Phan','My',NULL,'+65 1687155665','Singapore','Chu Manh Trinh ','1233','penang',NULL,0,'2017-11-06 10:20:45','2017-11-06 10:20:45',7,121,NULL),(207,'A','B',NULL,'+60 0193836743','Kuala Lumpur','123 SG Kagmar','5001','Topur',NULL,0,'2017-11-06 10:53:36','2017-11-06 10:57:59',1,105,NULL),(208,'A','B',NULL,'+60 0193836743','Kuala Lumpur','12 An duong vuong','5001','Topur',NULL,0,'2017-11-06 11:02:19','2017-11-06 11:02:19',1,NULL,NULL),(209,'A','B',NULL,'+60 0193836743','Kuala Lumpur','12 An duong vuong','5001','Topur',NULL,0,'2017-11-06 11:27:06','2017-11-06 11:27:29',1,105,NULL),(210,'Lan','Nguyen',NULL,'+60 0193836743','Kuala Lumpur','123 SG Kagmar','5001','Macau',NULL,0,'2017-11-06 11:27:06','2017-11-06 11:27:06',1,NULL,NULL),(211,'Weikhern','Neo',NULL,'+60 01623069','Kuala Lumpur','A','8','Kl',NULL,0,'2017-11-06 11:30:23','2017-11-06 11:30:23',1,NULL,NULL),(212,'Alan Tham','Alan Tham',NULL,'153486789','Selangor','1 Jalan Syed Putra,','52100','Selangor',NULL,0,'2017-11-06 11:42:09','2017-11-06 11:42:09',1,80,NULL),(213,'Wei Khern','Khern',NULL,'+60 162306955','Kuala Lumpur','12, abc, def','57000','KL',NULL,0,'2017-11-06 13:13:54','2017-11-06 13:15:50',1,92,NULL),(214,'wei ','neo',NULL,'+60 162306955','Kuala Lumpur','abc','57000','KL',NULL,0,'2017-11-06 13:18:19','2017-11-06 13:19:53',1,92,NULL),(215,'Jdjdj','Hshshsh',NULL,'+60 166841234','Selangor','B308 Cameron Tower Condo','46000','Petaling Jaya',NULL,0,'2017-11-06 23:05:06','2017-11-06 23:05:36',1,146,NULL),(216,'133','133',NULL,'133556889','Selangor','test,tét2','12322','tét',NULL,0,'2017-11-07 03:09:27','2017-11-07 03:09:27',1,79,NULL),(217,'Dinesh','Sanjay',NULL,'+60 166841234','Kuala Lumpur','B308 Puncak Nusa Kelana','46000','Petaling Jaya',NULL,0,'2017-11-07 06:34:43','2017-11-07 06:34:43',1,153,NULL),(218,'test','lim',NULL,'+60 1298472023','Selangor','ABC street','40001','petaling jaya',NULL,0,'2017-11-07 06:48:15','2017-11-07 07:33:53',1,154,NULL),(219,'Bdao','Y',NULL,'+60 986574747','Kuala Lumpur','Kuala Lumpur','00758','Kuala Lumpur',NULL,1,'2017-11-07 07:41:27','2017-11-08 08:22:12',1,152,NULL),(220,'Lan','Nguyen',NULL,'+60 0193836743','Kuala Lumpur','123 SG Kagmar','2001','Topur',NULL,0,'2017-11-07 07:46:48','2017-11-07 07:46:48',1,155,NULL),(221,'Lan','Nguyen',NULL,'+60 0193836743','Kuala Lumpur','123 SG Kagmar','P003','Topur',NULL,0,'2017-11-07 07:46:48','2017-11-07 07:46:48',1,155,NULL),(222,'Bdao','Y',NULL,'+60 98708908797','Kuala Lumpur','Kuala','6547','Lumpur',NULL,1,'2017-11-07 07:55:54','2017-11-08 08:22:10',1,152,NULL),(223,'bdao','y',NULL,'+60 87978076','Kuala Lumpur','kula','6457648','Kuala Lumpur',NULL,1,'2017-11-07 07:57:10','2017-11-08 08:22:15',1,152,NULL),(224,'James ','Greaves',NULL,'+60 122878754','Kuala Lumpur','2 Jalan Kota, Bukit Ledang ','50480','Kuala Lumpur ',NULL,0,'2017-11-07 08:04:13','2017-11-07 08:04:13',1,NULL,NULL),(225,'Emily','Goh',NULL,'+60 12345678','Kuala Lumpur','D10-02','47301','Petaling Jaya',NULL,0,'2017-11-07 09:27:02','2017-11-07 09:27:02',1,138,NULL),(226,'A','B',NULL,'+60 0193836743','Kuala Lumpur','123 SG Kagmar','5001','Topur',NULL,0,'2017-11-07 10:44:13','2017-11-07 10:44:13',1,NULL,NULL),(227,'Hung','VT',NULL,'+65 +8416596129','Singapore','adadsd','01234','Da Nang',NULL,0,'2017-11-07 18:39:53','2017-11-07 18:39:53',7,NULL,NULL),(228,'Wei Khern','Neo',NULL,'+60 162306955','Kuala Lumpur','abc','57000','KL',NULL,0,'2017-11-08 00:27:54','2017-11-08 00:30:08',1,156,NULL),(229,'wei khern','neo',NULL,'+60 162306955','Kuala Lumpur','abc','57000','KL',NULL,0,'2017-11-08 00:37:04','2017-11-08 00:40:20',1,156,NULL),(230,'i7iu','ủutiri',NULL,'+60 6457548','Kuala Lumpur','iuikykkur','tiiri','45854',NULL,1,'2017-11-08 01:59:55','2017-11-08 08:22:17',1,152,NULL),(231,'Bdao','y',NULL,'+60 6878098','Kuala Lumpur','dgfdh','567879','gjhkgh',NULL,1,'2017-11-08 02:17:32','2017-11-08 08:22:19',1,152,NULL),(232,'A','B',NULL,'+60 0193836743','Kuala Lumpur','123 SG Kagmar','5001','Topur',NULL,0,'2017-11-08 04:45:52','2017-11-08 04:45:52',1,161,NULL),(233,'bdao','y',NULL,'+60 769870780606','Kuala Lumpur','gfdh','7986706','jhgkgh',NULL,1,'2017-11-08 07:07:38','2017-11-08 08:22:23',1,152,NULL),(234,'Bdao','Y',NULL,'+60 6870606','Kuala Lumpur','fhgfjd','87976','gkjk',NULL,1,'2017-11-08 08:25:10','2017-11-08 08:28:44',1,152,NULL),(235,'Bdao','Y',NULL,'+60 6586797','Kuala Lumpur','uyirit','7967086','tyyir',NULL,1,'2017-11-08 08:28:32','2017-11-08 08:28:40',1,152,NULL),(236,'Bdao','Y',NULL,'+60 6856957805','Kuala Lumpur','ghfjfkf','686894','kjglgj',NULL,1,'2017-11-08 08:30:02','2017-11-09 07:22:33',1,152,NULL),(237,'john','doe',NULL,'+60 123456789','Kuala Lumpur','1','52100','1',NULL,0,'2017-11-08 11:10:56','2017-11-08 11:10:56',1,NULL,NULL),(238,'test','test',NULL,'+60 123456','Kuala Lumpur','test','234567','teste',NULL,0,'2017-11-08 11:25:48','2017-11-08 11:25:48',1,NULL,NULL),(239,'kim','asdasd',NULL,'+60 12312313','Kuala Lumpur','kim6@mailinator.com','123','da nang',NULL,0,'2017-11-08 11:29:59','2017-11-08 11:29:59',1,NULL,NULL),(240,'ew','ew',NULL,'+60 1234','Kuala Lumpur','ew','345','ewa',NULL,0,'2017-11-08 15:27:03','2017-11-08 15:27:03',1,NULL,NULL),(241,'Lan','Nguyen',NULL,'+60 0987654322','Kuala Lumpur','123 SG Kagmar','2001','Topur',NULL,0,'2017-11-09 02:32:02','2017-11-09 02:32:02',1,163,NULL),(242,'test@gmail.','test@gmail.',NULL,'1234567890','Selangor','test,tét2','123225','tét',NULL,0,'2017-11-09 03:07:46','2017-11-09 03:07:46',1,79,NULL),(243,'pm','pm',NULL,'1323423443','Selangor','dévssdgx,jhgfbdsazZSXDFG','12333','DCSXXDCFVG',NULL,0,'2017-11-09 03:23:32','2017-11-09 03:23:32',1,150,NULL),(244,'A','B',NULL,'+60 01928346499','Kuala Lumpur','145 Sahaa Lamn','2001','Topur',NULL,0,'2017-11-09 03:39:24','2017-11-09 03:39:24',1,163,NULL),(245,'Lan','Nguyen',NULL,'+60 0193836743','Kuala Lumpur','123 SG Kagmar','5001','Malay',NULL,1,'2017-11-09 04:03:51','2017-11-09 08:58:48',1,172,NULL),(246,'AB','CD',NULL,'+60 0193836743','Kuala Lumpur','12 An duong vuong','5001','Topur',NULL,1,'2017-11-09 04:08:01','2017-11-09 04:34:22',1,172,NULL),(247,'CD','AB',NULL,'+60 0193836743','Kuala Lumpur','145 Sahaa Lamn','5001','Macala',NULL,0,'2017-11-09 04:08:01','2017-11-09 04:08:01',1,NULL,NULL),(248,'test','test',NULL,'1234564879','Selangor','test123,234','123456','da nang',NULL,0,'2017-11-09 04:09:13','2017-11-09 04:09:13',1,35,NULL),(249,'test111','test111',NULL,'1234567890','Selangor','test123,234','123456','da nang',NULL,0,'2017-11-09 04:11:32','2017-11-09 04:11:32',1,35,NULL),(250,'A','B',NULL,'+60 0193836743','Kuala Lumpur','123 SG Kagmar','5001','Macau',NULL,0,'2017-11-09 04:23:26','2017-11-09 04:23:26',1,173,NULL),(251,'A','B',NULL,'+60 0987654321','Kuala Lumpur','123 SG Kagmar tuaan','5001','Topur',NULL,0,'2017-11-09 04:23:26','2017-11-09 04:23:26',1,173,NULL),(252,'Ngoc','Lan',NULL,'+60 098765643','Kuala Lumpur','123 SG Kagmar tuaan','5001','Macau',NULL,0,'2017-11-09 04:27:08','2017-11-09 04:27:08',1,173,NULL),(253,'Test','Test',NULL,'123456789','Selangor','123 jalan look yew,Menara abc','40000','Simpang pulai',NULL,0,'2017-11-09 05:28:57','2017-11-09 05:28:57',1,118,NULL),(254,'test','Tester',NULL,'+60 412345345','Kuala Lumpur','123','1300','123',NULL,0,'2017-11-09 05:31:42','2017-11-09 05:32:18',1,118,NULL),(255,'Bdao','Y',NULL,'+60 6759870989077','Kuala Lumpur','Da Nang','890','Da Nang',NULL,0,'2017-11-09 07:23:51','2017-11-09 07:23:51',1,152,NULL),(256,'Lan','Nguyen',NULL,'+60 0193836743','Kuala Lumpur','123 SG Kagmar','5001','Topur',NULL,0,'2017-11-09 07:29:46','2017-11-09 07:29:51',1,177,NULL),(257,'Lan','Nguyen',NULL,'+60 0193836743','Kuala Lumpur','123 SG Kagmar','5001','Macau',NULL,0,'2017-11-09 07:48:13','2017-11-09 07:48:13',1,178,NULL),(258,'Lan','Nguyen',NULL,'+60 0193836743','Kuala Lumpur','123 SG Kagmar','5001','Topur',NULL,0,'2017-11-09 07:52:51','2017-11-09 07:53:13',1,178,NULL),(259,'Lan','Nguyen',NULL,'+60 0193836743','Kuala Lumpur','12 An duong vuong','5001','Topur',NULL,0,'2017-11-09 08:07:25','2017-11-09 08:11:15',1,178,NULL),(260,'A','B',NULL,'+60 0193836743','Kuala Lumpur','123 SG Kagmar','5001','Topur',NULL,0,'2017-11-09 08:13:17','2017-11-09 08:13:17',1,NULL,NULL),(261,'Lan','Ngoc',NULL,'+60 0193836743','Kuala Lumpur','123 SG Kagmar','5001','Topur',NULL,0,'2017-11-09 08:30:09','2017-11-09 08:30:09',1,172,NULL),(262,'Bdao','Y',NULL,'+60 Gửi gu ko','Kuala Lumpur','Ghê ko','Ditij','Khi ít ét j',NULL,0,'2017-11-09 09:01:51','2017-11-09 09:01:51',1,152,NULL),(263,'A','B',NULL,'+60 12323444556','Kuala Lumpur','123 abc','20001','Da Nang',NULL,0,'2017-11-09 09:32:45','2017-11-09 09:32:45',1,NULL,NULL),(264,'A','B',NULL,'+60 0987654342','Kuala Lumpur','123 SG Kagmar','20001','Topur',NULL,0,'2017-11-09 09:49:30','2017-11-09 09:49:30',1,NULL,NULL),(265,'Nguyễn','Ngọc',NULL,'+60 023802978463','Kuala Lumpur','123 SG Kagmar','20001','Topur',NULL,0,'2017-11-09 09:53:01','2017-11-09 09:53:01',1,30,NULL),(266,'Nguyễn','Ngọc',NULL,'+60 023829479','Kuala Lumpur','12 An duong vuong','30000','Topur',NULL,0,'2017-11-09 09:53:01','2017-11-09 09:53:01',1,30,NULL),(267,'Hos','Tester',NULL,'+60 423456789','Kuala Lumpur','test street','40000','Langkawi',NULL,0,'2017-11-09 11:05:47','2017-11-09 11:06:08',1,180,NULL),(268,'George','Michael',NULL,'+60 123456789','Kuala Lumpur','1 Jalan Syed Putra','58000','Kuala Lumpur',NULL,0,'2017-11-09 12:41:35','2017-11-09 12:41:35',1,NULL,NULL),(269,'a','aa',NULL,'+60 123456789','Kuala Lumpur','a','57000','KL',NULL,0,'2017-11-10 00:22:52','2017-11-10 00:24:02',1,156,NULL),(270,'test tran minh','test tran minh',NULL,'1234567890','Selangor','test,tét2','123225','tét',NULL,0,'2017-11-10 01:55:24','2017-11-10 01:55:24',1,79,NULL),(271,'Ngoc','Lan',NULL,'+60 0193182987','Kuala Lumpur','123 SG Kagmar','50001','Topur',NULL,0,'2017-11-10 02:09:26','2017-11-10 02:10:25',1,181,NULL),(272,'John','Doe',NULL,'+60 123456789','Kuala Lumpur','1 Jalan Syed Putra','58000','Kuala Lumpur',NULL,0,'2017-11-10 02:14:47','2017-11-10 02:14:47',1,183,NULL),(273,'Lan','Nguyen',NULL,'+60 09876235654','Kuala Lumpur','123 SG Kagmar','50001','Topur',NULL,0,'2017-11-10 02:21:10','2017-11-10 02:21:10',1,184,NULL),(274,'12','34',NULL,'+60 0193836743','Kuala Lumpur','145 Sahaa Lamn','50001','Topur',NULL,0,'2017-11-10 02:24:10','2017-11-10 02:24:10',1,184,NULL),(275,'Nguyen Vu','Nguyen Vu',NULL,'+60 1111111111111111','Kuala Lumpur','339 Huy Can','12345','Danang',NULL,0,'2017-11-10 02:32:17','2017-11-10 02:32:17',1,NULL,NULL),(276,'Nguyen Vu','Nguyen Vu',NULL,'+60 22222123123','Kuala Lumpur','339 Huy Can','12345','Danang',NULL,0,'2017-11-10 02:34:26','2017-11-10 02:34:26',1,NULL,NULL),(277,'Thap','Nguyen Vu',NULL,'+60 123123123123333','Kuala Lumpur','339 Huy Can','12345','Danang',NULL,0,'2017-11-10 02:36:36','2017-11-10 02:36:36',1,186,NULL),(278,'Lan','Nguyen',NULL,'+60 0193836743','Kuala Lumpur','123 SG Kagmar','PC001','Topur',NULL,0,'2017-11-10 02:43:03','2017-11-10 03:35:51',1,172,NULL),(279,'A','B',NULL,'0978768757','Kuala Lumpur','123abc','10000','da nang',NULL,0,'2017-11-10 03:31:50','2017-11-10 03:31:50',1,NULL,NULL),(280,'A','B',NULL,'+60 0987654443','Kuala Lumpur','123 bca','20011','da nang',NULL,1,'2017-11-10 03:47:33','2017-11-10 10:08:12',1,172,NULL),(281,'test lan tran','test lan tran',NULL,'231645246162','Singapore','test123,234','123456','da nang',NULL,0,'2017-11-10 07:31:07','2017-11-10 07:31:07',1,35,NULL),(282,'Lan','Nguyen',NULL,'+60 0193836743','Kuala Lumpur','123 SG Kagmar','50001','Topur',NULL,0,'2017-11-10 08:23:48','2017-11-10 08:41:25',1,172,NULL),(283,'Bdao','y',NULL,'+65 4658769870','Singapore','dgf','687066','hfdhgf',NULL,0,'2017-11-10 08:24:48','2017-11-10 08:28:09',7,188,NULL),(284,'Bdao','Y',NULL,'+65 9495096567654','Singapore','DGFDHGFH','6576787','JHJF',NULL,0,'2017-11-10 08:29:11','2017-11-10 08:29:58',7,188,NULL),(285,'dgdf','hhgf',NULL,'+60 65876978796','Kuala Lumpur','hgfj','54658476','ghjh',NULL,0,'2017-11-10 08:31:05','2017-11-10 08:33:57',1,152,NULL),(286,'Lan','Nguyen',NULL,'+60 03284733678','Kuala Lumpur','123 SG Kagmar','20000','Topur',NULL,1,'2017-11-10 09:51:13','2017-11-10 10:08:07',1,172,NULL),(287,'Lan','Nguyen',NULL,'+60 39084397534795','Kuala Lumpur','123 SG Kagmar','50010','Topur',NULL,0,'2017-11-10 09:53:37','2017-11-10 10:58:01',1,172,NULL),(288,NULL,NULL,NULL,NULL,'Singapore','hungvo@bonseyjaden.com','12343','Kajangqqqqq',NULL,0,'2017-11-10 10:18:28','2017-11-10 10:18:28',7,43,NULL),(289,'Phan My ','Phan My ',NULL,'1423434456','Selangor','dévssdgx,jhgfbdsazZSXDFG','12333','DCSXXDCFVG',NULL,0,'2017-11-10 10:57:45','2017-11-10 10:57:45',1,150,NULL),(290,'soso','test',NULL,'+65 1234213456','Singapore','Happy Street','12345','PJ',NULL,0,'2017-11-10 10:58:29','2017-11-10 10:59:12',7,190,NULL),(291,'Nguyen Vu','Thap',NULL,'+60 123123123123333','Kuala Lumpur','339 Huy Can','12345','Danang',NULL,0,'2017-11-10 11:00:40','2017-11-10 11:24:40',1,191,NULL),(292,'A','B',NULL,'+60 09100217936','Kuala Lumpur','12 An duong vuong','20000','Topur',NULL,0,'2017-11-10 11:28:45','2017-11-10 11:29:22',1,184,NULL),(293,NULL,NULL,NULL,NULL,'Singapore','18 Khue My Dong 2','123123','da nang',NULL,0,'2017-11-10 11:36:08','2017-11-10 11:36:08',7,194,NULL),(294,'test111','test111',NULL,'12345645464','Singapore','test,','123456','test',NULL,0,'2017-11-10 12:06:48','2017-11-10 12:06:48',1,195,NULL),(295,'Yasmin Ahmad','Yasmin Ahmad',NULL,'3645789054','Singapore','123, Jalan Bahagia,Semangat','36987','SINGAPORE',NULL,0,'2017-11-10 12:30:49','2017-11-10 12:30:49',1,196,NULL),(296,'Soso','Soso',NULL,'123456789','Singapore','Jalan lama,','36985','Macau',NULL,0,'2017-11-10 13:55:17','2017-11-10 13:55:17',1,190,NULL),(297,'Mervin','Ng',NULL,'+65 888888888','Singapore','1 Jalan Syed Putra','58000','Kuala Lumpur',NULL,0,'2017-11-10 14:40:18','2017-11-10 14:40:49',7,80,NULL),(298,'Mervin','Ng',NULL,'+60 123456789','Kuala Lumpur','1 Jalan Syed Putra','58000','Kuala Lumpur',NULL,0,'2017-11-10 14:53:36','2017-11-10 14:54:42',1,80,NULL);
/*!40000 ALTER TABLE `DeliveryAddresses` ENABLE KEYS */;
UNLOCK TABLES;

--
-- Table structure for table `DirectoryCountries`
--

DROP TABLE IF EXISTS `DirectoryCountries`;
/*!40101 SET @saved_cs_client     = @@character_set_client */;
/*!40101 SET character_set_client = utf8 */;
CREATE TABLE `DirectoryCountries` (
  `id` int(11) NOT NULL AUTO_INCREMENT,
  `code` varchar(5) NOT NULL,
  `codeIso2` varchar(5) NOT NULL,
  `name` varchar(50) NOT NULL,
  `nativeName` varchar(50) NOT NULL,
  `currencyCode` varchar(5) NOT NULL,
  `languageCode` varchar(2) NOT NULL,
  `flag` text,
  `callingCode` varchar(5) DEFAULT NULL,
  PRIMARY KEY (`id`),
  UNIQUE KEY `code` (`code`),
  UNIQUE KEY `DirectoryCountries_code_unique` (`code`)
) ENGINE=InnoDB AUTO_INCREMENT=246 DEFAULT CHARSET=utf8;
/*!40101 SET character_set_client = @saved_cs_client */;

--
-- Dumping data for table `DirectoryCountries`
--

LOCK TABLES `DirectoryCountries` WRITE;
/*!40000 ALTER TABLE `DirectoryCountries` DISABLE KEYS */;
INSERT INTO `DirectoryCountries` VALUES (1,'AFG','AF','Afghanistan','افغانستان','AFN','ps','https://restcountries.eu/data/afg.svg','93'),(2,'ALA','AX','Åland Islands','Åland','EUR','sv','https://restcountries.eu/data/ala.svg','358'),(3,'ALB','AL','Albania','Shqipëria','ALL','sq','https://restcountries.eu/data/alb.svg','355'),(4,'DZA','DZ','Algeria','الجزائر','DZD','ar','https://restcountries.eu/data/dza.svg','213'),(5,'ASM','AS','American Samoa','American Samoa','USD','en','https://restcountries.eu/data/asm.svg','1684'),(6,'AND','AD','Andorra','Andorra','EUR','ca','https://restcountries.eu/data/and.svg','376'),(7,'AGO','AO','Angola','Angola','AOA','pt','https://restcountries.eu/data/ago.svg','244'),(8,'AIA','AI','Anguilla','Anguilla','XCD','en','https://restcountries.eu/data/aia.svg','1264'),(9,'ATA','AQ','Antarctica','Antarctica','AUD','en','https://restcountries.eu/data/ata.svg','672'),(10,'ATG','AG','Antigua and Barbuda','Antigua and Barbuda','XCD','en','https://restcountries.eu/data/atg.svg','1268'),(11,'ARG','AR','Argentina','Argentina','ARS','es','https://restcountries.eu/data/arg.svg','54'),(12,'ARM','AM','Armenia','Հայաստան','AMD','hy','https://restcountries.eu/data/arm.svg','374'),(13,'ABW','AW','Aruba','Aruba','AWG','nl','https://restcountries.eu/data/abw.svg','297'),(14,'AUS','AU','Australia','Australia','AUD','en','https://restcountries.eu/data/aus.svg','61'),(15,'AUT','AT','Austria','Österreich','EUR','de','https://restcountries.eu/data/aut.svg','43'),(16,'AZE','AZ','Azerbaijan','Azərbaycan','AZN','az','https://restcountries.eu/data/aze.svg','994'),(17,'BHS','BS','Bahamas','Bahamas','BSD','en','https://restcountries.eu/data/bhs.svg','1242'),(18,'BHR','BH','Bahrain','‏البحرين','BHD','ar','https://restcountries.eu/data/bhr.svg','973'),(19,'BGD','BD','Bangladesh','Bangladesh','BDT','bn','https://restcountries.eu/data/bgd.svg','880'),(20,'BRB','BB','Barbados','Barbados','BBD','en','https://restcountries.eu/data/brb.svg','1246'),(21,'BLR','BY','Belarus','Белару́сь','BYN','be','https://restcountries.eu/data/blr.svg','375'),(22,'BEL','BE','Belgium','België','EUR','nl','https://restcountries.eu/data/bel.svg','32'),(23,'BLZ','BZ','Belize','Belize','BZD','en','https://restcountries.eu/data/blz.svg','501'),(24,'BEN','BJ','Benin','Bénin','XOF','fr','https://restcountries.eu/data/ben.svg','229'),(25,'BMU','BM','Bermuda','Bermuda','BMD','en','https://restcountries.eu/data/bmu.svg','1441'),(26,'BTN','BT','Bhutan','ʼbrug-yul','BTN','dz','https://restcountries.eu/data/btn.svg','975'),(27,'BOL','BO','Bolivia (Plurinational State of)','Bolivia','BOB','es','https://restcountries.eu/data/bol.svg','591'),(28,'BES','BQ','Bonaire, Sint Eustatius and Saba','Bonaire','USD','nl','https://restcountries.eu/data/bes.svg','5997'),(29,'BIH','BA','Bosnia and Herzegovina','Bosna i Hercegovina','BAM','bs','https://restcountries.eu/data/bih.svg','387'),(30,'BWA','BW','Botswana','Botswana','BWP','en','https://restcountries.eu/data/bwa.svg','267'),(31,'BVT','BV','Bouvet Island','Bouvetøya','NOK','no','https://restcountries.eu/data/bvt.svg',''),(32,'BRA','BR','Brazil','Brasil','BRL','pt','https://restcountries.eu/data/bra.svg','55'),(33,'IOT','IO','British Indian Ocean Territory','British Indian Ocean Territory','USD','en','https://restcountries.eu/data/iot.svg','246'),(34,'UMI','UM','United States Minor Outlying Islands','United States Minor Outlying Islands','USD','en','https://restcountries.eu/data/umi.svg',''),(35,'VIR','VI','Virgin Islands (U.S.)','Virgin Islands of the United States','USD','en','https://restcountries.eu/data/vir.svg','1 340'),(36,'BRN','BN','Brunei Darussalam','Negara Brunei Darussalam','BND','ms','https://restcountries.eu/data/brn.svg','673'),(37,'BGR','BG','Bulgaria','България','BGN','bg','https://restcountries.eu/data/bgr.svg','359'),(38,'BFA','BF','Burkina Faso','Burkina Faso','XOF','fr','https://restcountries.eu/data/bfa.svg','226'),(39,'BDI','BI','Burundi','Burundi','BIF','fr','https://restcountries.eu/data/bdi.svg','257'),(40,'KHM','KH','Cambodia','Kâmpŭchéa','KHR','km','https://restcountries.eu/data/khm.svg','855'),(41,'CMR','CM','Cameroon','Cameroon','XAF','en','https://restcountries.eu/data/cmr.svg','237'),(42,'CAN','CA','Canada','Canada','CAD','en','https://restcountries.eu/data/can.svg','1'),(43,'CPV','CV','Cabo Verde','Cabo Verde','CVE','pt','https://restcountries.eu/data/cpv.svg','238'),(44,'CYM','KY','Cayman Islands','Cayman Islands','KYD','en','https://restcountries.eu/data/cym.svg','1345'),(45,'CAF','CF','Central African Republic','Ködörösêse tî Bêafrîka','XAF','fr','https://restcountries.eu/data/caf.svg','236'),(46,'TCD','TD','Chad','Tchad','XAF','fr','https://restcountries.eu/data/tcd.svg','235'),(47,'CHL','CL','Chile','Chile','CLP','es','https://restcountries.eu/data/chl.svg','56'),(48,'CHN','CN','China','中国','CNY','zh','https://restcountries.eu/data/chn.svg','86'),(49,'CXR','CX','Christmas Island','Christmas Island','AUD','en','https://restcountries.eu/data/cxr.svg','61'),(50,'CCK','CC','Cocos (Keeling) Islands','Cocos (Keeling) Islands','AUD','en','https://restcountries.eu/data/cck.svg','61'),(51,'COL','CO','Colombia','Colombia','COP','es','https://restcountries.eu/data/col.svg','57'),(52,'COM','KM','Comoros','Komori','KMF','ar','https://restcountries.eu/data/com.svg','269'),(53,'COG','CG','Congo','République du Congo','XAF','fr','https://restcountries.eu/data/cog.svg','242'),(54,'COD','CD','Congo (Democratic Republic of the)','République démocratique du Congo','CDF','fr','https://restcountries.eu/data/cod.svg','243'),(55,'COK','CK','Cook Islands','Cook Islands','NZD','en','https://restcountries.eu/data/cok.svg','682'),(56,'CRI','CR','Costa Rica','Costa Rica','CRC','es','https://restcountries.eu/data/cri.svg','506'),(57,'HRV','HR','Croatia','Hrvatska','HRK','hr','https://restcountries.eu/data/hrv.svg','385'),(58,'CUB','CU','Cuba','Cuba','CUC','es','https://restcountries.eu/data/cub.svg','53'),(59,'CUW','CW','Curaçao','Curaçao','ANG','nl','https://restcountries.eu/data/cuw.svg','599'),(60,'CYP','CY','Cyprus','Κύπρος','EUR','el','https://restcountries.eu/data/cyp.svg','357'),(61,'CZE','CZ','Czech Republic','Česká republika','CZK','cs','https://restcountries.eu/data/cze.svg','420'),(62,'DNK','DK','Denmark','Danmark','DKK','da','https://restcountries.eu/data/dnk.svg','45'),(63,'DJI','DJ','Djibouti','Djibouti','DJF','fr','https://restcountries.eu/data/dji.svg','253'),(64,'DMA','DM','Dominica','Dominica','XCD','en','https://restcountries.eu/data/dma.svg','1767'),(65,'DOM','DO','Dominican Republic','República Dominicana','DOP','es','https://restcountries.eu/data/dom.svg','1809'),(66,'ECU','EC','Ecuador','Ecuador','USD','es','https://restcountries.eu/data/ecu.svg','593'),(67,'EGY','EG','Egypt','مصر‎','EGP','ar','https://restcountries.eu/data/egy.svg','20'),(68,'SLV','SV','El Salvador','El Salvador','USD','es','https://restcountries.eu/data/slv.svg','503'),(69,'GNQ','GQ','Equatorial Guinea','Guinea Ecuatorial','XAF','es','https://restcountries.eu/data/gnq.svg','240'),(70,'ERI','ER','Eritrea','ኤርትራ','ERN','ti','https://restcountries.eu/data/eri.svg','291'),(71,'EST','EE','Estonia','Eesti','EUR','et','https://restcountries.eu/data/est.svg','372'),(72,'ETH','ET','Ethiopia','ኢትዮጵያ','ETB','am','https://restcountries.eu/data/eth.svg','251'),(73,'FLK','FK','Falkland Islands (Malvinas)','Falkland Islands','FKP','en','https://restcountries.eu/data/flk.svg','500'),(74,'FRO','FO','Faroe Islands','Føroyar','DKK','fo','https://restcountries.eu/data/fro.svg','298'),(75,'FJI','FJ','Fiji','Fiji','FJD','en','https://restcountries.eu/data/fji.svg','679'),(76,'FIN','FI','Finland','Suomi','EUR','fi','https://restcountries.eu/data/fin.svg','358'),(77,'FRA','FR','France','France','EUR','fr','https://restcountries.eu/data/fra.svg','33'),(78,'GUF','GF','French Guiana','Guyane française','EUR','fr','https://restcountries.eu/data/guf.svg','594'),(79,'PYF','PF','French Polynesia','Polynésie française','XPF','fr','https://restcountries.eu/data/pyf.svg','689'),(80,'GAB','GA','Gabon','Gabon','XAF','fr','https://restcountries.eu/data/gab.svg','241'),(81,'GMB','GM','Gambia','Gambia','GMD','en','https://restcountries.eu/data/gmb.svg','220'),(82,'GEO','GE','Georgia','საქართველო','GEL','ka','https://restcountries.eu/data/geo.svg','995'),(83,'DEU','DE','Germany','Deutschland','EUR','de','https://restcountries.eu/data/deu.svg','49'),(84,'GHA','GH','Ghana','Ghana','GHS','en','https://restcountries.eu/data/gha.svg','233'),(85,'GIB','GI','Gibraltar','Gibraltar','GIP','en','https://restcountries.eu/data/gib.svg','350'),(86,'GRC','GR','Greece','Ελλάδα','EUR','el','https://restcountries.eu/data/grc.svg','30'),(87,'GRL','GL','Greenland','Kalaallit Nunaat','DKK','kl','https://restcountries.eu/data/grl.svg','299'),(88,'GRD','GD','Grenada','Grenada','XCD','en','https://restcountries.eu/data/grd.svg','1473'),(89,'GLP','GP','Guadeloupe','Guadeloupe','EUR','fr','https://restcountries.eu/data/glp.svg','590'),(90,'GUM','GU','Guam','Guam','USD','en','https://restcountries.eu/data/gum.svg','1671'),(91,'GTM','GT','Guatemala','Guatemala','GTQ','es','https://restcountries.eu/data/gtm.svg','502'),(92,'GGY','GG','Guernsey','Guernsey','GBP','en','https://restcountries.eu/data/ggy.svg','44'),(93,'GIN','GN','Guinea','Guinée','GNF','fr','https://restcountries.eu/data/gin.svg','224'),(94,'GNB','GW','Guinea-Bissau','Guiné-Bissau','XOF','pt','https://restcountries.eu/data/gnb.svg','245'),(95,'GUY','GY','Guyana','Guyana','GYD','en','https://restcountries.eu/data/guy.svg','592'),(96,'HTI','HT','Haiti','Haïti','HTG','fr','https://restcountries.eu/data/hti.svg','509'),(97,'HMD','HM','Heard Island and McDonald Islands','Heard Island and McDonald Islands','AUD','en','https://restcountries.eu/data/hmd.svg',''),(98,'VAT','VA','Holy See','Sancta Sedes','EUR','la','https://restcountries.eu/data/vat.svg','379'),(99,'HND','HN','Honduras','Honduras','HNL','es','https://restcountries.eu/data/hnd.svg','504'),(100,'HKG','HK','Hong Kong','香港','HKD','en','https://restcountries.eu/data/hkg.svg','852'),(101,'HUN','HU','Hungary','Magyarország','HUF','hu','https://restcountries.eu/data/hun.svg','36'),(102,'ISL','IS','Iceland','Ísland','ISK','is','https://restcountries.eu/data/isl.svg','354'),(103,'IND','IN','India','भारत','INR','hi','https://restcountries.eu/data/ind.svg','91'),(104,'IDN','ID','Indonesia','Indonesia','IDR','id','https://restcountries.eu/data/idn.svg','62'),(105,'CIV','CI','Côte d\'Ivoire','Côte d\'Ivoire','XOF','fr','https://restcountries.eu/data/civ.svg','225'),(106,'IRN','IR','Iran (Islamic Republic of)','ایران','IRR','fa','https://restcountries.eu/data/irn.svg','98'),(107,'IRQ','IQ','Iraq','العراق','IQD','ar','https://restcountries.eu/data/irq.svg','964'),(108,'IRL','IE','Ireland','Éire','EUR','ga','https://restcountries.eu/data/irl.svg','353'),(109,'IMN','IM','Isle of Man','Isle of Man','GBP','en','https://restcountries.eu/data/imn.svg','44'),(110,'ISR','IL','Israel','יִשְׂרָאֵל','ILS','he','https://restcountries.eu/data/isr.svg','972'),(111,'ITA','IT','Italy','Italia','EUR','it','https://restcountries.eu/data/ita.svg','39'),(112,'JAM','JM','Jamaica','Jamaica','JMD','en','https://restcountries.eu/data/jam.svg','1876'),(113,'JPN','JP','Japan','日本','JPY','ja','https://restcountries.eu/data/jpn.svg','81'),(114,'JEY','JE','Jersey','Jersey','GBP','en','https://restcountries.eu/data/jey.svg','44'),(115,'JOR','JO','Jordan','الأردن','JOD','ar','https://restcountries.eu/data/jor.svg','962'),(116,'KAZ','KZ','Kazakhstan','Қазақстан','KZT','kk','https://restcountries.eu/data/kaz.svg','76'),(117,'KEN','KE','Kenya','Kenya','KES','en','https://restcountries.eu/data/ken.svg','254'),(118,'KIR','KI','Kiribati','Kiribati','AUD','en','https://restcountries.eu/data/kir.svg','686'),(119,'KWT','KW','Kuwait','الكويت','KWD','ar','https://restcountries.eu/data/kwt.svg','965'),(120,'KGZ','KG','Kyrgyzstan','Кыргызстан','KGS','ky','https://restcountries.eu/data/kgz.svg','996'),(121,'LAO','LA','Lao People\'s Democratic Republic','ສປປລາວ','LAK','lo','https://restcountries.eu/data/lao.svg','856'),(122,'LVA','LV','Latvia','Latvija','EUR','lv','https://restcountries.eu/data/lva.svg','371'),(123,'LBN','LB','Lebanon','لبنان','LBP','ar','https://restcountries.eu/data/lbn.svg','961'),(124,'LSO','LS','Lesotho','Lesotho','LSL','en','https://restcountries.eu/data/lso.svg','266'),(125,'LBR','LR','Liberia','Liberia','LRD','en','https://restcountries.eu/data/lbr.svg','231'),(126,'LBY','LY','Libya','‏ليبيا','LYD','ar','https://restcountries.eu/data/lby.svg','218'),(127,'LIE','LI','Liechtenstein','Liechtenstein','CHF','de','https://restcountries.eu/data/lie.svg','423'),(128,'LTU','LT','Lithuania','Lietuva','EUR','lt','https://restcountries.eu/data/ltu.svg','370'),(129,'LUX','LU','Luxembourg','Luxembourg','EUR','fr','https://restcountries.eu/data/lux.svg','352'),(130,'MAC','MO','Macao','澳門','MOP','zh','https://restcountries.eu/data/mac.svg','853'),(131,'MKD','MK','Macedonia (the former Yugoslav Republic of)','Македонија','MKD','mk','https://restcountries.eu/data/mkd.svg','389'),(132,'MDG','MG','Madagascar','Madagasikara','MGA','fr','https://restcountries.eu/data/mdg.svg','261'),(133,'MWI','MW','Malawi','Malawi','MWK','en','https://restcountries.eu/data/mwi.svg','265'),(134,'MYS','MY','Malaysia','Malaysia','MYR','en','https://restcountries.eu/data/mys.svg','60'),(135,'MDV','MV','Maldives','Maldives','MVR','dv','https://restcountries.eu/data/mdv.svg','960'),(136,'MLI','ML','Mali','Mali','XOF','fr','https://restcountries.eu/data/mli.svg','223'),(137,'MLT','MT','Malta','Malta','EUR','mt','https://restcountries.eu/data/mlt.svg','356'),(138,'MHL','MH','Marshall Islands','M̧ajeļ','USD','en','https://restcountries.eu/data/mhl.svg','692'),(139,'MTQ','MQ','Martinique','Martinique','EUR','fr','https://restcountries.eu/data/mtq.svg','596'),(140,'MRT','MR','Mauritania','موريتانيا','MRO','ar','https://restcountries.eu/data/mrt.svg','222'),(141,'MUS','MU','Mauritius','Maurice','MUR','en','https://restcountries.eu/data/mus.svg','230'),(142,'MYT','YT','Mayotte','Mayotte','EUR','fr','https://restcountries.eu/data/myt.svg','262'),(143,'MEX','MX','Mexico','México','MXN','es','https://restcountries.eu/data/mex.svg','52'),(144,'MDA','MD','Moldova (Republic of)','Moldova','MDL','ro','https://restcountries.eu/data/mda.svg','373'),(145,'MCO','MC','Monaco','Monaco','EUR','fr','https://restcountries.eu/data/mco.svg','377'),(146,'MNG','MN','Mongolia','Монгол улс','MNT','mn','https://restcountries.eu/data/mng.svg','976'),(147,'MNE','ME','Montenegro','Црна Гора','EUR','sr','https://restcountries.eu/data/mne.svg','382'),(148,'MSR','MS','Montserrat','Montserrat','XCD','en','https://restcountries.eu/data/msr.svg','1664'),(149,'MAR','MA','Morocco','المغرب','MAD','ar','https://restcountries.eu/data/mar.svg','212'),(150,'MOZ','MZ','Mozambique','Moçambique','MZN','pt','https://restcountries.eu/data/moz.svg','258'),(151,'MMR','MM','Myanmar','Myanma','MMK','my','https://restcountries.eu/data/mmr.svg','95'),(152,'NAM','NA','Namibia','Namibia','NAD','en','https://restcountries.eu/data/nam.svg','264'),(153,'NRU','NR','Nauru','Nauru','AUD','en','https://restcountries.eu/data/nru.svg','674'),(154,'NPL','NP','Nepal','नेपाल','NPR','ne','https://restcountries.eu/data/npl.svg','977'),(155,'NLD','NL','Netherlands','Nederland','EUR','nl','https://restcountries.eu/data/nld.svg','31'),(156,'NCL','NC','New Caledonia','Nouvelle-Calédonie','XPF','fr','https://restcountries.eu/data/ncl.svg','687'),(157,'NZL','NZ','New Zealand','New Zealand','NZD','en','https://restcountries.eu/data/nzl.svg','64'),(158,'NIC','NI','Nicaragua','Nicaragua','NIO','es','https://restcountries.eu/data/nic.svg','505'),(159,'NER','NE','Niger','Niger','XOF','fr','https://restcountries.eu/data/ner.svg','227'),(160,'NGA','NG','Nigeria','Nigeria','NGN','en','https://restcountries.eu/data/nga.svg','234'),(161,'NIU','NU','Niue','Niuē','NZD','en','https://restcountries.eu/data/niu.svg','683'),(162,'NFK','NF','Norfolk Island','Norfolk Island','AUD','en','https://restcountries.eu/data/nfk.svg','672'),(163,'PRK','KP','Korea (Democratic People\'s Republic of)','북한','KPW','ko','https://restcountries.eu/data/prk.svg','850'),(164,'MNP','MP','Northern Mariana Islands','Northern Mariana Islands','USD','en','https://restcountries.eu/data/mnp.svg','1670'),(165,'NOR','NO','Norway','Norge','NOK','no','https://restcountries.eu/data/nor.svg','47'),(166,'OMN','OM','Oman','عمان','OMR','ar','https://restcountries.eu/data/omn.svg','968'),(167,'PAK','PK','Pakistan','Pakistan','PKR','en','https://restcountries.eu/data/pak.svg','92'),(168,'PSE','PS','Palestine, State of','فلسطين','ILS','ar','https://restcountries.eu/data/pse.svg','970'),(169,'PAN','PA','Panama','Panamá','PAB','es','https://restcountries.eu/data/pan.svg','507'),(170,'PNG','PG','Papua New Guinea','Papua Niugini','PGK','en','https://restcountries.eu/data/png.svg','675'),(171,'PRY','PY','Paraguay','Paraguay','PYG','es','https://restcountries.eu/data/pry.svg','595'),(172,'PER','PE','Peru','Perú','PEN','es','https://restcountries.eu/data/per.svg','51'),(173,'PHL','PH','Philippines','Pilipinas','PHP','en','https://restcountries.eu/data/phl.svg','63'),(174,'PCN','PN','Pitcairn','Pitcairn Islands','NZD','en','https://restcountries.eu/data/pcn.svg','64'),(175,'POL','PL','Poland','Polska','PLN','pl','https://restcountries.eu/data/pol.svg','48'),(176,'PRT','PT','Portugal','Portugal','EUR','pt','https://restcountries.eu/data/prt.svg','351'),(177,'PRI','PR','Puerto Rico','Puerto Rico','USD','es','https://restcountries.eu/data/pri.svg','1787'),(178,'QAT','QA','Qatar','قطر','QAR','ar','https://restcountries.eu/data/qat.svg','974'),(179,'KOS','XK','Republic of Kosovo','Republika e Kosovës','EUR','sq','https://restcountries.eu/data/kos.svg','383'),(180,'REU','RE','Réunion','La Réunion','EUR','fr','https://restcountries.eu/data/reu.svg','262'),(181,'ROU','RO','Romania','România','RON','ro','https://restcountries.eu/data/rou.svg','40'),(182,'RUS','RU','Russian Federation','Россия','RUB','ru','https://restcountries.eu/data/rus.svg','7'),(183,'RWA','RW','Rwanda','Rwanda','RWF','rw','https://restcountries.eu/data/rwa.svg','250'),(184,'BLM','BL','Saint Barthélemy','Saint-Barthélemy','EUR','fr','https://restcountries.eu/data/blm.svg','590'),(185,'SHN','SH','Saint Helena, Ascension and Tristan da Cunha','Saint Helena','SHP','en','https://restcountries.eu/data/shn.svg','290'),(186,'KNA','KN','Saint Kitts and Nevis','Saint Kitts and Nevis','XCD','en','https://restcountries.eu/data/kna.svg','1869'),(187,'LCA','LC','Saint Lucia','Saint Lucia','XCD','en','https://restcountries.eu/data/lca.svg','1758'),(188,'MAF','MF','Saint Martin (French part)','Saint-Martin','EUR','en','https://restcountries.eu/data/maf.svg','590'),(189,'SPM','PM','Saint Pierre and Miquelon','Saint-Pierre-et-Miquelon','EUR','fr','https://restcountries.eu/data/spm.svg','508'),(190,'VCT','VC','Saint Vincent and the Grenadines','Saint Vincent and the Grenadines','XCD','en','https://restcountries.eu/data/vct.svg','1784'),(191,'WSM','WS','Samoa','Samoa','WST','sm','https://restcountries.eu/data/wsm.svg','685'),(192,'SMR','SM','San Marino','San Marino','EUR','it','https://restcountries.eu/data/smr.svg','378'),(193,'STP','ST','Sao Tome and Principe','São Tomé e Príncipe','STD','pt','https://restcountries.eu/data/stp.svg','239'),(194,'SAU','SA','Saudi Arabia','العربية السعودية','SAR','ar','https://restcountries.eu/data/sau.svg','966'),(195,'SEN','SN','Senegal','Sénégal','XOF','fr','https://restcountries.eu/data/sen.svg','221'),(196,'SRB','RS','Serbia','Србија','RSD','sr','https://restcountries.eu/data/srb.svg','381'),(197,'SYC','SC','Seychelles','Seychelles','SCR','fr','https://restcountries.eu/data/syc.svg','248'),(198,'SLE','SL','Sierra Leone','Sierra Leone','SLL','en','https://restcountries.eu/data/sle.svg','232'),(199,'SGP','SG','Singapore','Singapore','BND','en','https://restcountries.eu/data/sgp.svg','65'),(200,'SXM','SX','Sint Maarten (Dutch part)','Sint Maarten','ANG','nl','https://restcountries.eu/data/sxm.svg','1721'),(201,'SVK','SK','Slovakia','Slovensko','EUR','sk','https://restcountries.eu/data/svk.svg','421'),(202,'SVN','SI','Slovenia','Slovenija','EUR','sl','https://restcountries.eu/data/svn.svg','386'),(203,'SLB','SB','Solomon Islands','Solomon Islands','SBD','en','https://restcountries.eu/data/slb.svg','677'),(204,'SOM','SO','Somalia','Soomaaliya','SOS','so','https://restcountries.eu/data/som.svg','252'),(205,'ZAF','ZA','South Africa','South Africa','ZAR','af','https://restcountries.eu/data/zaf.svg','27'),(206,'SGS','GS','South Georgia and the South Sandwich Islands','South Georgia','GBP','en','https://restcountries.eu/data/sgs.svg','500'),(207,'KOR','KR','Korea (Republic of)','대한민국','KRW','ko','https://restcountries.eu/data/kor.svg','82'),(208,'SSD','SS','South Sudan','South Sudan','SSP','en','https://restcountries.eu/data/ssd.svg','211'),(209,'ESP','ES','Spain','España','EUR','es','https://restcountries.eu/data/esp.svg','34'),(210,'LKA','LK','Sri Lanka','śrī laṃkāva','LKR','si','https://restcountries.eu/data/lka.svg','94'),(211,'SDN','SD','Sudan','السودان','SDG','ar','https://restcountries.eu/data/sdn.svg','249'),(212,'SUR','SR','Suriname','Suriname','SRD','nl','https://restcountries.eu/data/sur.svg','597'),(213,'SJM','SJ','Svalbard and Jan Mayen','Svalbard og Jan Mayen','NOK','no','https://restcountries.eu/data/sjm.svg','4779'),(214,'SWZ','SZ','Swaziland','Swaziland','SZL','en','https://restcountries.eu/data/swz.svg','268'),(215,'SWE','SE','Sweden','Sverige','SEK','sv','https://restcountries.eu/data/swe.svg','46'),(216,'CHE','CH','Switzerland','Schweiz','CHF','de','https://restcountries.eu/data/che.svg','41'),(217,'SYR','SY','Syrian Arab Republic','سوريا','SYP','ar','https://restcountries.eu/data/syr.svg','963'),(218,'TWN','TW','Taiwan','臺灣','TWD','zh','https://restcountries.eu/data/twn.svg','886'),(219,'TJK','TJ','Tajikistan','Тоҷикистон','TJS','tg','https://restcountries.eu/data/tjk.svg','992'),(220,'TZA','TZ','Tanzania, United Republic of','Tanzania','TZS','sw','https://restcountries.eu/data/tza.svg','255'),(221,'THA','TH','Thailand','ประเทศไทย','THB','th','https://restcountries.eu/data/tha.svg','66'),(222,'TLS','TL','Timor-Leste','Timor-Leste','USD','pt','https://restcountries.eu/data/tls.svg','670'),(223,'TGO','TG','Togo','Togo','XOF','fr','https://restcountries.eu/data/tgo.svg','228'),(224,'TKL','TK','Tokelau','Tokelau','NZD','en','https://restcountries.eu/data/tkl.svg','690'),(225,'TON','TO','Tonga','Tonga','TOP','en','https://restcountries.eu/data/ton.svg','676'),(226,'TTO','TT','Trinidad and Tobago','Trinidad and Tobago','TTD','en','https://restcountries.eu/data/tto.svg','1868'),(227,'TUN','TN','Tunisia','تونس','TND','ar','https://restcountries.eu/data/tun.svg','216'),(228,'TUR','TR','Turkey','Türkiye','TRY','tr','https://restcountries.eu/data/tur.svg','90'),(229,'TKM','TM','Turkmenistan','Türkmenistan','TMT','tk','https://restcountries.eu/data/tkm.svg','993'),(230,'TCA','TC','Turks and Caicos Islands','Turks and Caicos Islands','USD','en','https://restcountries.eu/data/tca.svg','1649'),(231,'TUV','TV','Tuvalu','Tuvalu','AUD','en','https://restcountries.eu/data/tuv.svg','688'),(232,'UGA','UG','Uganda','Uganda','UGX','en','https://restcountries.eu/data/uga.svg','256'),(233,'UKR','UA','Ukraine','Україна','UAH','uk','https://restcountries.eu/data/ukr.svg','380'),(234,'ARE','AE','United Arab Emirates','دولة الإمارات العربية المتحدة','AED','ar','https://restcountries.eu/data/are.svg','971'),(235,'USA','US','United States of America','United States','USD','en','https://restcountries.eu/data/usa.svg','1'),(236,'URY','UY','Uruguay','Uruguay','UYU','es','https://restcountries.eu/data/ury.svg','598'),(237,'UZB','UZ','Uzbekistan','O‘zbekiston','UZS','uz','https://restcountries.eu/data/uzb.svg','998'),(238,'VUT','VU','Vanuatu','Vanuatu','VUV','bi','https://restcountries.eu/data/vut.svg','678'),(239,'VEN','VE','Venezuela (Bolivarian Republic of)','Venezuela','VEF','es','https://restcountries.eu/data/ven.svg','58'),(240,'VNM','VN','Viet Nam','Việt Nam','VND','vi','https://restcountries.eu/data/vnm.svg','84'),(241,'WLF','WF','Wallis and Futuna','Wallis et Futuna','XPF','fr','https://restcountries.eu/data/wlf.svg','681'),(242,'ESH','EH','Western Sahara','الصحراء الغربية','MAD','es','https://restcountries.eu/data/esh.svg','212'),(243,'YEM','YE','Yemen','اليَمَن','YER','ar','https://restcountries.eu/data/yem.svg','967'),(244,'ZMB','ZM','Zambia','Zambia','ZMW','en','https://restcountries.eu/data/zmb.svg','260'),(245,'ZWE','ZW','Zimbabwe','Zimbabwe','BWP','en','https://restcountries.eu/data/zwe.svg','263');
/*!40000 ALTER TABLE `DirectoryCountries` ENABLE KEYS */;
UNLOCK TABLES;

--
-- Table structure for table `FaqTranslates`
--

DROP TABLE IF EXISTS `FaqTranslates`;
/*!40101 SET @saved_cs_client     = @@character_set_client */;
/*!40101 SET character_set_client = utf8 */;
CREATE TABLE `FaqTranslates` (
  `id` int(11) NOT NULL AUTO_INCREMENT,
  `question` text,
  `answer` text,
  `FaqId` int(11) DEFAULT NULL,
  `CountryId` int(11) DEFAULT NULL,
  PRIMARY KEY (`id`),
  KEY `FaqId` (`FaqId`),
  KEY `CountryId` (`CountryId`),
  CONSTRAINT `FaqTranslates_ibfk_1` FOREIGN KEY (`FaqId`) REFERENCES `Faqs` (`id`) ON DELETE SET NULL ON UPDATE CASCADE,
  CONSTRAINT `FaqTranslates_ibfk_2` FOREIGN KEY (`CountryId`) REFERENCES `Countries` (`id`) ON DELETE SET NULL ON UPDATE CASCADE
) ENGINE=InnoDB AUTO_INCREMENT=37 DEFAULT CHARSET=utf8;
/*!40101 SET character_set_client = @saved_cs_client */;

--
-- Dumping data for table `FaqTranslates`
--

LOCK TABLES `FaqTranslates` WRITE;
/*!40000 ALTER TABLE `FaqTranslates` DISABLE KEYS */;
INSERT INTO `FaqTranslates` VALUES (1,'How does a Shave Plan work?','It’s really simple!\n\n1. Sign up for a Shaves2U account with your shipping and billing details.\n2. Pick a Shave Plan that works for you.\n3. Start your Shave Plan! Your first shipment will include a Men\'s Premium Handle and Blades of your choice. Subsequent shipments will include 2 Cartridge Packs each so you\'ll never run out.',1,1),(2,'Is there a free trial for Shave Plan?','Not at the moment, but our [Starter Kit](/products) and [Awesome Shave Kit](/products) are great ways to get a taste of a great shave before subscribing to a Shave Plan!',1,1),(3,'Are there additional costs when I subscribe to a Shave Plan?','Absolutely not. Besides the cost listed on our website, there will be no additional fees. And you even get free delivery!',1,1),(4,'How do I cancel my Shave Plan?','Oh no. We wouldn\'t want you to leave us, but if it does come to that, we understand. Just send us an email at [help@shaves2u.com](mailto:help@shaves2u.com) and we\'ll take it from there.',1,1),(5,'Can I put my Shave Plan on hold?','We understand completely that you might be away for periods of time either for business of leisure. Well, you\'ll be happy to know that we can put your Shave Plan on hold. Just drop us an email at [help@shaves2u.com](mailto:help@shaves2u.com) with the details of your Plan, and we\'ll put it on hold for you until you get back.',1,1),(6,'What\'s the billing process for a Shave Plan?','You have the freedom of choosing between a Quarterly or Annual payment plan.\n\n**Quarterly Payment Plan**\nYou will be billed for the first payment upon your subscription of a Shave Plan and again each time every subsequent delivery is due (every 3 months).\n\n**Annual Payment Plan**\nWhen you subscribe for your Shave Plan, your bill will be for the entire year. Which means your subsequent payment will only need to be made after 12 months.',1,1),(7,'How long will my order take to arrive?','We try our best to ensure that our customers receive their orders at their doorstep within 4-7 working days. However, shipping may take longer in certain regions. The moment your order leaves our warehouse, we will furnish you with a tracking number you can use to stay up-to-date with its status.',2,1),(8,'Do you offer free delivery?','Yes we do! You can enjoy FREE shipping for orders above RM75 or SGD30.',2,1),(9,'My delivery is late. Is this normal?','Oh no! We assure you we try our best to ensure our customers receive their orders in a timely fashion. Please drop us an email at [help@shaves2u.com](mailto:help@shaves2u.com) with your order details so we can get this sorted out immediately.',2,1),(10,'I wasn\'t around when my delivery arrived! What now?','No problem! This happens often but thanks to our partnership with prominent delivery services GDEX and Nationwide, they would have provided you with a \'Missed Delivery\' card which features detailed instructions on how you can easily reschedule the delivery.',2,1),(11,'Which locations do you ship to?','For now, we only ship to Malaysia and Singapore. However, we\'re looking to expand our services to other countries in the near future and we\'d love to hear from you at [help@shaves2u.com](mailto:help@shaves2u.com)!',2,1),(12,'What are your policies on returns?','We have a money back guarantee policy! So if you are unsatisfied with your products, not to worry!',3,1),(13,'How do I return the product(s)?','Within thirty (30) days of receiving the products, you can ship them back to us at **Level 18, Axiata Tower, No 9 Jalan Stesen 5, Kuala Lumpur Sentral, 50470, Kuala Lumpur, Malaysia**. After that, send us a refund request at [help@shaves2u.com](mailto:help@shaves2u.com) with the return delivery receipt as well as your original purchase receipt. Shaves2U reserves the right to deny refund requests for products that are deemed damaged through misuse, lack of care, mishandling, lost/damaged during shipping or requests have were issued after the 30-day mark.',3,1),(14,'Will the refund include the entire amount?','Unfortunately no. Shaves2U will only refund the price of product. We will not refund any additional shipping or handling costs you may have borne.The amount due will be refunded via the payment method you selected during the purchase.',3,1),(15,'How long will the refund take?','Your request will take fourteen (14) days to be processed. After that, Shaves2U has no control over the time it takes for your payment merchant to process it and transact your refund. Do contact your card’s issuing bank for further information.',3,1),(16,'My item(s) has a defect, would a refund be possible?','We\'re very sorry! If there is something wrong with your item, please email us at [help@shaves2u.com](mailto:help@shaves2u.com) about your issues within thirty (30) days, and we will try and resolve it immediately. Be it with a replacement or a refund. ',3,1),(17,'I received items I never ordered.','Oh no! We didn\'t mean for it to happen. We apologise in advance. Could you please drop us a mail at [help@shaves2u.com](mailto:help@shaves2u.com) and tell us what happened in further detail? We\'ll sort it out from there.',3,1),(18,'What forms of payment does Shaves2U accept?','We accept <img src=\"/assets/images/visa-logo.png\" style=\"width:40px; margin-right:10px;\"> <img src=\"/assets/images/mastercard-logo.png\" style=\"width:40px; margin-right:10px;\"> <img src=\"/assets/images/ipay88_logo.png\" style=\"width:60px\">',4,1),(19,'Shaves2U rejected my credit card. Do you know why?','It could be a condition on your card. Please check with your bank or financial institution about why your details were rejected to rule out any possible errors on their part. If the problem persists, drop us an email at [help@shaves2u.com](mailto:help@shaves2u.com) and we\'ll do our best to resolve the situation.',4,1),(20,'Argh, I accidentally refreshed my browser while paying! What now?!','Don\'t worry, it happens! Every successful Shaves2U transaction will trigger a confirmation email and subsequently, an email containing a tracking number. If you received no email, just place your order again or contact us at [help@shaves2u.com](mailto:help@shaves2u.com) for confirmation and to prevent duplicate orders.',4,1),(21,'I\'ve got a Shaves2U promo code. How do I use it?','After selecting all the Shaves2U products you were looking for, proceed to checkout. Enter your promo code in the box located below \'Shipping Cost\' and click \'APPLY\'. The difference should be reflected in your Grand Total after that.',4,1),(22,'I can\'t remove items from my shopping cart!','To remove items from your cart, click on the little red X next to each item. For some reason, if you still can\'t, clear your cache, refresh your browser and try again. It should be fine.',5,1),(23,'My transaction was rejected on the website, but I received a notification from my bank saying I paid for it. What do I do?','Firstly, check your Internet connection. Following that, clear your browser history and restart it. The website should reload and reflect the status of your order. If the problem persists, drop us a mail at [help@shaves2u.com](mailto:help@shaves2u.com) and we\'ll make it right in a jiffy!',5,1),(24,'I can\'t login to my account!','For trouble logging in, just clear your cache, cookies and restart your Internet browser. It should be alright after that. However, if the problem persists, drop us an email at [help@shaves2u.com](mailto:help@shaves2u.com) with your details and we\'ll see what we can do.',6,1),(25,'For some reason, I can\'t track my order. Help!','If you are still unable to track your order at least 24 hours after placing it, do provide us the following details at [help@shaves2u.com](mailto:help@shaves2u.com) so that we can find out why:\n\nOrder Number, Date of Purchase, Items Purchased, Transaction Number.',6,1),(26,'How do I terminate my account?','Oh no. We don\'t want you to leave us! But if it does come to that we understand. Just go to the \'My Account\' section click on \'Terminate My Account\'. It\'s as simple as shaving with Shaves2U. Until next time, take care!',6,1),(27,'I forgot my password, what do I do now?','Click \'Forgot Password\' at the login page, enter your email address and follow the simple and clear instructions in the email you receive to reset your password without any issues.',6,1),(28,'How do I change/add my card details, shipping address(es) or billing address(es)?','Firstly, login to your account, click on the \'Settings\' tab on the left menu bar and your personal details including shipping addresses, billing addresses and card details will be presented. To edit, click on the pencil icon on the top right of each section. Remember, to make your Shaves2U ordering experience more convenient, you can change/add up to 2 shipping addresses and billing addresses to your account.',6,1),(29,'Where are Shaves2U blades made?','We have blades that are manufactured with a high quality ceramic coating or a durable diamond coating. They are manufacture to the highest stands in either USA or Germany.',7,1),(30,'What are the differences between the S3, S5 and S6 Shaves2U blades?','S6 - Our most premium shave option with 6 blades\n - Accublade® Trimmer built into the back of the cartridge for trimming goatee, sideburns and area under the nose.\n - 6 L-shaped Blades spaced close together to prevent clogging and for easy rinsing.\n - Patented I.C.E (Ionic Carbon Edge)* Diamond Coating increases durability and sharpness for more precise shaves.\n - Aloe Vera lubricating strip for a comfortable shave every time.\n - Each cassette comes with 4 blades/cartridges.\n - Made in the USA with a durable precision ceramic coating.\n\nS5 - The more blades the merrier with 5 blades\n - Double Coated Ceramic blade edge for a more comfortable and precise shave.\n - 5 blades spaced close together to prevent clogging and for easy rinsing.\n - Accublade® Trimmer built into the back of the cartridge for shaving goatee, sideburns and under the nose\n - 30% larger lubrication strip with Vitamin E & Aloe Vera to help protect against redness and irritation.\n - Hypoallergenic and dermatologist approved for use on sensitive skin.\n - Each cassette comes with 4 blades/cartridges.\n\nS3 - When the 3-blade bare minimum is so much more than enough\n - Double Coated Ceramic blade edge for a more comfortable and precise shave.\n - 3 blades spaced close together to prevent clogging and for easy rinsing.\n - Lubricating Strip with Vitamin E & Aloe Vera to reduce skin irritation and for smoother shaves.\n - Hypoallergenic and dermatologist approved for use on sensitive skin.',7,1),(31,'What are the differences between the Swivel Handle and the Premium Handle?','The Swivel Handle with its refined chrome finish is fitted with a rubberised grip for confident and precise control. It has a pivot head that allows the blade to navigate contours of your face. This means a comfortable yet cleaner shave every time!\n\nThe Premium Handle is made from a soft rubberised material with a striking chrome finish. It has some heft to it, giving you more precise balance and a confident grip. Although it doesn\'t have the swivel head, it still gives you that great Shaves2U shave when you want it.\n\nBoth handles are similar in length, width and weight.',7,1),(32,'How often should I change blades?','Our blades are built for durability and therefore they last a long, long time! If you shave everyday, we recommend changing your blade every 2-3 weeks. If you shave maybe 2-3 times a week, change it every month. If you shave even less than that, we still recommend  you change it every month due to hygienic purposes. Happy shaving!',7,1),(33,'How do I replace the cartridge on my handle?','There is a button behind the cartridge on your handle, push it forward to release the cartridge. Insert the handle into the a new cartridge in your casette and once it clicks into place, pull it out from the casette gently.',7,1),(34,'What are the ingredients in your lubricating strips?','Every Shaves2U cartridge comes fitted with a lubricating strip that contains Vitamin E and Aloe Vera to reduce skin irritation and to give you smoother shaves. On the 6-blade S6 cartridges, the lubricating strip also contains Shea Butter, Cocoa Butter and MicroSilver BG™. MicroSilver™ has a high antimicrobial effect and regulates the population of harmul germs and microorganisms on the skin’s surface. Skincare products with MicroSilver BG™ improve the skin condition quickly and for a lasting period of time. It prevents skin problems caused by overpopulation of germs and it is the only pure metallic silver that studies have shown to be safe and effective in personal care products. For example the Shaves2U S6 cartridges.',7,1),(35,'Can I buy Shaves2U products in retail or online stores?','At the moment, retail stores do not carry Shaves2U products. However, Shaves2U products are available in the Lazada online store.',8,1),(36,'I\'m interested in a partnership with Shaves2U, who do I speak to?','If you think we could work out a mutually beneficial business agreement or partnership, drop us an email at [help@shaves2u.com](mailto:help@shaves2u.com) with your information or proposal. We will review it and get back to you within a period of time to continue the conversation. We look forward to working with you!',8,1);
/*!40000 ALTER TABLE `FaqTranslates` ENABLE KEYS */;
UNLOCK TABLES;

--
-- Table structure for table `Faqs`
--

DROP TABLE IF EXISTS `Faqs`;
/*!40101 SET @saved_cs_client     = @@character_set_client */;
/*!40101 SET character_set_client = utf8 */;
CREATE TABLE `Faqs` (
  `id` int(11) NOT NULL AUTO_INCREMENT,
  `type` varchar(30) DEFAULT NULL,
  `createdAt` datetime NOT NULL,
  `updatedAt` datetime NOT NULL,
  PRIMARY KEY (`id`)
) ENGINE=InnoDB AUTO_INCREMENT=9 DEFAULT CHARSET=utf8;
/*!40101 SET character_set_client = @saved_cs_client */;

--
-- Dumping data for table `Faqs`
--

LOCK TABLES `Faqs` WRITE;
/*!40000 ALTER TABLE `Faqs` DISABLE KEYS */;
INSERT INTO `Faqs` VALUES (1,'Shave Plan','2017-11-10 05:36:07','2017-11-10 05:36:07'),(2,'Delivery / Shipping','2017-11-10 05:36:07','2017-11-10 05:36:07'),(3,'Returns / Refunds','2017-11-10 05:36:07','2017-11-10 05:36:07'),(4,'Payment','2017-11-10 05:36:07','2017-11-10 05:36:07'),(5,'Technical Issues','2017-11-10 05:36:07','2017-11-10 05:36:07'),(6,'Account','2017-11-10 05:36:07','2017-11-10 05:36:07'),(7,'Products','2017-11-10 05:36:07','2017-11-10 05:36:07'),(8,'Company Questions','2017-11-10 05:36:07','2017-11-10 05:36:07');
/*!40000 ALTER TABLE `Faqs` ENABLE KEYS */;
UNLOCK TABLES;

--
-- Table structure for table `NotificationTypes`
--

DROP TABLE IF EXISTS `NotificationTypes`;
/*!40101 SET @saved_cs_client     = @@character_set_client */;
/*!40101 SET character_set_client = utf8 */;
CREATE TABLE `NotificationTypes` (
  `id` int(11) NOT NULL AUTO_INCREMENT,
  `name` varchar(30) NOT NULL,
  `serviceImageUrl` varchar(200) DEFAULT NULL,
  PRIMARY KEY (`id`)
) ENGINE=InnoDB AUTO_INCREMENT=4 DEFAULT CHARSET=utf8;
/*!40101 SET character_set_client = @saved_cs_client */;

--
-- Dumping data for table `NotificationTypes`
--

LOCK TABLES `NotificationTypes` WRITE;
/*!40000 ALTER TABLE `NotificationTypes` DISABLE KEYS */;
INSERT INTO `NotificationTypes` VALUES (1,'New Promotion',NULL),(2,'Subscription Card Error',NULL),(3,'New Product',NULL);
/*!40000 ALTER TABLE `NotificationTypes` ENABLE KEYS */;
UNLOCK TABLES;

--
-- Table structure for table `Notifications`
--

DROP TABLE IF EXISTS `Notifications`;
/*!40101 SET @saved_cs_client     = @@character_set_client */;
/*!40101 SET character_set_client = utf8 */;
CREATE TABLE `Notifications` (
  `id` int(11) NOT NULL AUTO_INCREMENT,
  `content` text NOT NULL,
  `happenedDate` datetime NOT NULL,
  `createdAt` datetime NOT NULL,
  `updatedAt` datetime NOT NULL,
  `NotificationTypeId` int(11) DEFAULT NULL,
  `UserId` int(11) DEFAULT NULL,
  PRIMARY KEY (`id`),
  KEY `NotificationTypeId` (`NotificationTypeId`),
  KEY `UserId` (`UserId`),
  CONSTRAINT `Notifications_ibfk_1` FOREIGN KEY (`NotificationTypeId`) REFERENCES `NotificationTypes` (`id`) ON DELETE SET NULL ON UPDATE CASCADE,
  CONSTRAINT `Notifications_ibfk_2` FOREIGN KEY (`UserId`) REFERENCES `Users` (`id`) ON DELETE SET NULL ON UPDATE CASCADE
) ENGINE=InnoDB DEFAULT CHARSET=utf8;
/*!40101 SET character_set_client = @saved_cs_client */;

--
-- Dumping data for table `Notifications`
--

LOCK TABLES `Notifications` WRITE;
/*!40000 ALTER TABLE `Notifications` DISABLE KEYS */;
/*!40000 ALTER TABLE `Notifications` ENABLE KEYS */;
UNLOCK TABLES;

--
-- Table structure for table `OrderDetails`
--

DROP TABLE IF EXISTS `OrderDetails`;
/*!40101 SET @saved_cs_client     = @@character_set_client */;
/*!40101 SET character_set_client = utf8 */;
CREATE TABLE `OrderDetails` (
  `id` int(11) NOT NULL AUTO_INCREMENT,
  `qty` int(11) DEFAULT '0',
  `price` decimal(10,2) DEFAULT '0.00',
  `currency` varchar(5) NOT NULL,
  `startDeliverDate` date DEFAULT NULL,
  `createdAt` datetime NOT NULL,
  `updatedAt` datetime NOT NULL,
  `OrderId` varchar(12) DEFAULT NULL,
  `ProductCountryId` int(11) DEFAULT NULL,
  `PlanCountryId` int(11) DEFAULT NULL,
  `SkuId` int(11) DEFAULT NULL,
  PRIMARY KEY (`id`),
  KEY `OrderId` (`OrderId`),
  KEY `ProductCountryId` (`ProductCountryId`),
  KEY `PlanCountryId` (`PlanCountryId`),
  KEY `SkuId` (`SkuId`),
  CONSTRAINT `OrderDetails_ibfk_1` FOREIGN KEY (`OrderId`) REFERENCES `Orders` (`id`) ON DELETE SET NULL ON UPDATE CASCADE,
  CONSTRAINT `OrderDetails_ibfk_2` FOREIGN KEY (`ProductCountryId`) REFERENCES `ProductCountries` (`id`) ON DELETE SET NULL ON UPDATE CASCADE,
  CONSTRAINT `OrderDetails_ibfk_3` FOREIGN KEY (`PlanCountryId`) REFERENCES `PlanCountries` (`id`) ON DELETE SET NULL ON UPDATE CASCADE,
  CONSTRAINT `OrderDetails_ibfk_4` FOREIGN KEY (`SkuId`) REFERENCES `Skus` (`id`) ON DELETE SET NULL ON UPDATE CASCADE
) ENGINE=InnoDB AUTO_INCREMENT=950 DEFAULT CHARSET=utf8;
/*!40101 SET character_set_client = @saved_cs_client */;

--
-- Dumping data for table `OrderDetails`
--

LOCK TABLES `OrderDetails` WRITE;
/*!40000 ALTER TABLE `OrderDetails` DISABLE KEYS */;
INSERT INTO `OrderDetails` VALUES (1,1,18.00,'MYR',NULL,'2017-10-26 11:21:21','2017-10-26 11:21:21','rkYNBBJAZ',1,NULL,NULL),(2,1,18.00,'MYR',NULL,'2017-10-26 11:21:29','2017-10-26 11:21:29','SyZBBryAb',1,NULL,NULL),(3,1,18.00,'MYR',NULL,'2017-10-26 12:17:42','2017-10-26 12:17:42','Hk0vMLJAZ',1,NULL,NULL),(4,1,220.00,'MYR','2018-01-26','2017-10-26 12:17:42','2017-10-26 12:17:42','Hk0vMLJAZ',NULL,1,NULL),(5,1,27.00,'MYR',NULL,'2017-10-26 12:20:52','2017-10-26 12:20:52','ByhQmU1Cb',3,NULL,NULL),(6,2,18.00,'MYR',NULL,'2017-10-26 12:29:49','2017-10-26 12:29:49','SyLSBI1Rb',1,NULL,NULL),(7,1,18.00,'MYR',NULL,'2017-10-26 12:48:07','2017-10-26 12:48:07','B1yqKUyCW',6,NULL,NULL),(8,1,55.00,'MYR','2018-01-26','2017-10-26 12:48:07','2017-10-26 12:48:07','B1yqKUyCW',NULL,3,NULL),(9,1,18.00,'MYR',NULL,'2017-10-26 14:59:36','2017-10-26 14:59:36','SylDO_kRb',1,NULL,NULL),(10,1,23.08,'MYR','2018-01-26','2017-10-26 14:59:36','2017-10-26 14:59:36','SylDO_kRb',NULL,7,NULL),(11,1,300.00,'MYR','2018-01-26','2017-10-26 15:28:58','2017-10-26 15:28:58','SJ7BJKyCW',NULL,5,NULL),(12,1,39.00,'MYR',NULL,'2017-10-26 16:23:05','2017-10-26 16:23:05','BkZxhtJC-',4,NULL,NULL),(13,4,18.00,'MYR',NULL,'2017-10-27 01:26:27','2017-10-27 01:26:27','HysSjWeRZ',1,NULL,NULL),(14,4,18.00,'MYR',NULL,'2017-10-27 01:27:05','2017-10-27 01:27:05','Hyf_ibeR-',1,NULL,NULL),(15,1,18.00,'MYR',NULL,'2017-10-27 01:37:41','2017-10-27 01:37:41','Ska10-eAb',1,NULL,NULL),(16,1,18.00,'MYR',NULL,'2017-10-27 01:58:32','2017-10-27 01:58:32','rJxCfGxAZ',1,NULL,NULL),(17,1,18.00,'MYR',NULL,'2017-10-27 01:59:10','2017-10-27 01:59:10','r1Ix7zlCZ',1,NULL,NULL),(18,1,18.00,'MYR',NULL,'2017-10-27 01:59:13','2017-10-27 01:59:13','B1cemGlCW',1,NULL,NULL),(19,1,13.00,'MYR',NULL,'2017-10-27 02:02:06','2017-10-27 02:02:06','HyDsQfeRZ',7,NULL,NULL),(20,1,18.00,'MYR',NULL,'2017-10-27 02:02:45','2017-10-27 02:02:45','Bkp6mGlRb',1,NULL,NULL),(21,1,13.00,'MYR',NULL,'2017-10-27 02:02:45','2017-10-27 02:02:45','Bkp6mGlRb',2,NULL,NULL),(22,1,27.00,'MYR',NULL,'2017-10-27 02:02:45','2017-10-27 02:02:45','Bkp6mGlRb',3,NULL,NULL),(23,1,45.00,'MYR',NULL,'2017-10-27 02:02:45','2017-10-27 02:02:45','Bkp6mGlRb',8,NULL,NULL),(24,1,22.00,'MYR',NULL,'2017-10-27 02:02:45','2017-10-27 02:02:45','Bkp6mGlRb',10,NULL,NULL),(25,1,18.00,'MYR',NULL,'2017-10-27 02:02:47','2017-10-27 02:02:47','HkxRQGlA-',1,NULL,NULL),(26,1,13.00,'MYR',NULL,'2017-10-27 02:02:47','2017-10-27 02:02:47','HkxRQGlA-',2,NULL,NULL),(27,1,27.00,'MYR',NULL,'2017-10-27 02:02:47','2017-10-27 02:02:47','HkxRQGlA-',3,NULL,NULL),(28,1,45.00,'MYR',NULL,'2017-10-27 02:02:47','2017-10-27 02:02:47','HkxRQGlA-',8,NULL,NULL),(29,1,22.00,'MYR',NULL,'2017-10-27 02:02:47','2017-10-27 02:02:47','HkxRQGlA-',10,NULL,NULL),(30,1,18.00,'MYR',NULL,'2017-10-27 02:03:05','2017-10-27 02:03:05','Hyb1VzxCZ',1,NULL,NULL),(31,1,13.00,'MYR',NULL,'2017-10-27 02:03:05','2017-10-27 02:03:05','Hyb1VzxCZ',2,NULL,NULL),(32,1,27.00,'MYR',NULL,'2017-10-27 02:03:05','2017-10-27 02:03:05','Hyb1VzxCZ',3,NULL,NULL),(33,1,45.00,'MYR',NULL,'2017-10-27 02:03:05','2017-10-27 02:03:05','Hyb1VzxCZ',8,NULL,NULL),(34,1,22.00,'MYR',NULL,'2017-10-27 02:03:05','2017-10-27 02:03:05','Hyb1VzxCZ',10,NULL,NULL),(35,1,18.00,'MYR',NULL,'2017-10-27 02:05:35','2017-10-27 02:05:35','r1_d4Ml0b',1,NULL,NULL),(36,3,18.00,'MYR',NULL,'2017-10-27 02:13:10','2017-10-27 02:13:10','rJ0NUMe0b',1,NULL,NULL),(37,1,27.00,'MYR',NULL,'2017-10-27 02:13:10','2017-10-27 02:13:10','rJ0NUMe0b',3,NULL,NULL),(38,1,220.00,'MYR','2017-10-28','2017-10-27 02:17:50','2017-10-27 02:17:50','HkP8vGg0W',NULL,1,NULL),(39,1,13.00,'MYR',NULL,'2017-10-27 02:20:39','2017-10-27 02:20:39','S1JZuzgC-',2,NULL,NULL),(40,1,18.00,'MYR',NULL,'2017-10-27 02:20:39','2017-10-27 02:20:39','S1JZuzgC-',1,NULL,NULL),(41,1,18.00,'MYR',NULL,'2017-10-27 02:22:06','2017-10-27 02:22:06','HkL8_GxRW',6,NULL,NULL),(42,1,39.00,'MYR',NULL,'2017-10-27 02:22:06','2017-10-27 02:22:06','HkL8_GxRW',4,NULL,NULL),(43,4,18.00,'MYR',NULL,'2017-10-27 02:31:03','2017-10-27 02:31:03','S1k_5zlCW',1,NULL,NULL),(44,1,18.00,'MYR',NULL,'2017-10-27 02:31:27','2017-10-27 02:31:27','Byvt9MlRZ',1,NULL,NULL),(45,1,55.00,'MYR','2018-01-27','2017-10-27 03:03:44','2017-10-27 03:03:44','SJuzf7gC-',NULL,3,NULL),(46,1,39.00,'MYR',NULL,'2017-10-27 03:09:15','2017-10-27 03:09:15','SJQPX7eAZ',4,NULL,NULL),(47,1,220.00,'MYR','2017-10-28','2017-10-27 03:10:24','2017-10-27 03:10:24','rytiXXg0b',NULL,1,NULL),(48,1,18.00,'MYR',NULL,'2017-10-27 03:34:28','2017-10-27 03:34:28','H1pHYmeCb',6,NULL,NULL),(49,1,220.00,'MYR','2018-01-27','2017-10-27 03:34:28','2017-10-27 03:34:28','H1pHYmeCb',NULL,1,NULL),(50,1,18.00,'MYR',NULL,'2017-10-27 03:51:36','2017-10-27 03:51:36','H1lIamxRW',1,NULL,NULL),(51,1,55.00,'MYR','2018-01-27','2017-10-27 03:51:36','2017-10-27 03:51:36','H1lIamxRW',NULL,3,NULL),(52,1,18.00,'MYR',NULL,'2017-10-27 03:55:10','2017-10-27 03:55:10','SkwX07l0-',1,NULL,NULL),(53,1,300.00,'MYR','2018-01-27','2017-10-27 03:55:10','2017-10-27 03:55:10','SkwX07l0-',NULL,5,NULL),(54,1,18.00,'MYR',NULL,'2017-10-27 03:55:36','2017-10-27 03:55:36','ry-HC7lAW',1,NULL,NULL),(55,1,23.08,'MYR','2018-01-27','2017-10-27 03:55:52','2017-10-27 03:55:52','HkZLCXlRZ',NULL,7,NULL),(56,1,1.00,'MYR',NULL,'2017-10-27 03:56:09','2017-10-27 03:56:09','BJWDCQgAZ',13,NULL,NULL),(57,1,27.00,'MYR',NULL,'2017-10-27 03:59:31','2017-10-27 03:59:31','HJsQ14gCZ',3,NULL,NULL),(58,1,13.00,'MYR',NULL,'2017-10-27 03:59:31','2017-10-27 03:59:31','HJsQ14gCZ',2,NULL,NULL),(59,1,18.00,'MYR',NULL,'2017-10-27 03:59:31','2017-10-27 03:59:31','HJsQ14gCZ',1,NULL,NULL),(60,1,109.00,'MYR',NULL,'2017-10-27 03:59:31','2017-10-27 03:59:31','HJsQ14gCZ',5,NULL,NULL),(61,1,39.00,'MYR',NULL,'2017-10-27 03:59:31','2017-10-27 03:59:31','HJsQ14gCZ',4,NULL,NULL),(62,1,45.00,'MYR',NULL,'2017-10-27 03:59:31','2017-10-27 03:59:31','HJsQ14gCZ',8,NULL,NULL),(63,1,13.00,'MYR',NULL,'2017-10-27 03:59:31','2017-10-27 03:59:31','HJsQ14gCZ',7,NULL,NULL),(64,1,18.00,'MYR',NULL,'2017-10-27 03:59:31','2017-10-27 03:59:31','HJsQ14gCZ',6,NULL,NULL),(65,1,22.00,'MYR',NULL,'2017-10-27 03:59:31','2017-10-27 03:59:31','HJsQ14gCZ',11,NULL,NULL),(66,1,22.00,'MYR',NULL,'2017-10-27 03:59:31','2017-10-27 03:59:31','HJsQ14gCZ',10,NULL,NULL),(67,1,12.00,'MYR',NULL,'2017-10-27 03:59:31','2017-10-27 03:59:31','HJsQ14gCZ',9,NULL,NULL),(68,1,1.00,'MYR',NULL,'2017-10-27 03:59:31','2017-10-27 03:59:31','HJsQ14gCZ',13,NULL,NULL),(69,1,17.00,'MYR',NULL,'2017-10-27 03:59:31','2017-10-27 03:59:31','HJsQ14gCZ',12,NULL,NULL),(70,1,23.08,'MYR','2018-01-27','2017-10-27 03:59:31','2017-10-27 03:59:31','HJsQ14gCZ',NULL,7,NULL),(71,1,18.00,'MYR',NULL,'2017-10-27 05:33:18','2017-10-27 05:33:18','SkDXSBxCW',1,NULL,NULL),(72,1,18.00,'MYR',NULL,'2017-10-27 06:44:29','2017-10-27 06:44:29','SkBRB8g0b',6,NULL,NULL),(73,1,27.00,'MYR',NULL,'2017-10-27 06:45:27','2017-10-27 06:45:27','H1kf88lAb',3,NULL,NULL),(74,2,13.00,'MYR',NULL,'2017-10-27 06:45:27','2017-10-27 06:45:27','H1kf88lAb',2,NULL,NULL),(75,1,13.00,'MYR',NULL,'2017-10-27 06:45:27','2017-10-27 06:45:27','H1kf88lAb',7,NULL,NULL),(76,1,13.00,'MYR',NULL,'2017-10-27 06:47:53','2017-10-27 06:47:53','SkGoLIeA-',2,NULL,NULL),(77,1,27.00,'MYR',NULL,'2017-10-27 06:47:53','2017-10-27 06:47:53','SkGoLIeA-',3,NULL,NULL),(78,1,13.00,'MYR',NULL,'2017-10-27 06:47:53','2017-10-27 06:47:53','SkGoLIeA-',7,NULL,NULL),(79,1,18.00,'MYR',NULL,'2017-10-27 06:50:56','2017-10-27 06:50:56','SytLwIgRb',6,NULL,NULL),(80,1,18.00,'MYR',NULL,'2017-10-27 06:53:21','2017-10-27 06:53:21','r19JO8xRb',1,NULL,NULL),(81,1,18.00,'MYR',NULL,'2017-10-27 06:53:21','2017-10-27 06:53:21','r19JO8xRb',6,NULL,NULL),(82,1,27.00,'MYR',NULL,'2017-10-27 07:03:05','2017-10-27 07:03:05','SJf45IlRZ',3,NULL,NULL),(83,1,18.00,'MYR',NULL,'2017-10-27 07:03:05','2017-10-27 07:03:05','SJf45IlRZ',1,NULL,NULL),(84,1,23.08,'MYR','2018-01-27','2017-10-27 07:03:05','2017-10-27 07:03:05','SJf45IlRZ',NULL,7,NULL),(85,1,70.00,'MYR','2018-01-27','2017-10-27 07:03:05','2017-10-27 07:03:05','SJf45IlRZ',NULL,4,NULL),(86,1,18.00,'MYR',NULL,'2017-10-27 07:04:49','2017-10-27 07:04:49','BkY55IeRb',1,NULL,NULL),(87,1,55.00,'MYR','2018-01-27','2017-10-27 07:04:49','2017-10-27 07:04:49','BkY55IeRb',NULL,3,NULL),(88,1,18.00,'MYR',NULL,'2017-10-27 07:23:48','2017-10-27 07:23:48','Hya-1DlAZ',1,NULL,NULL),(89,1,18.00,'MYR',NULL,'2017-10-27 07:23:48','2017-10-27 07:23:48','Hya-1DlAZ',6,NULL,NULL),(90,1,13.00,'MYR',NULL,'2017-10-27 07:23:48','2017-10-27 07:23:48','Hya-1DlAZ',7,NULL,NULL),(91,1,18.00,'MYR',NULL,'2017-10-27 07:26:13','2017-10-27 07:26:13','rkA9kvxRZ',1,NULL,NULL),(92,4,19.00,'MYR',NULL,'2017-10-27 07:44:37','2017-10-27 07:44:37','S1RkNvl0Z',2,NULL,NULL),(93,1,18.00,'MYR',NULL,'2017-10-27 07:45:05','2017-10-27 07:45:05','S1KWNPl0-',6,NULL,NULL),(94,1,19.00,'MYR',NULL,'2017-10-27 07:45:05','2017-10-27 07:45:05','S1KWNPl0-',2,NULL,NULL),(95,4,18.00,'MYR',NULL,'2017-10-27 08:05:28','2017-10-27 08:05:28','BJxROwg0W',6,NULL,NULL),(96,2,18.00,'MYR',NULL,'2017-10-27 09:16:56','2017-10-27 09:16:56','H1-9Kdl0b',1,NULL,NULL),(97,1,18.00,'MYR',NULL,'2017-10-27 09:16:56','2017-10-27 09:16:56','H1-9Kdl0b',6,NULL,NULL),(98,1,19.00,'MYR',NULL,'2017-10-27 09:44:05','2017-10-27 09:44:05','SyAJxYgR-',13,NULL,NULL),(99,1,23.08,'MYR','2018-01-27','2017-10-27 09:44:05','2017-10-27 09:44:05','SyAJxYgR-',NULL,7,NULL),(100,1,18.00,'MYR',NULL,'2017-10-27 09:48:45','2017-10-27 09:48:45','BJLbWFe0W',1,NULL,NULL),(101,1,13.00,'MYR',NULL,'2017-10-27 10:21:17','2017-10-27 10:21:17','HyHj_YeA-',2,NULL,NULL),(102,1,18.00,'MYR',NULL,'2017-10-27 10:37:59','2017-10-27 10:37:59','Sk1q2YlC-',1,NULL,NULL),(103,5,18.00,'MYR',NULL,'2017-10-27 11:04:06','2017-10-27 11:04:06','rykhz9gCW',1,NULL,NULL),(104,1,18.00,'MYR',NULL,'2017-10-27 11:10:24','2017-10-27 11:10:24','B1tXV9gAZ',1,NULL,NULL),(105,1,18.00,'MYR',NULL,'2017-10-27 12:11:30','2017-10-27 12:11:30','rJsdMsxR-',1,NULL,NULL),(106,1,18.00,'MYR',NULL,'2017-10-28 03:02:39','2017-10-28 03:02:39','Hy_8X_-0b',1,NULL,NULL),(107,1,27.00,'MYR',NULL,'2017-10-28 03:02:39','2017-10-28 03:02:39','Hy_8X_-0b',3,NULL,NULL),(108,1,13.00,'MYR',NULL,'2017-10-28 03:02:39','2017-10-28 03:02:39','Hy_8X_-0b',2,NULL,NULL),(109,1,109.00,'MYR',NULL,'2017-10-28 03:02:39','2017-10-28 03:02:39','Hy_8X_-0b',5,NULL,NULL),(110,1,39.00,'MYR',NULL,'2017-10-28 03:02:39','2017-10-28 03:02:39','Hy_8X_-0b',4,NULL,NULL),(111,1,18.00,'MYR',NULL,'2017-10-28 03:15:26','2017-10-28 03:15:26','Hy8L8_ZRW',1,NULL,NULL),(112,1,18.00,'MYR',NULL,'2017-10-28 03:15:46','2017-10-28 03:15:46','SJcwUuWAW',6,NULL,NULL),(113,1,13.00,'MYR',NULL,'2017-10-28 03:15:58','2017-10-28 03:15:58','Skw_U_ZAb',2,NULL,NULL),(114,1,19.00,'MYR',NULL,'2017-10-28 03:16:22','2017-10-28 03:16:22','Hy0FU_-Rb',13,NULL,NULL),(115,1,27.00,'MYR',NULL,'2017-10-28 03:16:36','2017-10-28 03:16:36','BJp9Uu-0Z',3,NULL,NULL),(116,1,39.00,'MYR',NULL,'2017-10-28 03:16:57','2017-10-28 03:16:57','ByW3U_Z0Z',4,NULL,NULL),(117,1,59.00,'MYR',NULL,'2017-10-28 03:17:24','2017-10-28 03:17:24','Hk26UOZRZ',15,NULL,NULL),(118,1,27.00,'MYR',NULL,'2017-10-28 03:17:24','2017-10-28 03:17:24','Hk26UOZRZ',3,NULL,NULL),(119,1,13.00,'MYR',NULL,'2017-10-28 03:17:24','2017-10-28 03:17:24','Hk26UOZRZ',2,NULL,NULL),(120,1,18.00,'MYR',NULL,'2017-10-28 03:23:35','2017-10-28 03:23:35','HkeBuO-0b',1,NULL,NULL),(121,1,13.00,'MYR',NULL,'2017-10-28 03:23:35','2017-10-28 03:23:35','HkeBuO-0b',2,NULL,NULL),(122,1,18.00,'MYR',NULL,'2017-10-28 03:27:36','2017-10-28 03:27:36','H1ZVKOWAZ',1,NULL,NULL),(123,1,70.00,'MYR','2018-01-28','2017-10-28 04:35:15','2017-10-28 04:35:15','S1jbKFZ0-',NULL,4,NULL),(124,1,18.00,'MYR',NULL,'2017-10-28 05:31:53','2017-10-28 05:31:53','rJbLI5Z0-',6,NULL,NULL),(125,1,18.00,'MYR',NULL,'2017-10-28 05:31:53','2017-10-28 05:31:53','rJbLI5Z0-',1,NULL,NULL),(126,1,18.00,'MYR',NULL,'2017-10-28 07:03:19','2017-10-28 07:03:19','H1xTis-AW',1,NULL,NULL),(127,1,13.00,'MYR',NULL,'2017-10-28 07:20:54','2017-10-28 07:20:54','SkJye2-CZ',2,NULL,NULL),(128,1,27.00,'MYR',NULL,'2017-10-28 07:20:54','2017-10-28 07:20:54','SkJye2-CZ',3,NULL,NULL),(129,1,18.00,'MYR',NULL,'2017-10-28 07:38:33','2017-10-28 07:38:33','Sy-bVnZC-',1,NULL,NULL),(130,1,27.00,'MYR',NULL,'2017-10-28 07:38:33','2017-10-28 07:38:33','Sy-bVnZC-',3,NULL,NULL),(131,1,18.00,'MYR',NULL,'2017-10-28 07:58:22','2017-10-28 07:58:22','rJDo_2ZRb',1,NULL,NULL),(132,1,31.08,'MYR','2018-01-28','2017-10-28 07:58:22','2017-10-28 07:58:22','rJDo_2ZRb',NULL,8,NULL),(133,1,13.00,'MYR',NULL,'2017-10-28 08:12:46','2017-10-28 08:12:46','ByvW3hWCZ',2,NULL,NULL),(134,1,13.00,'MYR',NULL,'2017-10-28 08:38:55','2017-10-28 08:38:55','S1dmzTZ0Z',7,NULL,NULL),(135,1,18.00,'MYR',NULL,'2017-10-28 08:38:55','2017-10-28 08:38:55','S1dmzTZ0Z',1,NULL,NULL),(136,1,55.00,'MYR','2017-10-29','2017-10-28 08:42:38','2017-10-28 08:42:38','rJLZ7TbC-',NULL,3,NULL),(137,1,18.00,'MYR',NULL,'2017-10-28 08:43:37','2017-10-28 08:43:37','SkWH76b0b',1,NULL,NULL),(138,1,109.00,'MYR',NULL,'2017-10-28 08:44:03','2017-10-28 08:44:03','BJhLQabCW',5,NULL,NULL),(139,1,75.00,'MYR','2017-10-29','2017-10-28 08:44:03','2017-10-28 08:44:03','BJhLQabCW',NULL,6,NULL),(140,1,13.00,'MYR',NULL,'2017-10-28 08:59:26','2017-10-28 08:59:26','H1IgvpW0W',2,NULL,NULL),(141,1,59.00,'MYR',NULL,'2017-10-28 08:59:26','2017-10-28 08:59:26','H1IgvpW0W',15,NULL,NULL),(142,1,18.00,'MYR',NULL,'2017-10-28 09:00:41','2017-10-28 09:00:41','SkbBva-CW',1,NULL,NULL),(143,1,18.00,'MYR',NULL,'2017-10-28 09:04:54','2017-10-28 09:04:54','H11H_TZCZ',1,NULL,NULL),(144,1,18.00,'MYR',NULL,'2017-10-28 09:04:54','2017-10-28 09:04:54','H11H_TZCZ',6,NULL,NULL),(145,1,220.00,'MYR','2018-01-28','2017-10-28 09:31:53','2017-10-28 09:31:53','BJW90a-RZ',NULL,1,NULL),(146,1,13.00,'MYR',NULL,'2017-10-28 09:34:32','2017-10-28 09:34:32','r1lEk0WRW',2,NULL,NULL),(147,1,27.00,'MYR',NULL,'2017-10-28 09:34:32','2017-10-28 09:34:32','r1lEk0WRW',3,NULL,NULL),(148,1,13.00,'RM',NULL,'2017-10-28 11:15:02','2017-10-28 11:15:02','H1A381fAZ',2,NULL,NULL),(149,1,19.00,'RM',NULL,'2017-10-28 11:15:02','2017-10-28 11:15:02','H1A381fAZ',13,NULL,NULL),(150,1,55.00,'RM','2018-01-28','2017-10-28 11:15:02','2017-10-28 11:15:02','H1A381fAZ',NULL,3,NULL),(151,1,18.00,'RM',NULL,'2017-10-28 11:19:48','2017-10-28 11:19:48','S1h0vkfA-',1,NULL,NULL),(152,1,55.00,'RM','2018-01-28','2017-10-28 11:19:48','2017-10-28 11:19:48','S1h0vkfA-',NULL,3,NULL),(153,1,109.00,'RM',NULL,'2017-10-28 11:38:38','2017-10-28 11:38:38','Hk8H31MA-',5,NULL,NULL),(154,1,220.00,'RM','2017-10-29','2017-10-28 11:38:38','2017-10-28 11:38:38','Hk8H31MA-',NULL,1,NULL),(155,1,18.00,'RM',NULL,'2017-10-28 11:39:35','2017-10-28 11:39:35','SkxK3kf0-',6,NULL,NULL),(156,1,39.00,'RM',NULL,'2017-10-28 11:39:35','2017-10-28 11:39:35','SkxK3kf0-',4,NULL,NULL),(157,1,18.00,'RM',NULL,'2017-10-28 11:39:35','2017-10-28 11:39:35','SkxK3kf0-',1,NULL,NULL),(158,1,23.08,'RM','2018-01-28','2017-10-28 11:39:35','2017-10-28 11:39:35','SkxK3kf0-',NULL,7,NULL),(159,1,18.00,'RM',NULL,'2017-10-28 11:41:53','2017-10-28 11:41:53','SycbpkfC-',6,NULL,NULL),(160,1,27.00,'RM',NULL,'2017-10-28 11:41:53','2017-10-28 11:41:53','SycbpkfC-',3,NULL,NULL),(161,1,27.00,'RM',NULL,'2017-10-28 11:43:29','2017-10-28 11:43:29','SJFvpyMCZ',3,NULL,NULL),(162,1,13.00,'RM',NULL,'2017-10-28 11:43:29','2017-10-28 11:43:29','SJFvpyMCZ',7,NULL,NULL),(163,1,18.00,'RM',NULL,'2017-10-28 11:43:29','2017-10-28 11:43:29','SJFvpyMCZ',6,NULL,NULL),(164,1,18.00,'RM',NULL,'2017-10-28 11:47:02','2017-10-28 11:47:02','SyyB0yGCZ',1,NULL,NULL),(165,1,220.00,'RM','2017-10-29','2017-10-28 12:02:36','2017-10-28 12:02:36','S1NkzxzA-',NULL,1,NULL),(166,1,18.00,'RM',NULL,'2017-10-28 12:52:40','2017-10-28 12:52:40','BylsagMAb',1,NULL,NULL),(167,1,27.00,'RM',NULL,'2017-10-28 16:29:49','2017-10-28 16:29:49','S1rtlNfAW',3,NULL,NULL),(168,1,39.00,'RM',NULL,'2017-10-28 16:29:49','2017-10-28 16:29:49','S1rtlNfAW',4,NULL,NULL),(169,1,45.00,'RM',NULL,'2017-10-28 16:29:49','2017-10-28 16:29:49','S1rtlNfAW',8,NULL,NULL),(170,1,220.00,'RM','2018-01-28','2017-10-28 16:29:49','2017-10-28 16:29:49','S1rtlNfAW',NULL,1,NULL),(171,1,19.00,'RM',NULL,'2017-10-28 16:32:51','2017-10-28 16:32:51','rkhN-VMRb',13,NULL,NULL),(172,1,22.00,'RM',NULL,'2017-10-29 04:24:17','2017-10-29 04:24:17','BJtl_CzR-',10,NULL,NULL),(173,1,18.00,'RM',NULL,'2017-10-29 04:25:50','2017-10-29 04:25:50','SkIId0fCW',1,NULL,NULL),(174,1,55.00,'RM','2017-10-30','2017-10-29 04:29:50','2017-10-29 04:29:50','ryUHFAG0b',NULL,3,NULL),(175,1,55.00,'RM','2018-01-29','2017-10-29 04:30:11','2017-10-29 04:30:11','H13LYCfCZ',NULL,3,NULL),(176,1,300.00,'RM','2018-01-29','2017-10-29 04:31:00','2017-10-29 04:31:00','B1aKYCfRW',NULL,5,NULL),(177,1,55.00,'RM','2017-10-30','2017-10-29 04:37:31','2017-10-29 04:37:31','HJ7zsRfRW',NULL,3,NULL),(178,1,75.00,'RM','2017-10-30','2017-10-29 04:37:31','2017-10-29 04:37:31','HJ7zsRfRW',NULL,6,NULL),(179,1,70.00,'RM','2017-10-30','2017-10-29 04:37:31','2017-10-29 04:37:31','HJ7zsRfRW',NULL,4,NULL),(180,1,18.00,'RM',NULL,'2017-10-29 04:44:00','2017-10-29 04:44:00','Sy_q2CfRW',1,NULL,NULL),(181,1,280.00,'RM','2017-10-30','2017-10-29 04:45:47','2017-10-29 04:45:47','B14WaAzC-',NULL,2,NULL),(182,1,280.00,'RM','2018-01-29','2017-10-29 04:48:13','2017-10-29 04:48:13','H1Hca0GCW',NULL,2,NULL),(183,1,75.00,'RM','2018-01-29','2017-10-29 04:48:52','2017-10-29 04:48:52','BJ32TAMCZ',NULL,6,NULL),(184,3,18.00,'RM',NULL,'2017-10-29 06:39:50','2017-10-29 06:39:50','Sk0hweXR-',1,NULL,NULL),(185,1,13.00,'RM',NULL,'2017-10-29 07:21:59','2017-10-29 07:21:59','rJ1ob-Q0W',2,NULL,NULL),(186,1,75.00,'RM','2017-10-30','2017-10-29 07:21:59','2017-10-29 07:21:59','rJ1ob-Q0W',NULL,6,NULL),(187,1,18.00,'RM',NULL,'2017-10-29 07:30:34','2017-10-29 07:30:34','SkQombmC-',6,NULL,NULL),(188,2,27.00,'RM',NULL,'2017-10-29 07:30:34','2017-10-29 07:30:34','SkQombmC-',3,NULL,NULL),(189,1,18.00,'RM',NULL,'2017-10-29 09:15:20','2017-10-29 09:15:20','BkbVnGQ0W',1,NULL,NULL),(190,2,18.00,'RM',NULL,'2017-10-29 09:15:20','2017-10-29 09:15:20','BkbVnGQ0W',6,NULL,NULL),(191,1,70.00,'RM','2018-01-29','2017-10-29 09:33:53','2017-10-29 09:33:53','S1cFeQm0W',NULL,4,NULL),(192,1,13.00,'RM',NULL,'2017-10-29 09:39:05','2017-10-29 09:39:05','H1ba-Q7Cb',2,NULL,NULL),(193,1,55.00,'RM','2018-01-29','2017-10-29 09:39:05','2017-10-29 09:39:05','H1ba-Q7Cb',NULL,3,NULL),(194,1,10.00,'S$',NULL,'2017-10-29 16:19:03','2017-10-29 16:19:03','SykY1YmAb',14,NULL,NULL),(195,4,18.00,'RM',NULL,'2017-10-29 17:11:25','2017-10-29 17:11:25','HJ8aoYmCb',1,NULL,NULL),(196,1,109.00,'RM',NULL,'2017-10-29 17:11:25','2017-10-29 17:11:25','HJ8aoYmCb',5,NULL,NULL),(197,9,220.00,'RM','2018-01-29','2017-10-29 17:11:25','2017-10-29 17:11:25','HJ8aoYmCb',NULL,1,NULL),(198,1,109.00,'RM',NULL,'2017-10-29 17:12:11','2017-10-29 17:12:11','ry4ehFmAW',5,NULL,NULL),(199,2,18.00,'RM',NULL,'2017-10-29 17:34:56','2017-10-29 17:34:56','rJdHW5XAW',1,NULL,NULL),(200,1,18.00,'RM',NULL,'2017-10-29 17:34:56','2017-10-29 17:34:56','rJdHW5XAW',6,NULL,NULL),(201,1,55.00,'RM','2017-10-31','2017-10-30 01:45:31','2017-10-30 01:45:31','rkVSNbVCb',NULL,3,NULL),(202,1,18.00,'RM',NULL,'2017-10-30 01:46:56','2017-10-30 01:46:56','BkO5NW4AW',1,NULL,NULL),(203,1,27.00,'RM',NULL,'2017-10-30 01:46:56','2017-10-30 01:46:56','BkO5NW4AW',3,NULL,NULL),(204,1,13.00,'RM',NULL,'2017-10-30 01:46:56','2017-10-30 01:46:56','BkO5NW4AW',2,NULL,NULL),(205,1,18.00,'RM',NULL,'2017-10-30 02:03:43','2017-10-30 02:03:43','HywYuZ4R-',1,NULL,NULL),(206,1,109.00,'RM',NULL,'2017-10-30 02:03:43','2017-10-30 02:03:43','HywYuZ4R-',5,NULL,NULL),(207,1,70.00,'RM','2018-01-30','2017-10-30 02:03:43','2017-10-30 02:03:43','HywYuZ4R-',NULL,4,NULL),(208,1,55.00,'RM','2018-01-30','2017-10-30 02:03:43','2017-10-30 02:03:43','HywYuZ4R-',NULL,3,NULL),(209,1,18.00,'RM',NULL,'2017-10-30 02:20:24','2017-10-30 02:20:24','ryZO3bERb',1,NULL,NULL),(210,1,27.00,'RM',NULL,'2017-10-30 02:20:24','2017-10-30 02:20:24','ryZO3bERb',3,NULL,NULL),(211,1,39.00,'RM',NULL,'2017-10-30 02:20:24','2017-10-30 02:20:24','ryZO3bERb',4,NULL,NULL),(212,1,220.00,'RM','2018-01-30','2017-10-30 02:39:13','2017-10-30 02:39:13','Hk9AefNAW',NULL,1,NULL),(213,1,109.00,'RM',NULL,'2017-10-30 02:42:27','2017-10-30 02:42:27','Skj9-zV0Z',5,NULL,NULL),(214,1,70.00,'RM','2018-01-30','2017-10-30 02:42:27','2017-10-30 02:42:27','Skj9-zV0Z',NULL,4,NULL),(215,2,27.00,'RM',NULL,'2017-10-30 02:52:25','2017-10-30 02:52:25','SkZg4GV0W',3,NULL,NULL),(216,2,13.00,'RM',NULL,'2017-10-30 02:52:25','2017-10-30 02:52:25','SkZg4GV0W',2,NULL,NULL),(217,2,18.00,'RM',NULL,'2017-10-30 02:52:25','2017-10-30 02:52:25','SkZg4GV0W',1,NULL,NULL),(218,2,55.00,'RM','2018-01-30','2017-10-30 02:52:25','2017-10-30 02:52:25','SkZg4GV0W',NULL,3,NULL),(219,1,18.00,'RM',NULL,'2017-10-30 02:56:47','2017-10-30 02:56:47','S1DerMVRb',1,NULL,NULL),(220,1,18.00,'RM',NULL,'2017-10-30 02:56:47','2017-10-30 02:56:47','S1DerMVRb',6,NULL,NULL),(221,1,55.00,'RM','2018-01-30','2017-10-30 03:26:49','2017-10-30 03:26:49','SkG-2MNA-',NULL,3,NULL),(222,1,18.00,'RM',NULL,'2017-10-30 03:52:53','2017-10-30 03:52:53','rkTMzQ4Cb',1,NULL,NULL),(223,1,109.00,'RM',NULL,'2017-10-30 03:52:53','2017-10-30 03:52:53','rkTMzQ4Cb',5,NULL,NULL),(224,1,109.00,'RM',NULL,'2017-10-30 04:16:58','2017-10-30 04:16:58','r1MpwQVC-',5,NULL,NULL),(225,2,18.00,'RM',NULL,'2017-10-30 04:24:35','2017-10-30 04:24:35','r13YtXVCW',1,NULL,NULL),(226,2,13.00,'RM',NULL,'2017-10-30 04:24:35','2017-10-30 04:24:35','r13YtXVCW',2,NULL,NULL),(227,1,18.00,'RM',NULL,'2017-10-30 04:28:43','2017-10-30 04:28:43','ryEt9m4CW',6,NULL,NULL),(228,1,18.00,'RM',NULL,'2017-10-30 04:28:43','2017-10-30 04:28:43','ryEt9m4CW',1,NULL,NULL),(229,1,27.00,'RM',NULL,'2017-10-30 04:34:02','2017-10-30 04:34:02','ByQpjXV0Z',3,NULL,NULL),(230,1,18.00,'RM',NULL,'2017-10-30 05:37:47','2017-10-30 05:37:47','SyV2cVNCb',1,NULL,NULL),(231,1,13.00,'RM',NULL,'2017-10-30 05:37:47','2017-10-30 05:37:47','SyV2cVNCb',2,NULL,NULL),(232,1,109.00,'RM',NULL,'2017-10-30 05:37:47','2017-10-30 05:37:47','SyV2cVNCb',5,NULL,NULL),(233,1,12.00,'RM',NULL,'2017-10-30 06:36:10','2017-10-30 06:36:10','r1zPdBVCb',9,NULL,NULL),(234,1,70.00,'RM','2018-01-30','2017-10-30 06:36:10','2017-10-30 06:36:10','r1zPdBVCb',NULL,4,NULL),(235,1,109.00,'RM',NULL,'2017-10-30 08:13:30','2017-10-30 08:13:30','HyM4kvNA-',5,NULL,NULL),(236,1,220.00,'RM','2017-10-31','2017-10-30 08:27:42','2017-10-30 08:27:42','ByPKfDNRb',NULL,1,NULL),(237,1,13.00,'RM',NULL,'2017-10-30 08:33:38','2017-10-30 08:33:38','HkckVDVRW',2,NULL,NULL),(238,1,13.00,'RM',NULL,'2017-10-30 08:33:38','2017-10-30 08:33:38','HkckVDVRW',7,NULL,NULL),(239,1,18.00,'RM',NULL,'2017-10-30 09:48:24','2017-10-30 09:48:24','r1b_H_VC-',1,NULL,NULL),(240,1,18.00,'RM',NULL,'2017-10-30 09:49:06','2017-10-30 09:49:06','SJs9SO4Rb',6,NULL,NULL),(241,1,13.00,'RM',NULL,'2017-10-30 09:52:49','2017-10-30 09:52:49','SJ9OUuN0b',2,NULL,NULL),(242,1,18.00,'RM',NULL,'2017-10-30 09:52:49','2017-10-30 09:52:49','SJ9OUuN0b',1,NULL,NULL),(243,1,55.00,'RM','2018-01-30','2017-10-30 09:52:49','2017-10-30 09:52:49','SJ9OUuN0b',NULL,3,NULL),(244,2,18.00,'RM',NULL,'2017-10-30 10:00:48','2017-10-30 10:00:48','rJu8OOV0-',1,NULL,NULL),(245,1,18.00,'RM',NULL,'2017-10-30 10:01:18','2017-10-30 10:01:18','S18uu_VC-',1,NULL,NULL),(246,1,19.00,'RM',NULL,'2017-10-30 10:01:18','2017-10-30 10:01:18','S18uu_VC-',13,NULL,NULL),(247,1,55.00,'RM','2018-01-30','2017-10-30 10:01:18','2017-10-30 10:01:18','S18uu_VC-',NULL,3,NULL),(248,1,220.00,'RM','2018-01-30','2017-10-30 10:03:37','2017-10-30 10:03:37','HkbbK_ECZ',NULL,1,NULL),(249,1,300.00,'RM','2017-10-31','2017-10-30 10:12:30','2017-10-30 10:12:30','ByPfi_VAW',NULL,5,NULL),(250,1,13.00,'RM',NULL,'2017-10-30 10:33:50','2017-10-30 10:33:50','H18MxYERZ',2,NULL,NULL),(251,1,13.00,'RM',NULL,'2017-10-30 10:33:50','2017-10-30 10:33:50','H18MxYERZ',7,NULL,NULL),(252,1,55.00,'RM','2018-01-30','2017-10-30 10:33:50','2017-10-30 10:33:50','H18MxYERZ',NULL,3,NULL),(253,1,10.00,'S$',NULL,'2017-10-30 10:50:34','2017-10-30 10:50:34','SkzZEF4Ab',14,NULL,NULL),(254,1,49.00,'S$',NULL,'2017-10-30 10:50:34','2017-10-30 10:50:34','SkzZEF4Ab',16,NULL,NULL),(255,1,49.00,'S$',NULL,'2017-10-30 11:00:48','2017-10-30 11:00:48','H1_PLKEC-',16,NULL,NULL),(256,1,55.00,'RM','2018-01-30','2017-10-30 11:11:25','2017-10-30 11:11:25','HkI1KKNRZ',NULL,3,NULL),(257,1,18.00,'RM',NULL,'2017-10-30 13:18:29','2017-10-30 13:18:29','BJpsIiNRb',1,NULL,NULL),(258,1,13.00,'RM',NULL,'2017-10-30 13:18:29','2017-10-30 13:18:29','BJpsIiNRb',7,NULL,NULL),(259,1,18.00,'RM',NULL,'2017-10-30 14:31:59','2017-10-30 14:31:59','S1dJ_2NCb',6,NULL,NULL),(260,1,280.00,'RM','2018-01-30','2017-10-30 14:31:59','2017-10-30 14:31:59','S1dJ_2NCb',NULL,2,NULL),(261,2,18.00,'RM',NULL,'2017-10-30 14:37:32','2017-10-30 14:37:32','H1N4tnVR-',1,NULL,NULL),(262,1,18.00,'RM',NULL,'2017-10-30 14:39:11','2017-10-30 14:39:11','rywqFnEAZ',1,NULL,NULL),(263,1,39.00,'RM',NULL,'2017-10-30 14:39:11','2017-10-30 14:39:11','rywqFnEAZ',4,NULL,NULL),(264,1,13.00,'RM',NULL,'2017-10-30 14:47:19','2017-10-30 14:47:19','ryxFo34AW',7,NULL,NULL),(265,1,39.00,'RM',NULL,'2017-10-30 14:47:19','2017-10-30 14:47:19','ryxFo34AW',4,NULL,NULL),(266,1,13.00,'RM',NULL,'2017-10-30 14:59:42','2017-10-30 14:59:42','HyDwAh4RZ',2,NULL,NULL),(267,1,27.00,'RM',NULL,'2017-10-30 14:59:42','2017-10-30 14:59:42','HyDwAh4RZ',3,NULL,NULL),(268,1,55.00,'RM','2018-01-30','2017-10-30 14:59:42','2017-10-30 14:59:42','HyDwAh4RZ',NULL,3,NULL),(269,1,109.00,'RM',NULL,'2017-10-31 00:15:18','2017-10-31 00:15:18','BJJjlHrA-',5,NULL,NULL),(270,1,18.00,'RM',NULL,'2017-10-31 02:23:57','2017-10-31 02:23:57','r1Bp0ISRW',6,NULL,NULL),(271,1,13.00,'RM',NULL,'2017-10-31 02:23:57','2017-10-31 02:23:57','r1Bp0ISRW',7,NULL,NULL),(272,1,18.00,'RM',NULL,'2017-10-31 02:31:19','2017-10-31 02:31:19','SykFxvBA-',1,NULL,NULL),(273,2,18.00,'RM',NULL,'2017-10-31 02:31:50','2017-10-31 02:31:50','HyJolvBRW',1,NULL,NULL),(274,1,109.00,'RM',NULL,'2017-10-31 02:31:50','2017-10-31 02:31:50','HyJolvBRW',5,NULL,NULL),(275,1,109.00,'RM',NULL,'2017-10-31 02:33:08','2017-10-31 02:33:08','H1pJ-wr0b',5,NULL,NULL),(276,1,109.00,'RM',NULL,'2017-10-31 02:44:36','2017-10-31 02:44:36','ry29QvrC-',5,NULL,NULL),(277,1,27.00,'RM',NULL,'2017-10-31 02:48:00','2017-10-31 02:48:00','SyOwVDBRW',3,NULL,NULL),(278,1,39.00,'RM',NULL,'2017-10-31 02:48:00','2017-10-31 02:48:00','SyOwVDBRW',4,NULL,NULL),(279,1,13.00,'RM',NULL,'2017-10-31 02:48:00','2017-10-31 02:48:00','SyOwVDBRW',7,NULL,NULL),(280,1,70.00,'RM','2018-01-31','2017-10-31 02:56:41','2017-10-31 02:56:41','HkZuUDr0b',NULL,4,NULL),(281,1,13.00,'RM',NULL,'2017-10-31 03:13:59','2017-10-31 03:13:59','HklK9PSAb',7,NULL,NULL),(282,1,39.00,'RM',NULL,'2017-10-31 03:13:59','2017-10-31 03:13:59','HklK9PSAb',4,NULL,NULL),(283,1,109.00,'RM',NULL,'2017-10-31 03:15:46','2017-10-31 03:15:46','rysJoDB0Z',5,NULL,NULL),(284,1,18.00,'RM',NULL,'2017-10-31 03:29:16','2017-10-31 03:29:16','HySGRwS0Z',6,NULL,NULL),(285,1,70.00,'RM','2018-01-31','2017-10-31 03:29:16','2017-10-31 03:29:16','HySGRwS0Z',NULL,4,NULL),(286,1,39.00,'RM',NULL,'2017-10-31 03:38:05','2017-10-31 03:38:05','B1LmxdHRb',4,NULL,NULL),(287,1,45.00,'RM',NULL,'2017-10-31 03:38:05','2017-10-31 03:38:05','B1LmxdHRb',8,NULL,NULL),(288,1,59.00,'RM',NULL,'2017-10-31 03:41:26','2017-10-31 03:41:26','SJRyWuBC-',15,NULL,NULL),(289,1,109.00,'RM',NULL,'2017-10-31 04:09:04','2017-10-31 04:09:04','rJdPP_SR-',5,NULL,NULL),(290,1,19.00,'RM',NULL,'2017-10-31 04:12:13','2017-10-31 04:12:13','ryL7_dr0Z',13,NULL,NULL),(291,1,45.00,'RM',NULL,'2017-10-31 04:12:13','2017-10-31 04:12:13','ryL7_dr0Z',8,NULL,NULL),(292,1,59.00,'RM',NULL,'2017-10-31 04:29:51','2017-10-31 04:29:51','BkwSn_H0W',15,NULL,NULL),(293,1,13.00,'RM',NULL,'2017-10-31 04:29:51','2017-10-31 04:29:51','BkwSn_H0W',7,NULL,NULL),(294,1,18.00,'RM',NULL,'2017-10-31 04:39:55','2017-10-31 04:39:55','Bk7iCur0b',6,NULL,NULL),(295,1,13.00,'RM',NULL,'2017-10-31 04:39:55','2017-10-31 04:39:55','Bk7iCur0b',7,NULL,NULL),(296,1,39.00,'RM',NULL,'2017-10-31 04:39:55','2017-10-31 04:39:55','Bk7iCur0b',4,NULL,NULL),(319,1,19.00,'RM',NULL,'2017-10-31 06:53:59','2017-10-31 06:53:59','B1yz09SAW',13,NULL,NULL),(321,1,13.00,'RM',NULL,'2017-10-31 06:59:36','2017-10-31 06:59:36','r1gwyirAZ',2,NULL,NULL),(322,2,109.00,'RM',NULL,'2017-10-31 07:02:37','2017-10-31 07:02:37','SJ8zgiBCW',5,NULL,NULL),(323,1,18.00,'RM',NULL,'2017-10-31 07:02:37','2017-10-31 07:02:37','SJ8zgiBCW',1,NULL,NULL),(324,1,109.00,'RM',NULL,'2017-10-31 07:03:43','2017-10-31 07:03:43','SkvUeiSCZ',5,NULL,NULL),(325,1,18.00,'RM',NULL,'2017-10-31 07:03:43','2017-10-31 07:03:43','SkvUeiSCZ',1,NULL,NULL),(326,1,19.00,'RM',NULL,'2017-10-31 07:04:21','2017-10-31 07:04:21','rkadesBAW',13,NULL,NULL),(327,1,19.00,'RM',NULL,'2017-10-31 07:09:59','2017-10-31 07:09:59','HJkAboH0b',13,NULL,NULL),(328,1,39.00,'RM',NULL,'2017-10-31 07:09:59','2017-10-31 07:09:59','HJkAboH0b',4,NULL,NULL),(329,1,55.00,'RM','2018-01-31','2017-10-31 07:09:59','2017-10-31 07:09:59','HJkAboH0b',NULL,3,NULL),(330,1,10.00,'S$',NULL,'2017-10-31 07:10:00','2017-10-31 07:10:00','S1lR-jHC-',17,NULL,NULL),(331,1,22.00,'RM',NULL,'2017-10-31 07:10:00','2017-10-31 07:10:00','S1lR-jHC-',10,NULL,NULL),(332,1,19.00,'RM',NULL,'2017-10-31 07:11:11','2017-10-31 07:11:11','BkuMfiBRb',13,NULL,NULL),(333,1,39.00,'RM',NULL,'2017-10-31 07:11:11','2017-10-31 07:11:11','BkuMfiBRb',4,NULL,NULL),(334,1,55.00,'RM','2018-01-31','2017-10-31 07:11:11','2017-10-31 07:11:11','BkuMfiBRb',NULL,3,NULL),(336,1,220.00,'RM','2017-11-01','2017-10-31 07:14:31','2017-10-31 07:14:31','r1gyXiH0-',NULL,1,NULL),(337,1,13.00,'RM',NULL,'2017-10-31 07:45:30','2017-10-31 07:45:30','HkXX5sHAW',2,NULL,NULL),(338,1,13.00,'RM',NULL,'2017-10-31 07:45:30','2017-10-31 07:45:30','HkXX5sHAW',7,NULL,NULL),(339,1,39.00,'RM',NULL,'2017-10-31 07:45:30','2017-10-31 07:45:30','HkXX5sHAW',4,NULL,NULL),(340,1,70.00,'RM','2018-01-31','2017-10-31 07:45:30','2017-10-31 07:45:30','HkXX5sHAW',NULL,16,NULL),(362,1,18.00,'RM',NULL,'2017-10-31 11:42:10','2017-10-31 11:42:10','r1j5WkIAZ',1,NULL,NULL),(363,2,109.00,'RM',NULL,'2017-10-31 11:42:10','2017-10-31 11:42:10','r1j5WkIAZ',5,NULL,NULL),(364,1,220.00,'RM','2018-01-31','2017-10-31 11:57:15','2017-10-31 11:57:15','ByNmryIRZ',NULL,1,NULL),(365,1,75.00,'RM','2018-01-31','2017-10-31 11:59:00','2017-10-31 11:59:00','ryptBJLA-',NULL,6,NULL),(366,1,0.00,'RM',NULL,'2017-10-31 13:24:53','2017-10-31 13:24:53','B1pstlLR-',27,NULL,NULL),(367,2,18.00,'RM',NULL,'2017-11-01 01:32:48','2017-11-01 01:32:48','rk_S4iU0W',1,NULL,NULL),(368,1,109.00,'RM',NULL,'2017-11-01 01:32:48','2017-11-01 01:32:48','rk_S4iU0W',5,NULL,NULL),(369,1,27.00,'RM',NULL,'2017-11-01 01:32:48','2017-11-01 01:32:48','rk_S4iU0W',3,NULL,NULL),(370,1,17.00,'RM',NULL,'2017-11-01 01:45:23','2017-11-01 01:45:23','Hkh4vjU0b',12,NULL,NULL),(371,1,13.00,'RM',NULL,'2017-11-01 01:45:23','2017-11-01 01:45:23','Hkh4vjU0b',7,NULL,NULL),(372,1,18.00,'RM',NULL,'2017-11-01 01:56:27','2017-11-01 01:56:27','SkQ0KoLRW',1,NULL,NULL),(373,1,39.00,'RM',NULL,'2017-11-01 01:56:27','2017-11-01 01:56:27','SkQ0KoLRW',4,NULL,NULL),(374,1,55.00,'RM','2017-11-02','2017-11-01 01:56:27','2017-11-01 01:56:27','SkQ0KoLRW',NULL,3,NULL),(375,2,13.00,'RM',NULL,'2017-11-01 01:56:42','2017-11-01 01:56:42','ryQ1csIRb',7,NULL,NULL),(376,1,220.00,'RM','2018-02-01','2017-11-01 03:09:29','2017-11-01 03:09:29','ByWgonLRW',NULL,1,NULL),(377,1,27.00,'RM',NULL,'2017-11-01 03:39:45','2017-11-01 03:39:45','SkKZMTI0Z',3,NULL,NULL),(378,1,18.00,'RM',NULL,'2017-11-01 03:39:45','2017-11-01 03:39:45','SkKZMTI0Z',1,NULL,NULL),(379,1,70.00,'RM','2018-02-01','2017-11-01 03:48:58','2017-11-01 03:48:58','H1GVNaURW',NULL,16,NULL),(380,2,18.00,'RM',NULL,'2017-11-01 04:31:43','2017-11-01 04:31:43','S1D4ATLR-',1,NULL,NULL),(381,1,18.00,'RM',NULL,'2017-11-01 04:37:33','2017-11-01 04:37:33','S1UcyA80-',6,NULL,NULL),(382,1,13.00,'RM',NULL,'2017-11-01 04:37:33','2017-11-01 04:37:33','S1UcyA80-',7,NULL,NULL),(383,1,19.00,'RM',NULL,'2017-11-01 04:45:44','2017-11-01 04:45:44','SkgtbAU0b',13,NULL,NULL),(384,1,13.00,'RM',NULL,'2017-11-01 04:45:44','2017-11-01 04:45:44','SkgtbAU0b',7,NULL,NULL),(385,1,75.00,'RM','2018-02-01','2017-11-01 04:53:44','2017-11-01 04:53:44','rybPXRIC-',NULL,6,NULL),(386,1,18.00,'RM',NULL,'2017-11-01 05:23:37','2017-11-01 05:23:37','ryGD5RLR-',1,NULL,NULL),(387,1,109.00,'RM',NULL,'2017-11-01 05:28:10','2017-11-01 05:28:10','rkQuoAL0Z',5,NULL,NULL),(388,1,18.00,'RM',NULL,'2017-11-01 05:36:40','2017-11-01 05:36:40','rJxOpR80-',1,NULL,NULL),(389,1,22.00,'RM',NULL,'2017-11-01 05:36:40','2017-11-01 05:36:40','rJxOpR80-',10,NULL,NULL),(390,1,13.00,'RM',NULL,'2017-11-01 06:03:53','2017-11-01 06:03:53','HyfRXJPAZ',2,NULL,NULL),(391,1,109.00,'RM',NULL,'2017-11-01 06:03:53','2017-11-01 06:03:53','HyfRXJPAZ',5,NULL,NULL),(392,1,13.00,'RM',NULL,'2017-11-01 06:44:11','2017-11-01 06:44:11','SJmHpkvRW',7,NULL,NULL),(393,1,18.00,'RM',NULL,'2017-11-01 06:44:11','2017-11-01 06:44:11','SJmHpkvRW',1,NULL,NULL),(394,1,70.00,'RM','2018-02-01','2017-11-01 06:44:11','2017-11-01 06:44:11','SJmHpkvRW',NULL,4,NULL),(395,1,109.00,'RM',NULL,'2017-11-01 07:29:22','2017-11-01 07:29:22','rJ90PlDCZ',5,NULL,NULL),(396,1,13.00,'RM',NULL,'2017-11-01 07:33:34','2017-11-01 07:33:34','SyICOeD0W',2,NULL,NULL),(397,1,109.00,'RM',NULL,'2017-11-01 07:33:34','2017-11-01 07:33:34','SyICOeD0W',5,NULL,NULL),(398,1,70.00,'RM','2018-02-01','2017-11-01 07:33:34','2017-11-01 07:33:34','SyICOeD0W',NULL,4,NULL),(399,3,220.00,'RM','2018-02-01','2017-11-01 07:41:45','2017-11-01 07:41:45','SkfaqlvAZ',NULL,1,NULL),(400,1,18.00,'RM',NULL,'2017-11-01 08:13:13','2017-11-01 08:13:13','SJZmMbwCW',6,NULL,NULL),(401,1,70.00,'RM','2018-02-01','2017-11-01 08:13:13','2017-11-01 08:13:13','SJZmMbwCW',NULL,4,NULL),(402,1,19.00,'RM',NULL,'2017-11-01 08:51:31','2017-11-01 08:51:31','BknfobDA-',13,NULL,NULL),(403,1,13.00,'RM',NULL,'2017-11-01 08:51:31','2017-11-01 08:51:31','BknfobDA-',7,NULL,NULL),(404,3,13.00,'RM',NULL,'2017-11-01 09:11:44','2017-11-01 09:11:44','r1FRkfwAZ',2,NULL,NULL),(405,1,280.00,'RM','2018-02-01','2017-11-01 09:11:44','2017-11-01 09:11:44','r1FRkfwAZ',NULL,2,NULL),(406,1,75.00,'RM','2018-02-01','2017-11-01 09:11:44','2017-11-01 09:11:44','r1FRkfwAZ',NULL,6,NULL),(407,522,39.00,'RM',NULL,'2017-11-01 10:30:48','2017-11-01 10:30:48','HylvM7w0-',4,NULL,NULL),(408,1,13.00,'RM',NULL,'2017-11-01 10:30:48','2017-11-01 10:30:48','HylvM7w0-',7,NULL,NULL),(409,1,13.00,'RM',NULL,'2017-11-01 10:30:48','2017-11-01 10:30:48','HylvM7w0-',2,NULL,NULL),(410,2,27.00,'RM',NULL,'2017-11-01 10:30:48','2017-11-01 10:30:48','HylvM7w0-',3,NULL,NULL),(411,1,18.00,'RM',NULL,'2017-11-01 10:30:48','2017-11-01 10:30:48','HylvM7w0-',6,NULL,NULL),(412,1,75.00,'RM','2018-02-01','2017-11-01 10:30:48','2017-11-01 10:30:48','HylvM7w0-',NULL,6,NULL),(413,1,13.00,'RM',NULL,'2017-11-01 10:35:12','2017-11-01 10:35:12','ByYDQ7wRb',2,NULL,NULL),(414,1,39.00,'RM',NULL,'2017-11-01 10:35:12','2017-11-01 10:35:12','ByYDQ7wRb',4,NULL,NULL),(415,1,220.00,'RM','2018-02-01','2017-11-01 10:35:12','2017-11-01 10:35:12','ByYDQ7wRb',NULL,1,NULL),(416,1,18.00,'RM',NULL,'2017-11-01 10:40:38','2017-11-01 10:40:38','B1k2V7v0b',1,NULL,NULL),(417,1,13.00,'RM',NULL,'2017-11-01 10:40:38','2017-11-01 10:40:38','B1k2V7v0b',2,NULL,NULL),(418,1,27.00,'RM',NULL,'2017-11-01 10:45:19','2017-11-01 10:45:19','BkDaBXvAb',3,NULL,NULL),(419,1,70.00,'RM','2017-11-02','2017-11-01 10:45:19','2017-11-01 10:45:19','BkDaBXvAb',NULL,4,NULL),(420,1,55.00,'RM','2018-02-01','2017-11-01 10:51:09','2017-11-01 10:51:09','HkHXwmw0b',NULL,3,NULL),(421,1,13.00,'RM',NULL,'2017-11-01 10:53:13','2017-11-01 10:53:13','S1boPQwAW',2,NULL,NULL),(422,1,70.00,'RM','2017-11-02','2017-11-01 10:53:13','2017-11-01 10:53:13','S1boPQwAW',NULL,4,NULL),(423,1,75.00,'RM','2018-02-02','2017-11-02 01:35:22','2017-11-02 01:35:22','B17D8xORW',NULL,6,NULL),(424,1,70.00,'RM','2018-02-02','2017-11-02 02:22:07','2017-11-02 02:22:07','H1D8W-_Rb',NULL,16,NULL),(425,1,55.00,'RM','2018-02-02','2017-11-02 02:25:06','2017-11-02 02:25:06','ryq-M-O0-',NULL,3,NULL),(426,1,18.00,'RM',NULL,'2017-11-02 03:22:32','2017-11-02 03:22:32','r1btyGuRZ',1,NULL,NULL),(427,1,220.00,'RM','2017-11-03','2017-11-02 03:23:35','2017-11-02 03:23:35','H1gpkf_Ab',NULL,1,NULL),(428,1,17.00,'RM',NULL,'2017-11-02 03:43:00','2017-11-02 03:43:00','S12rNf_CZ',12,NULL,NULL),(429,1,55.00,'RM','2018-02-02','2017-11-02 03:43:00','2017-11-02 03:43:00','S12rNf_CZ',NULL,3,NULL),(430,1,18.00,'RM',NULL,'2017-11-02 04:08:05','2017-11-02 04:08:05','rkT79fO0Z',6,NULL,NULL),(431,2,27.00,'RM',NULL,'2017-11-02 04:08:05','2017-11-02 04:08:05','rkT79fO0Z',3,NULL,NULL),(432,2,18.00,'RM',NULL,'2017-11-02 09:08:58','2017-11-02 09:08:58','rymhxDORb',6,NULL,NULL),(433,1,19.00,'RM',NULL,'2017-11-02 09:08:58','2017-11-02 09:08:58','rymhxDORb',13,NULL,NULL),(434,1,18.00,'RM',NULL,'2017-11-02 10:45:30','2017-11-02 10:45:30','S1MUv_dAZ',6,NULL,NULL),(435,1,220.00,'RM','2018-02-02','2017-11-02 11:03:54','2017-11-02 11:03:54','Sy7oiudC-',NULL,1,NULL),(436,1,13.00,'RM',NULL,'2017-11-02 11:04:55','2017-11-02 11:04:55','r1lJ2_uRW',2,NULL,NULL),(437,1,10.00,'S$',NULL,'2017-11-02 11:24:04','2017-11-02 11:24:04','Sy6IetOA-',17,NULL,NULL),(438,2,18.00,'RM',NULL,'2017-11-02 11:30:14','2017-11-02 11:30:14','SJCaWKd0-',6,NULL,NULL),(439,1,70.00,'RM','2018-02-02','2017-11-02 11:30:14','2017-11-02 11:30:14','SJCaWKd0-',NULL,16,NULL),(440,1,27.00,'RM',NULL,'2017-11-02 11:32:33','2017-11-02 11:32:33','BJc8zt_C-',3,NULL,NULL),(441,1,70.00,'RM','2018-02-02','2017-11-02 11:32:33','2017-11-02 11:32:33','BJc8zt_C-',NULL,16,NULL),(442,1,280.00,'RM','2018-02-02','2017-11-02 11:47:21','2017-11-02 11:47:21','rJzCHKOAZ',NULL,15,NULL),(443,1,70.00,'RM','2018-02-02','2017-11-02 11:51:01','2017-11-02 11:51:01','B1ajUtOCW',NULL,4,NULL),(444,2,18.00,'RM',NULL,'2017-11-02 12:01:29','2017-11-02 12:01:29','ByMXYtuCb',1,NULL,NULL),(445,2,220.00,'RM','2018-02-02','2017-11-02 12:01:29','2017-11-02 12:01:29','ByMXYtuCb',NULL,1,NULL),(446,1,39.00,'RM',NULL,'2017-11-02 12:11:41','2017-11-02 12:11:41','S1rtiY_Rb',4,NULL,NULL),(447,1,220.00,'RM','2018-02-02','2017-11-02 12:11:41','2017-11-02 12:11:41','S1rtiY_Rb',NULL,1,NULL),(448,1,109.00,'RM',NULL,'2017-11-02 12:13:12','2017-11-02 12:13:12','rJx1htO0-',5,NULL,NULL),(449,1,18.00,'RM',NULL,'2017-11-02 12:13:12','2017-11-02 12:13:12','rJx1htO0-',1,NULL,NULL),(450,1,18.00,'RM',NULL,'2017-11-02 12:13:48','2017-11-02 12:13:48','S1NZ2tdR-',1,NULL,NULL),(451,1,18.00,'RM',NULL,'2017-11-02 12:13:48','2017-11-02 12:13:48','S1NZ2tdR-',6,NULL,NULL),(452,1,55.00,'RM','2018-02-02','2017-11-02 12:13:48','2017-11-02 12:13:48','S1NZ2tdR-',NULL,3,NULL),(453,1,13.00,'RM',NULL,'2017-11-02 12:24:29','2017-11-02 12:24:29','BkUK0Yd0-',7,NULL,NULL),(454,1,18.00,'RM',NULL,'2017-11-02 12:56:53','2017-11-02 12:56:53','Sk0fLc_0W',1,NULL,NULL),(455,1,13.00,'RM',NULL,'2017-11-02 13:01:26','2017-11-02 13:01:26','B1yNw9ORb',2,NULL,NULL),(458,2,27.00,'RM',NULL,'2017-11-02 13:09:25','2017-11-02 13:09:25','rJ6WYc_0b',3,NULL,NULL),(459,1,13.00,'RM',NULL,'2017-11-02 13:09:25','2017-11-02 13:09:25','rJ6WYc_0b',2,NULL,NULL),(460,2,220.00,'RM','2017-11-03','2017-11-02 13:50:28','2017-11-02 13:50:28','SJnjGodRW',NULL,1,NULL),(461,1,13.00,'RM',NULL,'2017-11-02 13:53:00','2017-11-02 13:53:00','Hk4r7iORW',2,NULL,NULL),(462,1,220.00,'RM','2017-11-03','2017-11-02 13:53:00','2017-11-02 13:53:00','Hk4r7iORW',NULL,1,NULL),(463,1,18.00,'RM',NULL,'2017-11-02 13:59:12','2017-11-02 13:59:12','rk_2ViuRb',1,NULL,NULL),(464,1,220.00,'RM','2017-11-03','2017-11-02 14:02:35','2017-11-02 14:02:35','HkEFBsOC-',NULL,1,NULL),(465,1,18.00,'RM',NULL,'2017-11-02 14:03:49','2017-11-02 14:03:49','SkaaHiuAb',1,NULL,NULL),(466,1,220.00,'RM','2017-11-03','2017-11-02 14:03:49','2017-11-02 14:03:49','SkaaHiuAb',NULL,1,NULL),(467,1,13.00,'RM',NULL,'2017-11-02 14:27:40','2017-11-02 14:27:40','rk4woouAW',2,NULL,NULL),(468,1,18.00,'RM',NULL,'2017-11-02 14:27:40','2017-11-02 14:27:40','rk4woouAW',1,NULL,NULL),(469,1,18.00,'RM',NULL,'2017-11-02 15:17:56','2017-11-02 15:17:56','r12QvhdRZ',1,NULL,NULL),(470,1,220.00,'RM','2017-11-03','2017-11-02 15:33:24','2017-11-02 15:33:24','HJpp5hOAb',NULL,1,NULL),(471,1,18.00,'RM',NULL,'2017-11-02 16:12:04','2017-11-02 16:12:04','Hy20QTu0Z',6,NULL,NULL),(472,2,109.00,'RM',NULL,'2017-11-02 16:12:04','2017-11-02 16:12:04','Hy20QTu0Z',5,NULL,NULL),(473,2,18.00,'RM',NULL,'2017-11-02 16:21:47','2017-11-02 16:21:47','BkE7L6_CW',1,NULL,NULL),(474,1,280.00,'RM','2017-11-03','2017-11-02 16:21:47','2017-11-02 16:21:47','BkE7L6_CW',NULL,2,NULL),(475,1,18.00,'RM',NULL,'2017-11-02 16:23:44','2017-11-02 16:23:44','By_qI6_0b',1,NULL,NULL),(476,1,13.00,'RM',NULL,'2017-11-02 23:51:59','2017-11-02 23:51:59','Hk_syNFRW',2,NULL,NULL),(477,1,39.00,'RM',NULL,'2017-11-02 23:51:59','2017-11-02 23:51:59','Hk_syNFRW',4,NULL,NULL),(478,1,55.00,'RM','2017-11-03','2017-11-02 23:51:59','2017-11-02 23:51:59','Hk_syNFRW',NULL,3,NULL),(479,1,300.00,'RM','2018-02-02','2017-11-02 23:51:59','2017-11-02 23:51:59','Hk_syNFRW',NULL,5,NULL),(480,1,13.00,'RM',NULL,'2017-11-03 01:20:59','2017-11-03 01:20:59','r1VtVBt0W',2,NULL,NULL),(481,1,280.00,'RM','2017-11-04','2017-11-03 01:20:59','2017-11-03 01:20:59','r1VtVBt0W',NULL,2,NULL),(482,1,75.00,'RM','2018-02-03','2017-11-03 01:20:59','2017-11-03 01:20:59','r1VtVBt0W',NULL,6,NULL),(483,1,220.00,'RM','2017-11-04','2017-11-03 01:33:31','2017-11-03 01:33:31','SJQOwBtCW',NULL,1,NULL),(484,1,70.00,'RM','2018-02-03','2017-11-03 02:40:33','2017-11-03 02:40:33','SyKmPUt0Z',NULL,16,NULL),(485,1,220.00,'RM','2018-02-03','2017-11-03 02:45:51','2017-11-03 02:45:51','Sy_PdUY0-',NULL,1,NULL),(486,1,18.00,'RM',NULL,'2017-11-03 02:59:12','2017-11-03 02:59:12','r1OFiUKAb',6,NULL,NULL),(487,1,19.00,'RM',NULL,'2017-11-03 02:59:12','2017-11-03 02:59:12','r1OFiUKAb',13,NULL,NULL),(488,1,70.00,'RM','2018-02-03','2017-11-03 02:59:12','2017-11-03 02:59:12','r1OFiUKAb',NULL,4,NULL),(489,1,27.00,'RM',NULL,'2017-11-03 03:29:31','2017-11-03 03:29:31','BkmsfDKCW',3,NULL,NULL),(490,1,70.00,'RM','2018-02-03','2017-11-03 03:29:31','2017-11-03 03:29:31','BkmsfDKCW',NULL,16,NULL),(491,1,27.00,'RM',NULL,'2017-11-03 03:35:04','2017-11-03 03:35:04','HkgeEPt0Z',3,NULL,NULL),(492,1,39.00,'RM',NULL,'2017-11-03 03:35:04','2017-11-03 03:35:04','HkgeEPt0Z',4,NULL,NULL),(493,1,220.00,'RM','2017-11-04','2017-11-03 03:36:07','2017-11-03 03:36:07','rkkV4wKRb',NULL,1,NULL),(494,1,70.00,'RM','2018-02-03','2017-11-03 03:46:49','2017-11-03 03:46:49','HyGhLvK0W',NULL,4,NULL),(495,1,13.00,'RM',NULL,'2017-11-03 03:46:52','2017-11-03 03:46:52','B1rh8DF0Z',2,NULL,NULL),(496,1,70.00,'RM','2018-02-03','2017-11-03 03:46:52','2017-11-03 03:46:52','B1rh8DF0Z',NULL,16,NULL),(497,1,55.00,'RM','2018-02-03','2017-11-03 03:49:31','2017-11-03 03:49:31','Sk4UPwY0Z',NULL,3,NULL),(498,1,220.00,'RM','2017-11-04','2017-11-03 03:49:31','2017-11-03 03:49:31','Sk4UPwY0Z',NULL,1,NULL),(499,2,13.00,'RM',NULL,'2017-11-03 03:52:09','2017-11-03 03:52:09','SJWldwFRW',2,NULL,NULL),(500,1,55.00,'RM','2018-02-03','2017-11-03 03:52:09','2017-11-03 03:52:09','SJWldwFRW',NULL,3,NULL),(501,1,300.00,'RM','2017-11-04','2017-11-03 03:52:09','2017-11-03 03:52:09','SJWldwFRW',NULL,5,NULL),(502,1,220.00,'RM','2017-11-04','2017-11-03 04:00:39','2017-11-03 04:00:39','S1kxcvY0W',NULL,1,NULL),(503,1,75.00,'RM','2018-02-03','2017-11-03 04:00:39','2017-11-03 04:00:39','S1kxcvY0W',NULL,6,NULL),(504,1,280.00,'RM','2018-02-03','2017-11-03 04:09:00','2017-11-03 04:09:00','HyBJnDF0W',NULL,2,NULL),(505,1,220.00,'RM','2017-11-04','2017-11-03 04:17:50','2017-11-03 04:17:50','rkUl0DYAZ',NULL,1,NULL),(506,1,280.00,'RM','2018-02-03','2017-11-03 04:17:50','2017-11-03 04:17:50','rkUl0DYAZ',NULL,2,NULL),(507,1,59.00,'RM',NULL,'2017-11-03 04:19:28','2017-11-03 04:19:28','SJFLAwYA-',15,NULL,NULL),(508,1,75.00,'RM','2018-02-03','2017-11-03 04:19:28','2017-11-03 04:19:28','SJFLAwYA-',NULL,6,NULL),(509,1,18.00,'RM',NULL,'2017-11-03 04:25:04','2017-11-03 04:25:04','SkFoJuYAZ',1,NULL,NULL),(510,1,18.00,'RM',NULL,'2017-11-03 04:31:27','2017-11-03 04:31:27','rkPXZuKAW',1,NULL,NULL),(511,1,18.00,'RM',NULL,'2017-11-03 04:35:11','2017-11-03 04:35:11','ByvZfOY0-',6,NULL,NULL),(512,1,18.00,'RM',NULL,'2017-11-03 04:37:31','2017-11-03 04:37:31','rJN5MdtRZ',1,NULL,NULL),(513,1,220.00,'RM','2017-11-04','2017-11-03 04:40:08','2017-11-03 04:40:08','SJl4QutRZ',NULL,1,NULL),(514,1,280.00,'RM','2018-02-03','2017-11-03 05:37:12','2017-11-03 05:37:12','Hyx5gYtC-',NULL,2,NULL),(515,1,109.00,'RM',NULL,'2017-11-03 05:54:25','2017-11-03 05:54:25','HJKqNYKR-',5,NULL,NULL),(516,1,220.00,'RM','2017-11-04','2017-11-03 05:54:25','2017-11-03 05:54:25','HJKqNYKR-',NULL,1,NULL),(517,1,109.00,'RM',NULL,'2017-11-03 06:00:29','2017-11-03 06:00:29','BkLWIttCW',5,NULL,NULL),(518,1,109.00,'RM',NULL,'2017-11-03 06:07:54','2017-11-03 06:07:54','HyXTPtKCb',5,NULL,NULL),(519,1,55.00,'RM','2017-11-04','2017-11-03 06:08:46','2017-11-03 06:08:46','SyIgdYFAb',NULL,3,NULL),(520,1,280.00,'RM','2018-02-03','2017-11-03 06:13:44','2017-11-03 06:13:44','rJxXtFYAZ',NULL,2,NULL),(521,1,109.00,'RM',NULL,'2017-11-03 06:17:43','2017-11-03 06:17:43','BJyG5FtAZ',5,NULL,NULL),(522,1,27.00,'RM',NULL,'2017-11-03 06:44:06','2017-11-03 06:44:06','rJ0NlcK0-',3,NULL,NULL),(523,1,220.00,'RM','2017-11-04','2017-11-03 06:44:06','2017-11-03 06:44:06','rJ0NlcK0-',NULL,1,NULL),(524,1,220.00,'RM','2017-11-04','2017-11-03 07:03:24','2017-11-03 07:03:24','Hk46VqKC-',NULL,1,NULL),(525,1,300.00,'RM','2018-02-03','2017-11-03 07:03:24','2017-11-03 07:03:24','Hk46VqKC-',NULL,5,NULL),(526,1,220.00,'RM','2017-11-04','2017-11-03 07:15:06','2017-11-03 07:15:06','r1zYvqtCW',NULL,1,NULL),(527,1,39.00,'RM',NULL,'2017-11-03 07:15:57','2017-11-03 07:15:57','SyI3vqK0Z',4,NULL,NULL),(528,1,70.00,'RM','2018-02-03','2017-11-03 07:16:56','2017-11-03 07:16:56','SygeOcFRW',NULL,4,NULL),(529,1,18.00,'RM',NULL,'2017-11-03 07:20:01','2017-11-03 07:20:01','r1KjuqY0b',1,NULL,NULL),(530,1,220.00,'RM','2017-11-04','2017-11-03 07:20:01','2017-11-03 07:20:01','r1KjuqY0b',NULL,1,NULL),(531,1,220.00,'RM','2017-11-04','2017-11-03 07:23:03','2017-11-03 07:23:03','BkkvKcKRZ',NULL,1,NULL),(532,1,75.00,'RM','2018-02-03','2017-11-03 07:23:03','2017-11-03 07:23:03','BkkvKcKRZ',NULL,6,NULL),(533,1,18.00,'RM',NULL,'2017-11-03 07:27:02','2017-11-03 07:27:02','ry0r5qKCb',6,NULL,NULL),(534,1,18.00,'RM',NULL,'2017-11-03 07:35:41','2017-11-03 07:35:41','ry883qKRb',6,NULL,NULL),(535,1,18.00,'RM',NULL,'2017-11-03 08:00:22','2017-11-03 08:00:22','Hy0Mzst0Z',1,NULL,NULL),(536,1,18.00,'RM',NULL,'2017-11-03 08:00:22','2017-11-03 08:00:22','Hy0Mzst0Z',6,NULL,NULL),(537,1,70.00,'RM','2018-02-03','2017-11-03 08:00:22','2017-11-03 08:00:22','Hy0Mzst0Z',NULL,16,NULL),(538,1,18.00,'RM',NULL,'2017-11-03 08:08:18','2017-11-03 08:08:18','B1jg4oKAb',1,NULL,NULL),(539,3,13.00,'RM',NULL,'2017-11-03 08:08:18','2017-11-03 08:08:18','B1jg4oKAb',2,NULL,NULL),(540,1,19.00,'RM',NULL,'2017-11-03 08:21:08','2017-11-03 08:21:08','rknlDjtCZ',13,NULL,NULL),(541,1,39.00,'RM',NULL,'2017-11-03 08:21:08','2017-11-03 08:21:08','rknlDjtCZ',4,NULL,NULL),(542,1,13.00,'RM',NULL,'2017-11-03 08:21:08','2017-11-03 08:21:08','rknlDjtCZ',7,NULL,NULL),(543,2,18.00,'RM',NULL,'2017-11-03 08:21:08','2017-11-03 08:21:08','rknlDjtCZ',6,NULL,NULL),(544,1,27.00,'RM',NULL,'2017-11-03 08:21:08','2017-11-03 08:21:08','rknlDjtCZ',3,NULL,NULL),(545,1,13.00,'RM',NULL,'2017-11-03 08:21:08','2017-11-03 08:21:08','rknlDjtCZ',2,NULL,NULL),(546,5,45.00,'RM',NULL,'2017-11-03 08:21:08','2017-11-03 08:21:08','rknlDjtCZ',8,NULL,NULL),(547,1,59.00,'RM',NULL,'2017-11-03 08:21:08','2017-11-03 08:21:08','rknlDjtCZ',15,NULL,NULL),(548,1,55.00,'RM','2018-02-03','2017-11-03 08:21:08','2017-11-03 08:21:08','rknlDjtCZ',NULL,3,NULL),(549,1,220.00,'RM','2018-02-03','2017-11-03 08:21:08','2017-11-03 08:21:08','rknlDjtCZ',NULL,1,NULL),(550,1,280.00,'RM','2018-02-03','2017-11-03 08:21:08','2017-11-03 08:21:08','rknlDjtCZ',NULL,2,NULL),(551,1,300.00,'RM','2018-02-03','2017-11-03 08:21:08','2017-11-03 08:21:08','rknlDjtCZ',NULL,5,NULL),(552,2,13.00,'RM',NULL,'2017-11-03 08:47:07','2017-11-03 08:47:07','SkNfTjFAW',7,NULL,NULL),(553,1,19.00,'RM',NULL,'2017-11-03 08:47:07','2017-11-03 08:47:07','SkNfTjFAW',13,NULL,NULL),(554,1,45.00,'RM',NULL,'2017-11-03 08:47:07','2017-11-03 08:47:07','SkNfTjFAW',8,NULL,NULL),(555,1,39.00,'RM',NULL,'2017-11-03 08:47:07','2017-11-03 08:47:07','SkNfTjFAW',4,NULL,NULL),(556,1,18.00,'RM',NULL,'2017-11-03 08:51:36','2017-11-03 08:51:36','HyW7RiKAW',1,NULL,NULL),(557,1,18.00,'RM',NULL,'2017-11-03 08:59:41','2017-11-03 08:59:41','S1rWx3FAZ',1,NULL,NULL),(558,1,13.00,'RM',NULL,'2017-11-03 08:59:41','2017-11-03 08:59:41','S1rWx3FAZ',2,NULL,NULL),(559,1,109.00,'RM',NULL,'2017-11-03 09:01:22','2017-11-03 09:01:22','Byovl2FR-',5,NULL,NULL),(560,1,18.00,'RM',NULL,'2017-11-03 09:01:22','2017-11-03 09:01:22','Byovl2FR-',6,NULL,NULL),(561,1,27.00,'RM',NULL,'2017-11-03 09:04:08','2017-11-03 09:04:08','HJeMbnt0-',3,NULL,NULL),(562,1,55.00,'RM','2018-02-03','2017-11-03 09:04:08','2017-11-03 09:04:08','HJeMbnt0-',NULL,3,NULL),(563,1,220.00,'RM','2017-11-04','2017-11-03 09:10:40','2017-11-03 09:10:40','S1u9M3YR-',NULL,1,NULL),(564,1,13.00,'RM',NULL,'2017-11-03 09:43:48','2017-11-03 09:43:48','Sya8q3Y0-',2,NULL,NULL),(565,1,70.00,'RM','2018-02-03','2017-11-03 09:43:48','2017-11-03 09:43:48','Sya8q3Y0-',NULL,16,NULL),(566,1,13.00,'RM',NULL,'2017-11-03 10:05:05','2017-11-03 10:05:05','ry9L16K0W',2,NULL,NULL),(567,2,27.00,'RM',NULL,'2017-11-03 10:05:05','2017-11-03 10:05:05','ry9L16K0W',3,NULL,NULL),(568,1,124.00,'S$','2018-02-03','2017-11-03 10:05:05','2017-11-03 10:05:05','ry9L16K0W',NULL,10,NULL),(569,1,109.00,'RM',NULL,'2017-11-03 10:13:46','2017-11-03 10:13:46','HkGv-6FAZ',5,NULL,NULL),(570,1,55.00,'RM','2018-02-03','2017-11-03 10:13:46','2017-11-03 10:13:46','HkGv-6FAZ',NULL,3,NULL),(571,7,220.00,'RM','2017-11-04','2017-11-03 10:24:22','2017-11-03 10:24:22','S11kVptR-',NULL,1,NULL),(572,1,18.00,'RM',NULL,'2017-11-03 10:26:09','2017-11-03 10:26:09','BJcBVTKCW',1,NULL,NULL),(573,3,18.00,'RM',NULL,'2017-11-03 10:27:39','2017-11-03 10:27:39','BJ4oNTt0-',1,NULL,NULL),(574,1,18.00,'RM',NULL,'2017-11-03 10:29:48','2017-11-03 10:29:48','Byr7SaK0-',1,NULL,NULL),(575,1,70.00,'RM','2018-02-03','2017-11-03 10:33:01','2017-11-03 10:33:01','HJLkUpKAb',NULL,4,NULL),(576,1,300.00,'RM','2018-02-03','2017-11-03 10:44:41','2017-11-03 10:44:41','rJfod6tAW',NULL,5,NULL),(577,1,18.00,'RM',NULL,'2017-11-03 10:45:37','2017-11-03 10:45:37','rJqR_aKR-',1,NULL,NULL),(578,1,109.00,'RM',NULL,'2017-11-03 10:46:59','2017-11-03 10:46:59','Bkj7K6FCb',5,NULL,NULL),(579,1,18.00,'RM',NULL,'2017-11-03 10:48:41','2017-11-03 10:48:41','r1G9t6KR-',1,NULL,NULL),(580,1,109.00,'RM',NULL,'2017-11-03 11:08:30','2017-11-03 11:08:30','HJPNCTFRW',5,NULL,NULL),(581,1,10.00,'S$',NULL,'2017-11-03 11:13:39','2017-11-03 11:13:39','HJowJCFCW',17,NULL,NULL),(582,1,55.00,'RM','2018-02-03','2017-11-03 11:15:04','2017-11-03 11:15:04','SkeTyAK0b',NULL,3,NULL),(583,2,70.00,'RM','2018-02-03','2017-11-03 11:42:33','2017-11-03 11:42:33','SJz480KC-',NULL,4,NULL),(584,1,13.00,'RM',NULL,'2017-11-03 11:47:59','2017-11-03 11:47:59','HJd_w0YRZ',2,NULL,NULL),(585,1,39.00,'RM',NULL,'2017-11-03 11:47:59','2017-11-03 11:47:59','HJd_w0YRZ',4,NULL,NULL),(586,1,109.00,'RM',NULL,'2017-11-03 11:47:59','2017-11-03 11:47:59','HJd_w0YRZ',5,NULL,NULL),(587,1,27.00,'RM',NULL,'2017-11-03 11:47:59','2017-11-03 11:47:59','HJd_w0YRZ',3,NULL,NULL),(588,1,109.00,'RM',NULL,'2017-11-03 12:38:06','2017-11-03 12:38:06','HyUEXk5AZ',5,NULL,NULL),(589,1,18.00,'RM',NULL,'2017-11-04 01:16:50','2017-11-04 01:16:50','rJcWS550W',6,NULL,NULL),(590,1,18.00,'RM',NULL,'2017-11-04 01:24:20','2017-11-04 01:24:20','rJ2T8c9Rb',6,NULL,NULL),(591,1,18.00,'RM',NULL,'2017-11-04 01:30:01','2017-11-04 01:30:01','ByWX_c50Z',6,NULL,NULL),(592,1,18.00,'RM',NULL,'2017-11-04 01:46:45','2017-11-04 01:46:45','H1AZ2qcA-',6,NULL,NULL),(593,1,1.00,'RM',NULL,'2017-11-04 01:53:00','2017-11-04 01:53:00','HyHtpq50b',27,NULL,NULL),(594,1,1.00,'RM',NULL,'2017-11-04 01:57:08','2017-11-04 01:57:08','B12dR59AW',27,NULL,NULL),(595,1,1.00,'RM',NULL,'2017-11-04 02:04:20','2017-11-04 02:04:20','rJhXes9Rb',27,NULL,NULL),(596,1,1.00,'RM',NULL,'2017-11-04 02:05:32','2017-11-04 02:05:32','BkBOgs9CW',27,NULL,NULL),(597,1,70.00,'RM','2018-02-05','2017-11-05 03:28:09','2017-11-05 03:28:09','HkZLr-nR-',NULL,4,NULL),(598,1,70.00,'RM','2018-02-05','2017-11-05 04:04:30','2017-11-05 04:04:30','rJPR6W3R-',NULL,4,NULL),(599,1,70.00,'RM','2018-02-06','2017-11-06 01:12:44','2017-11-06 01:12:44','BkSMwV6R-',NULL,4,NULL),(600,2,109.00,'RM',NULL,'2017-11-06 01:42:46','2017-11-06 01:42:46','rJk7C46C-',5,NULL,NULL),(601,3,18.00,'RM',NULL,'2017-11-06 01:52:45','2017-11-06 01:52:45','ry8OlB60W',1,NULL,NULL),(602,1,19.00,'RM',NULL,'2017-11-06 01:52:45','2017-11-06 01:52:45','ry8OlB60W',13,NULL,NULL),(603,1,45.00,'RM',NULL,'2017-11-06 01:52:45','2017-11-06 01:52:45','ry8OlB60W',8,NULL,NULL),(604,1,280.00,'RM','2018-02-06','2017-11-06 02:15:56','2017-11-06 02:15:56','r1VJ8SpC-',NULL,15,NULL),(605,5,18.00,'RM',NULL,'2017-11-06 02:27:23','2017-11-06 02:27:23','SJ45urp0-',1,NULL,NULL),(606,2,109.00,'RM',NULL,'2017-11-06 02:27:23','2017-11-06 02:27:23','SJ45urp0-',5,NULL,NULL),(607,1,109.00,'RM',NULL,'2017-11-06 02:47:29','2017-11-06 02:47:29','HkKBaHaCW',5,NULL,NULL),(608,1,19.00,'RM',NULL,'2017-11-06 02:47:29','2017-11-06 02:47:29','HkKBaHaCW',13,NULL,NULL),(609,2,12.00,'RM',NULL,'2017-11-06 02:47:29','2017-11-06 02:47:29','HkKBaHaCW',9,NULL,NULL),(610,1,1.00,'RM',NULL,'2017-11-06 04:01:50','2017-11-06 04:01:50','B1v3C8pCW',27,NULL,NULL),(611,1,13.00,'RM',NULL,'2017-11-06 04:14:59','2017-11-06 04:14:59','SJnaZPpCb',7,NULL,NULL),(612,1,22.00,'RM',NULL,'2017-11-06 04:14:59','2017-11-06 04:14:59','SJnaZPpCb',10,NULL,NULL),(613,1,220.00,'RM','2018-02-06','2017-11-06 04:14:59','2017-11-06 04:14:59','SJnaZPpCb',NULL,1,NULL),(614,1,109.00,'RM',NULL,'2017-11-06 04:21:06','2017-11-06 04:21:06','H1q47v6C-',5,NULL,NULL),(615,1,18.00,'RM',NULL,'2017-11-06 04:21:06','2017-11-06 04:21:06','H1q47v6C-',1,NULL,NULL),(616,1,45.00,'RM',NULL,'2017-11-06 04:21:06','2017-11-06 04:21:06','H1q47v6C-',8,NULL,NULL),(617,1,10.00,'S$',NULL,'2017-11-06 04:31:00','2017-11-06 04:31:00','r1nFrDpR-',17,NULL,NULL),(618,1,10.00,'S$',NULL,'2017-11-06 04:33:11','2017-11-06 04:33:11','S11f8PaAW',17,NULL,NULL),(619,1,14.00,'S$',NULL,'2017-11-06 04:33:11','2017-11-06 04:33:11','S11f8PaAW',18,NULL,NULL),(620,1,18.00,'RM',NULL,'2017-11-06 05:04:07','2017-11-06 05:04:07','ByJLaDaRZ',1,NULL,NULL),(621,1,55.00,'RM','2018-02-06','2017-11-06 05:04:07','2017-11-06 05:04:07','ByJLaDaRZ',NULL,3,NULL),(622,1,18.00,'RM',NULL,'2017-11-06 06:12:28','2017-11-06 06:12:28','BySIadTCW',1,NULL,NULL),(623,1,13.00,'RM',NULL,'2017-11-06 06:13:08','2017-11-06 06:13:08','B13u6_6CZ',2,NULL,NULL),(624,2,109.00,'RM',NULL,'2017-11-06 07:27:06','2017-11-06 07:27:06','HJGRCt6R-',5,NULL,NULL),(625,1,18.00,'RM',NULL,'2017-11-06 07:41:13','2017-11-06 07:41:13','ByzmGq6CW',1,NULL,NULL),(626,1,59.00,'RM',NULL,'2017-11-06 07:55:43','2017-11-06 07:55:43','Hy_Yrc6RZ',15,NULL,NULL),(627,1,18.00,'RM',NULL,'2017-11-06 07:55:43','2017-11-06 07:55:43','Hy_Yrc6RZ',6,NULL,NULL),(628,1,10.00,'S$',NULL,'2017-11-06 07:55:43','2017-11-06 07:55:43','Hy_Yrc6RZ',14,NULL,NULL),(629,1,109.00,'RM',NULL,'2017-11-06 08:06:14','2017-11-06 08:06:14','H1Rg_qp0-',5,NULL,NULL),(630,1,18.00,'RM',NULL,'2017-11-06 08:06:30','2017-11-06 08:06:30','r10Z_5p0W',1,NULL,NULL),(631,1,19.00,'RM',NULL,'2017-11-06 08:06:30','2017-11-06 08:06:30','r10Z_5p0W',13,NULL,NULL),(632,1,70.00,'RM','2018-02-06','2017-11-06 08:06:30','2017-11-06 08:06:30','r10Z_5p0W',NULL,16,NULL),(633,1,18.00,'RM',NULL,'2017-11-06 08:08:19','2017-11-06 08:08:19','HkndO9pAb',1,NULL,NULL),(634,2,19.00,'RM',NULL,'2017-11-06 08:08:19','2017-11-06 08:08:19','HkndO9pAb',13,NULL,NULL),(635,1,18.00,'RM',NULL,'2017-11-06 08:44:42','2017-11-06 08:44:42','S1X-WjaRb',1,NULL,NULL),(636,1,18.00,'RM',NULL,'2017-11-06 08:44:42','2017-11-06 08:44:42','S1X-WjaRb',6,NULL,NULL),(637,1,300.00,'RM','2018-02-06','2017-11-06 10:32:07','2017-11-06 10:32:07','B1gN5nTCW',NULL,6,NULL),(638,1,220.00,'RM','2018-02-06','2017-11-06 10:57:59','2017-11-06 10:57:59','BykHeTaAW',NULL,1,NULL),(639,1,27.00,'RM',NULL,'2017-11-06 11:27:29','2017-11-06 11:27:29','HJ5XP66RZ',3,NULL,NULL),(640,1,18.00,'RM',NULL,'2017-11-06 11:27:29','2017-11-06 11:27:29','HJ5XP66RZ',1,NULL,NULL),(641,1,18.00,'RM',NULL,'2017-11-06 11:36:43','2017-11-06 11:36:43','SyQLFT6A-',1,NULL,NULL),(642,1,13.00,'RM',NULL,'2017-11-06 11:38:11','2017-11-06 11:38:11','rkssFaaR-',2,NULL,NULL),(643,1,27.00,'RM',NULL,'2017-11-06 11:38:11','2017-11-06 11:38:11','rkssFaaR-',3,NULL,NULL),(644,1,55.00,'RM','2018-02-06','2017-11-06 11:42:10','2017-11-06 11:42:10','HJq9966AZ',NULL,3,NULL),(645,1,109.00,'RM',NULL,'2017-11-06 13:15:50','2017-11-06 13:15:50','Hy1ceyC0-',5,NULL,NULL),(646,1,18.00,'RM',NULL,'2017-11-06 13:15:50','2017-11-06 13:15:50','Hy1ceyC0-',1,NULL,NULL),(647,1,70.00,'RM','2018-02-06','2017-11-06 13:19:53','2017-11-06 13:19:53','BkZY-kARW',NULL,4,NULL),(648,1,109.00,'RM',NULL,'2017-11-06 13:53:21','2017-11-06 13:53:21','SyqUF1R0b',5,NULL,NULL),(649,1,18.00,'RM',NULL,'2017-11-06 13:53:21','2017-11-06 13:53:21','SyqUF1R0b',1,NULL,NULL),(650,1,280.00,'RM','2018-02-06','2017-11-06 23:05:36','2017-11-06 23:05:36','H1KT9PCAW',NULL,15,NULL),(651,1,18.00,'RM',NULL,'2017-11-07 03:08:34','2017-11-07 03:08:34','ry5nQjR0-',1,NULL,NULL),(652,2,220.00,'RM','2017-11-08','2017-11-07 03:09:28','2017-11-07 03:09:28','B1xl4i0C-',NULL,1,NULL),(653,3,18.00,'RM',NULL,'2017-11-07 03:11:50','2017-11-07 03:11:50','Bk0u4iRCW',1,NULL,NULL),(654,2,13.00,'RM',NULL,'2017-11-07 03:11:50','2017-11-07 03:11:50','Bk0u4iRCW',2,NULL,NULL),(655,3,18.00,'RM',NULL,'2017-11-07 03:16:14','2017-11-07 03:16:14','B1UtBo0CZ',1,NULL,NULL),(656,1,18.00,'RM',NULL,'2017-11-07 03:19:40','2017-11-07 03:19:40','B1BUIsCRW',1,NULL,NULL),(657,1,13.00,'RM',NULL,'2017-11-07 03:19:40','2017-11-07 03:19:40','B1BUIsCRW',2,NULL,NULL),(658,5,18.00,'RM',NULL,'2017-11-07 03:25:00','2017-11-07 03:25:00','r1rqDs0Ab',1,NULL,NULL),(659,11,18.00,'RM',NULL,'2017-11-07 04:04:30','2017-11-07 04:04:30','ByIAe3RR-',1,NULL,NULL),(660,1,13.00,'RM',NULL,'2017-11-07 04:04:30','2017-11-07 04:04:30','ByIAe3RR-',2,NULL,NULL),(661,3,18.00,'RM',NULL,'2017-11-07 04:06:28','2017-11-07 04:06:28','H1TBZn00Z',1,NULL,NULL),(662,3,18.00,'RM',NULL,'2017-11-07 04:20:43','2017-11-07 04:20:43','rkVjN2CRb',1,NULL,NULL),(663,4,18.00,'RM',NULL,'2017-11-07 04:21:30','2017-11-07 04:21:30','SkGRNnACb',1,NULL,NULL),(664,1,10.00,'S$',NULL,'2017-11-07 07:30:40','2017-11-07 07:30:40','SydmWy1kf',17,NULL,NULL),(665,1,109.00,'RM',NULL,'2017-11-07 07:31:41','2017-11-07 07:31:41','HyBv-kJyM',5,NULL,NULL),(666,1,27.00,'RM',NULL,'2017-11-07 07:33:53','2017-11-07 07:33:53','rk9JG1yyM',3,NULL,NULL),(667,1,70.00,'RM','2018-02-07','2017-11-07 07:33:53','2017-11-07 07:33:53','rk9JG1yyM',NULL,4,NULL),(668,1,109.00,'RM',NULL,'2017-11-07 07:42:49','2017-11-07 07:42:49','HyGWNyykz',5,NULL,NULL),(669,1,18.00,'RM',NULL,'2017-11-07 07:42:49','2017-11-07 07:42:49','HyGWNyykz',6,NULL,NULL),(670,1,280.00,'RM','2018-02-07','2017-11-07 07:42:49','2017-11-07 07:42:49','HyGWNyykz',NULL,2,NULL),(671,1,18.00,'RM',NULL,'2017-11-07 07:49:06','2017-11-07 07:49:06','rJ5_rkkJz',6,NULL,NULL),(672,1,55.00,'RM','2018-02-07','2017-11-07 07:49:06','2017-11-07 07:49:06','rJ5_rkkJz',NULL,3,NULL),(673,2,18.00,'RM',NULL,'2017-11-07 07:53:01','2017-11-07 07:53:01','BJ8w8JJJG',6,NULL,NULL),(674,1,18.00,'RM',NULL,'2017-11-07 07:53:01','2017-11-07 07:53:01','BJ8w8JJJG',1,NULL,NULL),(675,1,19.00,'RM',NULL,'2017-11-07 07:53:01','2017-11-07 07:53:01','BJ8w8JJJG',13,NULL,NULL),(676,1,13.00,'RM',NULL,'2017-11-07 07:53:01','2017-11-07 07:53:01','BJ8w8JJJG',2,NULL,NULL),(677,1,27.00,'RM',NULL,'2017-11-07 07:53:01','2017-11-07 07:53:01','BJ8w8JJJG',3,NULL,NULL),(678,1,39.00,'RM',NULL,'2017-11-07 07:53:01','2017-11-07 07:53:01','BJ8w8JJJG',4,NULL,NULL),(679,1,45.00,'RM',NULL,'2017-11-07 07:53:01','2017-11-07 07:53:01','BJ8w8JJJG',8,NULL,NULL),(680,1,27.00,'RM',NULL,'2017-11-07 07:57:48','2017-11-07 07:57:48','ryHKw1JJM',3,NULL,NULL),(681,1,27.00,'RM',NULL,'2017-11-07 08:00:58','2017-11-07 08:00:58','S1XSO111f',3,NULL,NULL),(682,1,39.00,'RM',NULL,'2017-11-07 08:00:58','2017-11-07 08:00:58','S1XSO111f',4,NULL,NULL),(683,1,18.00,'RM',NULL,'2017-11-07 08:00:58','2017-11-07 08:00:58','S1XSO111f',6,NULL,NULL),(684,1,1.00,'RM',NULL,'2017-11-07 09:54:22','2017-11-07 09:54:22','rk8RG-11M',27,NULL,NULL),(685,1,280.00,'RM','2018-02-07','2017-11-07 10:03:47','2017-11-07 10:03:47','BkibrZ1kG',NULL,15,NULL),(686,1,109.00,'RM',NULL,'2017-11-07 10:19:31','2017-11-07 10:19:31','Bys2dZ11G',5,NULL,NULL),(687,1,109.00,'RM',NULL,'2017-11-07 10:24:39','2017-11-07 10:24:39','rJxxqZyyM',5,NULL,NULL),(688,1,109.00,'RM',NULL,'2017-11-07 10:26:32','2017-11-07 10:26:32','SyewqWkkf',5,NULL,NULL),(689,1,18.00,'RM',NULL,'2017-11-07 10:29:57','2017-11-07 10:29:57','r1a7oWyyf',1,NULL,NULL),(690,1,19.00,'RM',NULL,'2017-11-07 10:29:57','2017-11-07 10:29:57','r1a7oWyyf',13,NULL,NULL),(691,1,300.00,'RM','2018-02-07','2017-11-07 14:56:45','2017-11-07 14:56:45','S1B2tSJyz',NULL,6,NULL),(692,1,14.00,'S$',NULL,'2017-11-07 15:18:00','2017-11-07 15:18:00','Bke2CryJG',18,NULL,NULL),(693,1,70.00,'RM','2018-02-07','2017-11-07 15:19:08','2017-11-07 15:19:08','SyBlyUkkf',NULL,16,NULL),(694,1,300.00,'RM','2018-02-07','2017-11-07 15:20:12','2017-11-07 15:20:12','ByNN1LJyG',NULL,6,NULL),(695,1,19.00,'RM',NULL,'2017-11-07 15:34:43','2017-11-07 15:34:43','HksqzUkyG',13,NULL,NULL),(696,2,109.00,'RM',NULL,'2017-11-08 00:30:08','2017-11-08 00:30:08','B1tGgCk1G',5,NULL,NULL),(697,1,18.00,'RM',NULL,'2017-11-08 00:30:08','2017-11-08 00:30:08','B1tGgCk1G',1,NULL,NULL),(698,1,280.00,'RM','2018-02-08','2017-11-08 00:40:20','2017-11-08 00:40:20','BJpuzRyJM',NULL,15,NULL),(699,1,220.00,'RM','2018-02-08','2017-11-08 01:51:50','2017-11-08 01:51:50','HyAN7yl1z',NULL,1,NULL),(700,1,109.00,'RM',NULL,'2017-11-08 02:00:41','2017-11-08 02:00:41','ByWIB1eyf',5,NULL,NULL),(701,1,1.00,'RM',NULL,'2017-11-08 02:00:41','2017-11-08 02:00:41','ByWIB1eyf',27,NULL,NULL),(702,1,109.00,'RM',NULL,'2017-11-08 02:24:27','2017-11-08 02:24:27','HyNyjJe1f',5,NULL,NULL),(703,1,1.00,'RM',NULL,'2017-11-08 02:25:48','2017-11-08 02:25:48','BkVNjJlyM',27,NULL,NULL),(704,1,1.00,'RM',NULL,'2017-11-08 03:03:31','2017-11-08 03:03:31','H1jZExx1z',27,NULL,NULL),(705,2,39.00,'RM',NULL,'2017-11-08 03:12:21','2017-11-08 03:12:21','B16MUgg1z',4,NULL,NULL),(706,2,18.00,'RM',NULL,'2017-11-08 03:12:21','2017-11-08 03:12:21','B16MUgg1z',6,NULL,NULL),(707,2,19.00,'RM',NULL,'2017-11-08 03:12:21','2017-11-08 03:12:21','B16MUgg1z',13,NULL,NULL),(708,1,13.00,'RM',NULL,'2017-11-08 03:12:21','2017-11-08 03:12:21','B16MUgg1z',7,NULL,NULL),(709,2,39.00,'RM',NULL,'2017-11-08 03:30:04','2017-11-08 03:30:04','HkrS5egJf',4,NULL,NULL),(710,2,18.00,'RM',NULL,'2017-11-08 03:30:04','2017-11-08 03:30:04','HkrS5egJf',6,NULL,NULL),(711,2,19.00,'RM',NULL,'2017-11-08 03:30:04','2017-11-08 03:30:04','HkrS5egJf',13,NULL,NULL),(712,1,13.00,'RM',NULL,'2017-11-08 03:30:04','2017-11-08 03:30:04','HkrS5egJf',7,NULL,NULL),(713,1,1.00,'RM',NULL,'2017-11-08 03:34:30','2017-11-08 03:34:30','SJRHsxg1f',27,NULL,NULL),(714,1,55.00,'RM','2018-02-08','2017-11-08 03:34:30','2017-11-08 03:34:30','SJRHsxg1f',NULL,3,NULL),(715,8,39.00,'RM',NULL,'2017-11-08 04:03:20','2017-11-08 04:03:20','HkWGMbxJM',4,NULL,NULL),(716,8,18.00,'RM',NULL,'2017-11-08 04:03:20','2017-11-08 04:03:20','HkWGMbxJM',6,NULL,NULL),(717,8,19.00,'RM',NULL,'2017-11-08 04:03:20','2017-11-08 04:03:20','HkWGMbxJM',13,NULL,NULL),(718,4,13.00,'RM',NULL,'2017-11-08 04:03:20','2017-11-08 04:03:20','HkWGMbxJM',7,NULL,NULL),(719,2,109.00,'RM',NULL,'2017-11-08 04:03:20','2017-11-08 04:03:20','HkWGMbxJM',5,NULL,NULL),(720,1,18.00,'RM',NULL,'2017-11-08 04:46:20','2017-11-08 04:46:20','ryVm3Wx1G',1,NULL,NULL),(721,1,13.00,'RM',NULL,'2017-11-08 04:46:20','2017-11-08 04:46:20','ryVm3Wx1G',2,NULL,NULL),(722,1,109.00,'RM',NULL,'2017-11-08 07:03:14','2017-11-08 07:03:14','SkqV3Xl1G',5,NULL,NULL),(723,2,39.00,'RM',NULL,'2017-11-08 07:03:14','2017-11-08 07:03:14','SkqV3Xl1G',4,NULL,NULL),(724,2,18.00,'RM',NULL,'2017-11-08 07:03:14','2017-11-08 07:03:14','SkqV3Xl1G',6,NULL,NULL),(725,2,19.00,'RM',NULL,'2017-11-08 07:03:14','2017-11-08 07:03:14','SkqV3Xl1G',13,NULL,NULL),(726,1,13.00,'RM',NULL,'2017-11-08 07:03:14','2017-11-08 07:03:14','SkqV3Xl1G',7,NULL,NULL),(727,2,109.00,'RM',NULL,'2017-11-08 07:09:00','2017-11-08 07:09:00','ByVcTQlkf',5,NULL,NULL),(728,1,1.00,'RM',NULL,'2017-11-08 07:09:00','2017-11-08 07:09:00','ByVcTQlkf',27,NULL,NULL),(729,4,109.00,'RM',NULL,'2017-11-08 07:28:24','2017-11-08 07:28:24','SyZmG4gyz',5,NULL,NULL),(730,1,280.00,'RM','2018-02-08','2017-11-08 07:43:47','2017-11-08 07:43:47','BJo2BNl1M',NULL,2,NULL),(731,1,109.00,'RM',NULL,'2017-11-08 08:25:16','2017-11-08 08:25:16','ByrOJSe1z',5,NULL,NULL),(732,1,109.00,'RM',NULL,'2017-11-08 08:26:59','2017-11-08 08:26:59','B12AJrlyz',5,NULL,NULL),(733,1,109.00,'RM',NULL,'2017-11-08 08:27:17','2017-11-08 08:27:17','S1RJxBgJM',5,NULL,NULL),(734,4,109.00,'RM',NULL,'2017-11-08 08:36:56','2017-11-08 08:36:56','BklEzrxkG',5,NULL,NULL),(735,2,18.00,'RM',NULL,'2017-11-08 08:36:56','2017-11-08 08:36:56','BklEzrxkG',6,NULL,NULL),(736,2,18.00,'RM',NULL,'2017-11-08 08:36:56','2017-11-08 08:36:56','BklEzrxkG',1,NULL,NULL),(737,1,13.00,'RM',NULL,'2017-11-08 08:36:56','2017-11-08 08:36:56','BklEzrxkG',7,NULL,NULL),(738,1,59.00,'RM',NULL,'2017-11-08 08:36:56','2017-11-08 08:36:56','BklEzrxkG',15,NULL,NULL),(739,2,39.00,'RM',NULL,'2017-11-08 08:36:56','2017-11-08 08:36:56','BklEzrxkG',4,NULL,NULL),(740,1,27.00,'RM',NULL,'2017-11-08 08:36:56','2017-11-08 08:36:56','BklEzrxkG',3,NULL,NULL),(741,3,45.00,'RM',NULL,'2017-11-08 08:36:56','2017-11-08 08:36:56','BklEzrxkG',8,NULL,NULL),(742,2,12.00,'RM',NULL,'2017-11-08 08:36:56','2017-11-08 08:36:56','BklEzrxkG',9,NULL,NULL),(743,2,22.00,'RM',NULL,'2017-11-08 08:36:56','2017-11-08 08:36:56','BklEzrxkG',10,NULL,NULL),(744,1,13.00,'RM',NULL,'2017-11-08 08:36:56','2017-11-08 08:36:56','BklEzrxkG',2,NULL,NULL),(745,2,22.00,'RM',NULL,'2017-11-08 08:36:56','2017-11-08 08:36:56','BklEzrxkG',11,NULL,NULL),(746,57,17.00,'RM',NULL,'2017-11-08 08:36:56','2017-11-08 08:36:56','BklEzrxkG',12,NULL,NULL),(747,3,1.00,'RM',NULL,'2017-11-08 08:36:56','2017-11-08 08:36:56','BklEzrxkG',27,NULL,NULL),(748,1,19.00,'RM',NULL,'2017-11-08 08:36:56','2017-11-08 08:36:56','BklEzrxkG',13,NULL,NULL),(749,1,109.00,'RM',NULL,'2017-11-08 10:49:08','2017-11-08 10:49:08','Hya7-weyf',5,NULL,NULL),(750,1,1.00,'RM',NULL,'2017-11-08 11:26:04','2017-11-08 11:26:04','B1S0YDe1G',27,NULL,NULL),(751,1,13.00,'RM',NULL,'2017-11-09 02:31:31','2017-11-09 02:31:31','ry2b0E-1f',2,NULL,NULL),(752,1,18.00,'RM',NULL,'2017-11-09 02:32:53','2017-11-09 02:32:53','H1C8ANb1z',1,NULL,NULL),(753,1,19.00,'RM',NULL,'2017-11-09 02:32:53','2017-11-09 02:32:53','H1C8ANb1z',13,NULL,NULL),(754,1,19.00,'RM',NULL,'2017-11-09 02:33:19','2017-11-09 02:33:19','ryw_A4Wyf',13,NULL,NULL),(755,1,70.00,'RM','2018-02-09','2017-11-09 02:33:19','2017-11-09 02:33:19','ryw_A4Wyf',NULL,16,NULL),(756,1,18.00,'RM',NULL,'2017-11-09 02:49:32','2017-11-09 02:49:32','H1BSGSZkG',1,NULL,NULL),(757,1,13.00,'RM',NULL,'2017-11-09 02:52:21','2017-11-09 02:52:21','B1RkmH-kz',2,NULL,NULL),(758,1,13.00,'RM',NULL,'2017-11-09 03:00:18','2017-11-09 03:00:18','r1qTVSZ1f',2,NULL,NULL),(759,1,19.00,'RM',NULL,'2017-11-09 03:04:32','2017-11-09 03:04:32','By_TrHWJG',13,NULL,NULL),(760,1,13.00,'RM',NULL,'2017-11-09 03:04:32','2017-11-09 03:04:32','By_TrHWJG',2,NULL,NULL),(761,1,18.00,'RM',NULL,'2017-11-09 03:04:32','2017-11-09 03:04:32','By_TrHWJG',6,NULL,NULL),(762,1,27.00,'RM',NULL,'2017-11-09 03:04:32','2017-11-09 03:04:32','By_TrHWJG',3,NULL,NULL),(763,1,109.00,'RM',NULL,'2017-11-09 03:04:32','2017-11-09 03:04:32','By_TrHWJG',5,NULL,NULL),(764,1,13.00,'RM',NULL,'2017-11-09 03:05:42','2017-11-09 03:05:42','B11zLrZyf',2,NULL,NULL),(765,1,280.00,'RM','2017-11-10','2017-11-09 03:07:46','2017-11-09 03:07:46','BkjFUBW1G',NULL,15,NULL),(766,6,109.00,'RM',NULL,'2017-11-09 03:23:32','2017-11-09 03:23:32','rypEcSWJz',5,NULL,NULL),(767,4,13.00,'RM',NULL,'2017-11-09 03:23:32','2017-11-09 03:23:32','rypEcSWJz',2,NULL,NULL),(768,4,280.00,'RM','2017-11-10','2017-11-09 03:23:32','2017-11-09 03:23:32','rypEcSWJz',NULL,15,NULL),(769,10,220.00,'RM','2017-11-10','2017-11-09 03:23:32','2017-11-09 03:23:32','rypEcSWJz',NULL,1,NULL),(770,1,13.00,'RM',NULL,'2017-11-09 03:27:09','2017-11-09 03:27:09','Bk8MorZ1z',2,NULL,NULL),(771,1,18.00,'RM',NULL,'2017-11-09 03:27:09','2017-11-09 03:27:09','Bk8MorZ1z',1,NULL,NULL),(772,1,13.00,'RM',NULL,'2017-11-09 03:37:45','2017-11-09 03:37:45','SyZ9aHZJM',2,NULL,NULL),(773,1,13.00,'RM',NULL,'2017-11-09 03:41:42','2017-11-09 03:41:42','Bk0dAHZkf',2,NULL,NULL),(774,1,18.00,'RM',NULL,'2017-11-09 03:58:52','2017-11-09 03:58:52','By4FzL-kG',6,NULL,NULL),(775,1,19.00,'RM',NULL,'2017-11-09 03:58:52','2017-11-09 03:58:52','By4FzL-kG',13,NULL,NULL),(776,1,39.00,'RM',NULL,'2017-11-09 03:58:52','2017-11-09 03:58:52','By4FzL-kG',4,NULL,NULL),(777,1,13.00,'RM',NULL,'2017-11-09 03:58:52','2017-11-09 03:58:52','By4FzL-kG',7,NULL,NULL),(778,5,17.00,'RM',NULL,'2017-11-09 03:58:52','2017-11-09 03:58:52','By4FzL-kG',12,NULL,NULL),(779,1,109.00,'RM',NULL,'2017-11-09 04:04:37','2017-11-09 04:04:37','Hkp0QIbyz',5,NULL,NULL),(780,1,19.00,'RM',NULL,'2017-11-09 04:04:37','2017-11-09 04:04:37','Hkp0QIbyz',13,NULL,NULL),(781,1,18.00,'RM',NULL,'2017-11-09 04:09:11','2017-11-09 04:09:11','SyJlrLZJf',6,NULL,NULL),(782,1,45.00,'RM',NULL,'2017-11-09 04:09:11','2017-11-09 04:09:11','SyJlrLZJf',8,NULL,NULL),(783,1,280.00,'RM','2017-11-10','2017-11-09 04:09:13','2017-11-09 04:09:13','rJMxr8-kM',NULL,15,NULL),(784,1,13.00,'RM',NULL,'2017-11-09 04:11:32','2017-11-09 04:11:32','Hy3OrIbJf',2,NULL,NULL),(785,1,280.00,'RM','2017-11-10','2017-11-09 04:11:32','2017-11-09 04:11:32','Hy3OrIbJf',NULL,15,NULL),(786,1,18.00,'RM',NULL,'2017-11-09 04:21:46','2017-11-09 04:21:46','BJXy_8-yG',6,NULL,NULL),(787,1,19.00,'RM',NULL,'2017-11-09 04:21:46','2017-11-09 04:21:46','BJXy_8-yG',13,NULL,NULL),(788,1,39.00,'RM',NULL,'2017-11-09 04:21:46','2017-11-09 04:21:46','BJXy_8-yG',4,NULL,NULL),(789,1,13.00,'RM',NULL,'2017-11-09 04:21:46','2017-11-09 04:21:46','BJXy_8-yG',7,NULL,NULL),(790,5,17.00,'RM',NULL,'2017-11-09 04:21:46','2017-11-09 04:21:46','BJXy_8-yG',12,NULL,NULL),(791,1,19.00,'RM',NULL,'2017-11-09 04:24:08','2017-11-09 04:24:08','B1xuuU-yf',13,NULL,NULL),(792,1,18.00,'RM',NULL,'2017-11-09 04:24:27','2017-11-09 04:24:27','SkQYu8b1G',1,NULL,NULL),(793,1,45.00,'RM',NULL,'2017-11-09 04:33:43','2017-11-09 04:33:43','H1ghq8WkG',8,NULL,NULL),(794,22,18.00,'RM',NULL,'2017-11-09 04:47:36','2017-11-09 04:47:36','SJZeRIb1M',6,NULL,NULL),(795,1,19.00,'RM',NULL,'2017-11-09 04:47:36','2017-11-09 04:47:36','SJZeRIb1M',13,NULL,NULL),(796,1,39.00,'RM',NULL,'2017-11-09 04:47:36','2017-11-09 04:47:36','SJZeRIb1M',4,NULL,NULL),(797,1,13.00,'RM',NULL,'2017-11-09 04:47:36','2017-11-09 04:47:36','SJZeRIb1M',7,NULL,NULL),(798,5,17.00,'RM',NULL,'2017-11-09 04:47:36','2017-11-09 04:47:36','SJZeRIb1M',12,NULL,NULL),(799,1,220.00,'RM','2018-02-09','2017-11-09 04:47:36','2017-11-09 04:47:36','SJZeRIb1M',NULL,1,NULL),(800,1,13.00,'RM',NULL,'2017-11-09 05:28:57','2017-11-09 05:28:57','ByMowwbJG',2,NULL,NULL),(801,2,220.00,'RM','2018-02-09','2017-11-09 05:28:57','2017-11-09 05:28:57','ByMowwbJG',NULL,1,NULL),(802,1,280.00,'RM','2018-02-09','2017-11-09 05:32:18','2017-11-09 05:32:18','B1svOPbJf',NULL,2,NULL),(803,2,18.00,'RM',NULL,'2017-11-09 06:18:00','2017-11-09 06:18:00','S1eQmdbyz',1,NULL,NULL),(804,2,39.00,'RM',NULL,'2017-11-09 06:18:00','2017-11-09 06:18:00','S1eQmdbyz',4,NULL,NULL),(805,1,18.00,'RM',NULL,'2017-11-09 07:08:05','2017-11-09 07:08:05','HkA0COWyz',1,NULL,NULL),(806,1,18.00,'RM',NULL,'2017-11-09 07:08:05','2017-11-09 07:08:05','HkA0COWyz',6,NULL,NULL),(807,1,19.00,'RM',NULL,'2017-11-09 07:08:05','2017-11-09 07:08:05','HkA0COWyz',13,NULL,NULL),(808,1,13.00,'RM',NULL,'2017-11-09 07:08:05','2017-11-09 07:08:05','HkA0COWyz',7,NULL,NULL),(809,1,13.00,'RM',NULL,'2017-11-09 07:08:05','2017-11-09 07:08:05','HkA0COWyz',2,NULL,NULL),(810,2,19.00,'RM',NULL,'2017-11-09 07:10:52','2017-11-09 07:10:52','SJNYJYbJM',13,NULL,NULL),(811,1,300.00,'RM','2018-02-09','2017-11-09 07:10:52','2017-11-09 07:10:52','SJNYJYbJM',NULL,6,NULL),(812,1,109.00,'RM',NULL,'2017-11-09 07:18:26','2017-11-09 07:18:26','rysrbF-kM',5,NULL,NULL),(813,1,300.00,'RM','2018-02-09','2017-11-09 07:18:26','2017-11-09 07:18:26','rysrbF-kM',NULL,6,NULL),(814,1,109.00,'RM',NULL,'2017-11-09 07:23:50','2017-11-09 07:23:50','SyCYfYWyM',5,NULL,NULL),(815,1,1.00,'RM',NULL,'2017-11-09 07:26:06','2017-11-09 07:26:06','HJDGQtWJf',27,NULL,NULL),(816,1,1.00,'RM',NULL,'2017-11-09 07:29:51','2017-11-09 07:29:51','SJdxVFbJG',27,NULL,NULL),(817,1,18.00,'RM',NULL,'2017-11-09 07:48:38','2017-11-09 07:48:38','HJ1wuF-kz',1,NULL,NULL),(818,1,18.00,'RM',NULL,'2017-11-09 07:48:38','2017-11-09 07:48:38','HJ1wuF-kz',6,NULL,NULL),(819,1,18.00,'RM',NULL,'2017-11-09 07:53:13','2017-11-09 07:53:13','r1zOKFZJf',1,NULL,NULL),(820,1,18.00,'RM',NULL,'2017-11-09 08:11:15','2017-11-09 08:11:15','H12oTFWJf',6,NULL,NULL),(821,2,19.00,'RM',NULL,'2017-11-09 08:12:25','2017-11-09 08:12:25','rJ-lCYZkG',13,NULL,NULL),(822,2,59.00,'RM',NULL,'2017-11-09 08:12:25','2017-11-09 08:12:25','rJ-lCYZkG',15,NULL,NULL),(823,3,39.00,'RM',NULL,'2017-11-09 08:12:25','2017-11-09 08:12:25','rJ-lCYZkG',4,NULL,NULL),(824,2,13.00,'RM',NULL,'2017-11-09 08:12:25','2017-11-09 08:12:25','rJ-lCYZkG',7,NULL,NULL),(825,1,45.00,'RM',NULL,'2017-11-09 08:12:25','2017-11-09 08:12:25','rJ-lCYZkG',8,NULL,NULL),(826,2,18.00,'RM',NULL,'2017-11-09 08:12:25','2017-11-09 08:12:25','rJ-lCYZkG',6,NULL,NULL),(827,1,27.00,'RM',NULL,'2017-11-09 08:12:25','2017-11-09 08:12:25','rJ-lCYZkG',3,NULL,NULL),(828,2,13.00,'RM',NULL,'2017-11-09 08:12:25','2017-11-09 08:12:25','rJ-lCYZkG',2,NULL,NULL),(829,1,109.00,'RM',NULL,'2017-11-09 08:12:25','2017-11-09 08:12:25','rJ-lCYZkG',5,NULL,NULL),(830,1,12.00,'RM',NULL,'2017-11-09 08:12:25','2017-11-09 08:12:25','rJ-lCYZkG',9,NULL,NULL),(831,1,22.00,'RM',NULL,'2017-11-09 08:12:25','2017-11-09 08:12:25','rJ-lCYZkG',10,NULL,NULL),(832,2,22.00,'RM',NULL,'2017-11-09 08:12:25','2017-11-09 08:12:25','rJ-lCYZkG',11,NULL,NULL),(833,2,17.00,'RM',NULL,'2017-11-09 08:12:25','2017-11-09 08:12:25','rJ-lCYZkG',12,NULL,NULL),(834,2,1.00,'RM',NULL,'2017-11-09 08:12:25','2017-11-09 08:12:25','rJ-lCYZkG',27,NULL,NULL),(835,3,18.00,'RM',NULL,'2017-11-09 08:12:25','2017-11-09 08:12:25','rJ-lCYZkG',1,NULL,NULL),(836,1,70.00,'RM','2018-02-09','2017-11-09 08:12:25','2017-11-09 08:12:25','rJ-lCYZkG',NULL,16,NULL),(837,1,13.00,'RM',NULL,'2017-11-09 08:14:54','2017-11-09 08:14:54','H18YCYZkz',2,NULL,NULL),(838,1,13.00,'RM',NULL,'2017-11-09 08:23:39','2017-11-09 08:23:39','SyEcx5ZyM',7,NULL,NULL),(839,1,13.00,'RM',NULL,'2017-11-09 08:23:39','2017-11-09 08:23:39','SyEcx5ZyM',2,NULL,NULL),(840,1,19.00,'RM',NULL,'2017-11-09 08:23:39','2017-11-09 08:23:39','SyEcx5ZyM',13,NULL,NULL),(841,1,18.00,'RM',NULL,'2017-11-09 08:33:22','2017-11-09 08:33:22','Byj0McWyM',1,NULL,NULL),(842,1,18.00,'RM',NULL,'2017-11-09 08:43:18','2017-11-09 08:43:18','By0mB9W1G',1,NULL,NULL),(843,1,70.00,'RM','2018-02-09','2017-11-09 09:13:38','2017-11-09 09:13:38','rJsB39WkG',NULL,16,NULL),(844,1,22.00,'RM',NULL,'2017-11-09 09:48:03','2017-11-09 09:48:03','HyhLNiWJM',10,NULL,NULL),(845,2,18.00,'RM',NULL,'2017-11-09 09:48:03','2017-11-09 09:48:03','HyhLNiWJM',6,NULL,NULL),(846,2,27.00,'RM',NULL,'2017-11-09 09:50:16','2017-11-09 09:50:16','BJx1BoZkf',3,NULL,NULL),(847,1,280.00,'RM','2018-02-09','2017-11-09 09:50:16','2017-11-09 09:50:16','BJx1BoZkf',NULL,2,NULL),(848,1,18.00,'RM',NULL,'2017-11-09 10:37:49','2017-11-09 10:37:49','HJIWg3-1G',6,NULL,NULL),(849,1,1.00,'RM',NULL,'2017-11-09 11:06:08','2017-11-09 11:06:08','BkOjUhZ1G',27,NULL,NULL),(850,1,18.00,'RM',NULL,'2017-11-10 00:24:02','2017-11-10 00:24:02','rJcjb_fJM',1,NULL,NULL),(851,1,280.00,'RM','2018-02-10','2017-11-10 00:24:02','2017-11-10 00:24:02','rJcjb_fJM',NULL,15,NULL),(852,3,70.00,'RM','2017-11-11','2017-11-10 01:55:25','2017-11-10 01:55:25','BJHzwFz1z',NULL,16,NULL),(853,2,19.00,'RM',NULL,'2017-11-10 02:10:25','2017-11-10 02:10:25','r1Yc9tf1z',13,NULL,NULL),(854,1,280.00,'RM','2018-02-10','2017-11-10 02:10:25','2017-11-10 02:10:25','r1Yc9tf1z',NULL,15,NULL),(855,1,109.00,'RM',NULL,'2017-11-10 02:13:26','2017-11-10 02:13:26','H11Lstz1f',5,NULL,NULL),(856,1,18.00,'RM',NULL,'2017-11-10 02:15:13','2017-11-10 02:15:13','SJ5noYfkM',1,NULL,NULL),(857,1,109.00,'RM',NULL,'2017-11-10 02:21:42','2017-11-10 02:21:42','ByJH6tf1f',5,NULL,NULL),(858,1,109.00,'RM',NULL,'2017-11-10 02:30:05','2017-11-10 02:30:05','HkIEJcf1G',5,NULL,NULL),(859,1,109.00,'RM',NULL,'2017-11-10 03:35:51','2017-11-10 03:35:51','BygjCqfJf',5,NULL,NULL),(860,1,109.00,'RM',NULL,'2017-11-10 03:49:15','2017-11-10 03:49:15','ryV6ZiMyz',5,NULL,NULL),(861,1,49.00,'S$',NULL,'2017-11-10 04:59:33','2017-11-10 04:59:33','Ska4z2M1G',16,NULL,NULL),(862,1,19.00,'RM',NULL,'2017-11-10 06:59:03','2017-11-10 06:59:03','SkySRpGyz',13,NULL,NULL),(863,1,13.00,'RM',NULL,'2017-11-10 06:59:03','2017-11-10 06:59:03','SkySRpGyz',2,NULL,NULL),(864,1,13.00,'RM',NULL,'2017-11-10 06:59:03','2017-11-10 06:59:03','SkySRpGyz',7,NULL,NULL),(865,1,18.00,'RM',NULL,'2017-11-10 06:59:03','2017-11-10 06:59:03','SkySRpGyz',1,NULL,NULL),(866,1,109.00,'RM',NULL,'2017-11-10 07:00:46','2017-11-10 07:00:46','HJvsATzyM',5,NULL,NULL),(867,1,18.00,'RM',NULL,'2017-11-10 07:00:46','2017-11-10 07:00:46','HJvsATzyM',6,NULL,NULL),(868,1,18.00,'RM',NULL,'2017-11-10 07:00:46','2017-11-10 07:00:46','HJvsATzyM',1,NULL,NULL),(869,1,49.00,'S$',NULL,'2017-11-10 07:19:03','2017-11-10 07:19:03','HJygQ0z1z',16,NULL,NULL),(870,1,236.00,'RM','2017-11-11','2017-11-10 07:31:07','2017-11-10 07:31:07','Sk4THAz1f',NULL,25,NULL),(871,1,109.00,'RM',NULL,'2017-11-10 07:39:03','2017-11-10 07:39:03','HkesDAz1G',5,NULL,NULL),(872,1,18.00,'RM',NULL,'2017-11-10 07:39:03','2017-11-10 07:39:03','HkesDAz1G',6,NULL,NULL),(873,2,49.00,'S$',NULL,'2017-11-10 07:46:24','2017-11-10 07:46:24','SJu8YCMJz',16,NULL,NULL),(874,1,39.00,'RM','2018-02-10','2017-11-10 08:01:27','2017-11-10 08:01:27','r1x1TRzJz',NULL,4,NULL),(875,1,39.00,'RM','2018-02-10','2017-11-10 08:17:24','2017-11-10 08:17:24','By2qekXJM',NULL,4,NULL),(876,1,10.00,'S$',NULL,'2017-11-10 08:22:05','2017-11-10 08:22:05','ByBhZyQJf',14,NULL,NULL),(877,1,21.00,'S$',NULL,'2017-11-10 08:22:05','2017-11-10 08:22:05','ByBhZyQJf',26,NULL,NULL),(878,1,49.00,'S$',NULL,'2017-11-10 08:22:05','2017-11-10 08:22:05','ByBhZyQJf',16,NULL,NULL),(879,1,49.00,'S$',NULL,'2017-11-10 08:28:09','2017-11-10 08:28:09','SybXmJ7Jz',16,NULL,NULL),(880,1,10.00,'S$',NULL,'2017-11-10 08:28:09','2017-11-10 08:28:09','SybXmJ7Jz',17,NULL,NULL),(881,1,10.00,'S$',NULL,'2017-11-10 08:28:09','2017-11-10 08:28:09','SybXmJ7Jz',14,NULL,NULL),(882,1,49.00,'S$',NULL,'2017-11-10 08:29:58','2017-11-10 08:29:58','H1y9my7kM',16,NULL,NULL),(883,1,10.00,'S$',NULL,'2017-11-10 08:29:58','2017-11-10 08:29:58','H1y9my7kM',14,NULL,NULL),(884,1,109.00,'RM',NULL,'2017-11-10 08:33:08','2017-11-10 08:33:08','SkaSVk7JG',5,NULL,NULL),(885,1,109.00,'RM',NULL,'2017-11-10 08:33:57','2017-11-10 08:33:57','H1adEy7Jz',5,NULL,NULL),(886,1,59.00,'RM','2018-02-10','2017-11-10 08:41:25','2017-11-10 08:41:25','rkCV8y71M',NULL,16,NULL),(887,1,13.00,'RM',NULL,'2017-11-10 08:50:26','2017-11-10 08:50:26','rJj8uy7kM',2,NULL,NULL),(888,1,64.00,'S$','2018-02-10','2017-11-10 08:50:26','2017-11-10 08:50:26','rJj8uy7kM',NULL,10,NULL),(889,3,6.00,'S$',NULL,'2017-11-10 09:02:48','2017-11-10 09:02:48','BkgHiyQ1z',25,NULL,NULL),(890,2,109.00,'RM',NULL,'2017-11-10 09:09:13','2017-11-10 09:09:13','ByMp2J7kf',5,NULL,NULL),(891,2,18.00,'RM',NULL,'2017-11-10 09:09:13','2017-11-10 09:09:13','ByMp2J7kf',1,NULL,NULL),(892,1,18.00,'RM',NULL,'2017-11-10 09:09:13','2017-11-10 09:09:13','ByMp2J7kf',6,NULL,NULL),(893,1,19.00,'RM',NULL,'2017-11-10 09:09:13','2017-11-10 09:09:13','ByMp2J7kf',13,NULL,NULL),(894,1,13.00,'RM',NULL,'2017-11-10 09:09:13','2017-11-10 09:09:13','ByMp2J7kf',2,NULL,NULL),(895,100,49.00,'S$',NULL,'2017-11-10 09:10:41','2017-11-10 09:10:41','H1YfTJQkf',16,NULL,NULL),(896,10,49.00,'S$',NULL,'2017-11-10 09:12:35','2017-11-10 09:12:35','r12Ypk71M',16,NULL,NULL),(897,20,49.00,'S$',NULL,'2017-11-10 09:19:50','2017-11-10 09:19:50','ryySygQJG',16,NULL,NULL),(898,20,16.00,'S$',NULL,'2017-11-10 09:19:50','2017-11-10 09:19:50','ryySygQJG',20,NULL,NULL),(899,7,14.00,'S$',NULL,'2017-11-10 09:45:10','2017-11-10 09:45:10','SJ1Ere7JM',18,NULL,NULL),(900,6,49.00,'S$',NULL,'2017-11-10 09:46:59','2017-11-10 09:46:59','B1jcHgQ1z',16,NULL,NULL),(901,1,156.00,'RM','2018-02-10','2017-11-10 09:52:49','2017-11-10 09:52:49','rJKeveXkz',NULL,2,NULL),(902,10,8.00,'S$',NULL,'2017-11-10 09:55:55','2017-11-10 09:55:55','HyN2PeQyG',24,NULL,NULL),(903,1,18.00,'RM',NULL,'2017-11-10 10:14:06','2017-11-10 10:14:06','BJIg2gQyf',1,NULL,NULL),(904,1,109.00,'RM',NULL,'2017-11-10 10:14:06','2017-11-10 10:14:06','BJIg2gQyf',5,NULL,NULL),(905,1,108.00,'RM','2018-02-10','2017-11-10 10:14:06','2017-11-10 10:14:06','BJIg2gQyf',NULL,1,NULL),(906,1,236.00,'RM','2018-02-10','2017-11-10 10:14:06','2017-11-10 10:14:06','BJIg2gQyf',NULL,15,NULL),(907,7,10.00,'S$',NULL,'2017-11-10 10:25:01','2017-11-10 10:25:01','rk8Y0xXJG',17,NULL,NULL),(908,14,10.00,'S$',NULL,'2017-11-10 10:25:01','2017-11-10 10:25:01','rk8Y0xXJG',14,NULL,NULL),(909,7,49.00,'S$',NULL,'2017-11-10 10:27:07','2017-11-10 10:27:07','S1VZ1WQyz',16,NULL,NULL),(910,1,236.00,'RM','2018-02-10','2017-11-10 10:51:33','2017-11-10 10:51:33','ry634-QkM',NULL,15,NULL),(911,1,236.00,'RM','2018-02-10','2017-11-10 10:57:24','2017-11-10 10:57:24','rJpzLZ7kG',NULL,15,NULL),(912,9,15.00,'RM',NULL,'2017-11-10 10:57:45','2017-11-10 10:57:45','Hyz4I-7Jf',28,NULL,NULL),(913,5,236.00,'RM','2017-11-11','2017-11-10 10:57:45','2017-11-10 10:57:45','Hyz4I-7Jf',NULL,15,NULL),(914,1,236.00,'RM','2018-02-10','2017-11-10 10:58:02','2017-11-10 10:58:02','BkGSU-mkG',NULL,15,NULL),(915,1,10.00,'S$',NULL,'2017-11-10 10:59:12','2017-11-10 10:59:12','S1OYIZQyG',14,NULL,NULL),(916,1,27.00,'RM','2018-02-10','2017-11-10 10:59:12','2017-11-10 10:59:12','S1OYIZQyG',NULL,3,NULL),(917,1,109.00,'RM',NULL,'2017-11-10 11:00:02','2017-11-10 11:00:02','HJ5nUbQ1G',5,NULL,NULL),(918,1,13.00,'RM',NULL,'2017-11-10 11:10:52','2017-11-10 11:10:52','S1SSYb7kz',2,NULL,NULL),(919,1,13.00,'RM',NULL,'2017-11-10 11:10:52','2017-11-10 11:10:52','S1SSYb7kz',7,NULL,NULL),(920,1,27.00,'RM','2018-02-10','2017-11-10 11:12:32','2017-11-10 11:12:32','HJ_jYbX1f',NULL,3,NULL),(921,1,109.00,'RM',NULL,'2017-11-10 11:18:09','2017-11-10 11:18:09','Hkqxs-QyG',5,NULL,NULL),(922,1,18.00,'RM',NULL,'2017-11-10 11:18:09','2017-11-10 11:18:09','Hkqxs-QyG',6,NULL,NULL),(923,1,109.00,'RM',NULL,'2017-11-10 11:24:40','2017-11-10 11:24:40','HyZY2bXkM',5,NULL,NULL),(924,4,109.00,'RM',NULL,'2017-11-10 11:25:13','2017-11-10 11:25:13','ryzohZX1M',5,NULL,NULL),(925,2,13.00,'RM',NULL,'2017-11-10 11:25:13','2017-11-10 11:25:13','ryzohZX1M',7,NULL,NULL),(926,2,18.00,'RM',NULL,'2017-11-10 11:25:13','2017-11-10 11:25:13','ryzohZX1M',6,NULL,NULL),(927,3,18.00,'RM',NULL,'2017-11-10 11:25:13','2017-11-10 11:25:13','ryzohZX1M',1,NULL,NULL),(928,2,13.00,'RM',NULL,'2017-11-10 11:25:13','2017-11-10 11:25:13','ryzohZX1M',2,NULL,NULL),(929,2,19.00,'RM',NULL,'2017-11-10 11:25:13','2017-11-10 11:25:13','ryzohZX1M',13,NULL,NULL),(930,2,18.00,'RM',NULL,'2017-11-10 11:29:22','2017-11-10 11:29:22','rJc96ZQyM',6,NULL,NULL),(931,2,13.00,'RM',NULL,'2017-11-10 11:29:22','2017-11-10 11:29:22','rJc96ZQyM',7,NULL,NULL),(932,1,109.00,'RM',NULL,'2017-11-10 11:32:13','2017-11-10 11:32:13','SySB0bQJf',5,NULL,NULL),(933,1,236.00,'RM','2018-02-10','2017-11-10 11:32:13','2017-11-10 11:32:13','SySB0bQJf',NULL,15,NULL),(934,1,59.00,'RM','2018-02-10','2017-11-10 11:34:18','2017-11-10 11:34:18','S1f6AZmJG',NULL,33,NULL),(935,1,37.50,'RM','2018-02-10','2017-11-10 11:34:18','2017-11-10 11:34:18','S1f6AZmJG',NULL,31,NULL),(936,1,59.00,'RM','2018-02-10','2017-11-10 11:36:10','2017-11-10 11:36:10','S1QVJzmkM',NULL,33,NULL),(937,1,27.00,'RM','2018-02-10','2017-11-10 11:36:10','2017-11-10 11:36:10','S1QVJzmkM',NULL,29,NULL),(938,1,108.00,'RM','2017-11-11','2017-11-10 12:06:49','2017-11-10 12:06:49','ryZDUf7yG',NULL,19,NULL),(939,2,300.00,'RM','2017-11-11','2017-11-10 12:30:49','2017-11-10 12:30:49','rJ--3Gm1G',NULL,23,NULL),(940,1,49.00,'S$',NULL,'2017-11-10 12:32:04','2017-11-10 12:32:04','r1TrhfmJz',16,NULL,NULL),(941,1,27.00,'RM','2018-02-10','2017-11-10 13:02:57','2017-11-10 13:02:57','rJFY7QX1G',NULL,29,NULL),(942,1,37.50,'RM','2018-02-10','2017-11-10 13:02:57','2017-11-10 13:02:57','rJFY7QX1G',NULL,31,NULL),(943,1,109.00,'RM',NULL,'2017-11-10 13:07:16','2017-11-10 13:07:16','Hy6YEQ7Jz',5,NULL,NULL),(944,1,108.00,'RM','2017-11-11','2017-11-10 13:55:18','2017-11-10 13:55:18','H1061Nm1f',NULL,19,NULL),(945,1,75.00,'RM','2018-02-10','2017-11-10 13:55:18','2017-11-10 13:55:18','H1061Nm1f',NULL,27,NULL),(946,1,14.00,'S$',NULL,'2017-11-10 14:40:50','2017-11-10 14:40:50','HJ9d5NQJM',30,NULL,NULL),(947,8,18.00,'RM',NULL,'2017-11-10 14:54:42','2017-11-10 14:54:42','Bkc3T4QyM',1,NULL,NULL),(948,1,109.00,'RM',NULL,'2017-11-11 02:02:11','2017-11-11 02:02:11','H13mqCmJM',5,NULL,NULL),(949,1,75.00,'RM','2018-02-11','2017-11-11 02:02:11','2017-11-11 02:02:11','H13mqCmJM',NULL,6,NULL);
/*!40000 ALTER TABLE `OrderDetails` ENABLE KEYS */;
UNLOCK TABLES;

--
-- Table structure for table `Orders`
--

DROP TABLE IF EXISTS `Orders`;
/*!40101 SET @saved_cs_client     = @@character_set_client */;
/*!40101 SET character_set_client = utf8 */;
CREATE TABLE `Orders` (
  `id` varchar(12) NOT NULL,
  `states` enum('Pending','On Hold','Payment Received','Processing','Delivering','Completed','Canceled') DEFAULT 'On Hold',
  `deliveryId` varchar(30) DEFAULT NULL,
  `email` varchar(50) DEFAULT NULL,
  `phone` varchar(30) DEFAULT NULL,
  `fullName` varchar(50) DEFAULT NULL,
  `paymentType` enum('stripe','iPay88','cash') DEFAULT NULL,
  `promoCode` varchar(50) DEFAULT NULL,
  `subscriptionIds` text,
  `createdAt` datetime NOT NULL,
  `updatedAt` datetime NOT NULL,
  `DeliveryAddressId` int(11) DEFAULT NULL,
  `BillingAddressId` int(11) DEFAULT NULL,
  `PromotionId` int(11) DEFAULT NULL,
  `UserId` int(11) DEFAULT NULL,
  `SellerUserId` int(11) DEFAULT NULL,
  `carrierKey` varchar(15) DEFAULT NULL,
  `carrierAgent` varchar(30) DEFAULT NULL,
  `CountryId` int(11) DEFAULT NULL,
  `taxRate` int(11) NOT NULL DEFAULT '0',
  `taxName` varchar(20) NOT NULL DEFAULT 'GST',
  PRIMARY KEY (`id`),
  KEY `DeliveryAddressId` (`DeliveryAddressId`),
  KEY `BillingAddressId` (`BillingAddressId`),
  KEY `PromotionId` (`PromotionId`),
  KEY `UserId` (`UserId`),
  KEY `SellerUserId` (`SellerUserId`),
  KEY `orders_ibfk_6_idx` (`CountryId`),
  CONSTRAINT `Orders_ibfk_1` FOREIGN KEY (`DeliveryAddressId`) REFERENCES `DeliveryAddresses` (`id`) ON DELETE SET NULL ON UPDATE CASCADE,
  CONSTRAINT `Orders_ibfk_2` FOREIGN KEY (`BillingAddressId`) REFERENCES `DeliveryAddresses` (`id`) ON DELETE SET NULL ON UPDATE CASCADE,
  CONSTRAINT `Orders_ibfk_3` FOREIGN KEY (`PromotionId`) REFERENCES `Promotions` (`id`) ON DELETE SET NULL ON UPDATE CASCADE,
  CONSTRAINT `Orders_ibfk_4` FOREIGN KEY (`UserId`) REFERENCES `Users` (`id`) ON DELETE SET NULL ON UPDATE CASCADE,
  CONSTRAINT `Orders_ibfk_5` FOREIGN KEY (`SellerUserId`) REFERENCES `SellerUsers` (`id`) ON DELETE SET NULL ON UPDATE CASCADE,
  CONSTRAINT `orders_ibfk_6` FOREIGN KEY (`CountryId`) REFERENCES `Countries` (`id`) ON DELETE SET NULL ON UPDATE CASCADE
) ENGINE=InnoDB DEFAULT CHARSET=utf8;
/*!40101 SET character_set_client = @saved_cs_client */;

--
-- Dumping data for table `Orders`
--

LOCK TABLES `Orders` WRITE;
/*!40000 ALTER TABLE `Orders` DISABLE KEYS */;
INSERT INTO `Orders` VALUES ('B11zLrZyf','Completed',NULL,'test1233@gmail.com','+60123456789','','cash',NULL,NULL,'2017-11-09 03:05:42','2017-11-09 03:05:42',NULL,NULL,NULL,168,2,NULL,NULL,1,6,'GST'),('B12AJrlyz','Processing',NULL,'ybdao@bonseyjaden.com',NULL,NULL,'iPay88','',NULL,'2017-11-08 08:26:59','2017-11-08 08:27:51',234,234,NULL,152,NULL,NULL,NULL,1,6,'GST'),('B12dR59AW','Completed',NULL,'kimtn129@gmail.com',NULL,NULL,'iPay88','FREESHIPPING',NULL,'2017-11-04 01:57:08','2017-11-07 13:46:55',142,142,4,1,NULL,NULL,NULL,1,6,'GST'),('B13u6_6CZ','Completed',NULL,'lty01@mailinator.com','+606547896325','Test order','cash',NULL,NULL,'2017-11-06 06:13:08','2017-11-06 06:13:08',NULL,NULL,NULL,118,5,NULL,NULL,1,6,'GST'),('B14WaAzC-','Processing',NULL,'vzfs@zhcne.com','+60123456789','Thao Ly','stripe',NULL,'[\"34\"]','2017-10-29 04:45:47','2017-10-29 04:45:55',49,49,NULL,NULL,2,NULL,NULL,1,6,'GST'),('B16MUgg1z','Processing',NULL,'ybdao@bonseyjaden.com',NULL,NULL,'iPay88','',NULL,'2017-11-08 03:12:21','2017-11-08 03:12:26',219,219,NULL,152,NULL,NULL,NULL,1,6,'GST'),('B17D8xORW','Processing',NULL,'ly@bonseyjaden.com',NULL,NULL,'stripe','','[\"97\"]','2017-11-02 01:35:22','2017-11-02 01:35:54',55,55,NULL,NULL,NULL,NULL,NULL,1,6,'GST'),('B1ajUtOCW','Processing',NULL,'zaclwz82@yahoo.com',NULL,NULL,'stripe','WELCOME10','[\"106\"]','2017-11-02 11:51:01','2017-11-02 11:51:05',134,134,NULL,103,NULL,NULL,NULL,1,6,'GST'),('B1aKYCfRW','Processing',NULL,'mees@drivetagdev.com',NULL,NULL,'stripe','','[\"30\"]','2017-10-29 04:31:00','2017-10-29 04:31:53',46,46,NULL,44,NULL,NULL,NULL,1,6,'GST'),('B1BUIsCRW','Canceled',NULL,'my.phan@bonseyjaden.com','+602312312332','pdjis','cash',NULL,NULL,'2017-11-07 03:19:40','2017-11-07 03:29:44',NULL,NULL,NULL,121,2,NULL,NULL,1,6,'GST'),('B1cemGlCW','Completed',NULL,'test@gmail.com','+601234567890','','cash',NULL,NULL,'2017-10-27 01:59:13','2017-10-27 01:59:13',NULL,NULL,NULL,NULL,2,NULL,NULL,1,0,'GST'),('B1gN5nTCW','Processing',NULL,'ly@bonseyjaden.com',NULL,NULL,'stripe','WELCOME10','[\"173\"]','2017-11-06 10:32:07','2017-11-06 10:32:29',125,125,NULL,97,NULL,NULL,NULL,1,6,'GST'),('B1jcHgQ1z','Canceled',NULL,'phanmy.vnu@gmail.com','+651223423434','dsd','cash',NULL,NULL,'2017-11-10 09:46:59','2017-11-10 11:28:25',NULL,NULL,NULL,150,54,NULL,NULL,7,7,'GST'),('B1jg4oKAb','Canceled',NULL,'mervin@bonseyjaden.com','+60123456789','','stripe','WELCOME10',NULL,'2017-11-03 08:08:18','2017-11-03 08:45:09',NULL,NULL,NULL,80,2,NULL,NULL,1,6,'GST'),('B1k2V7v0b','Payment Received',NULL,'lan6@mailinator.com','+6009876554322','lan','stripe',NULL,NULL,'2017-11-01 10:40:38','2017-11-01 10:40:38',NULL,NULL,NULL,NULL,2,NULL,NULL,1,6,'GST'),('B1LmxdHRb','Processing',NULL,'abc@mailinator.com',NULL,NULL,'stripe','',NULL,'2017-10-31 03:38:05','2017-10-31 03:38:44',64,64,NULL,62,NULL,NULL,NULL,1,6,'GST'),('B1pstlLR-','Completed',NULL,'test-01@bonseyjaden.com','+600123456789','Susan Lee','cash',NULL,NULL,'2017-10-31 13:24:53','2017-10-31 13:24:53',NULL,NULL,NULL,NULL,2,NULL,NULL,1,6,'GST'),('B1rh8DF0Z','Processing',NULL,'nguyen3@mailinator.com',NULL,NULL,'stripe','WELCOME10','[\"127\"]','2017-11-03 03:46:52','2017-11-03 03:47:47',156,156,NULL,115,NULL,NULL,NULL,1,6,'GST'),('B1RkmH-kz','Completed',NULL,'tesy@ghh.com','+60236999999','','cash',NULL,NULL,'2017-11-09 02:52:21','2017-11-09 02:52:21',NULL,NULL,NULL,166,2,NULL,NULL,1,6,'GST'),('B1S0YDe1G','Processing',NULL,'kimtn129@gmail.com',NULL,NULL,'iPay88','FREESHIPPING',NULL,'2017-11-08 11:26:04','2017-11-08 11:26:14',142,142,4,1,NULL,NULL,NULL,1,6,'GST'),('B1svOPbJf','Processing',NULL,'lty01@mailinator.com',NULL,NULL,'stripe','','[\"198\"]','2017-11-09 05:32:18','2017-11-09 05:33:20',254,254,NULL,118,NULL,NULL,NULL,1,6,'GST'),('B1tGgCk1G','Processing',NULL,'weikhern@gmail.com',NULL,NULL,'stripe','',NULL,'2017-11-08 00:30:08','2017-11-08 00:30:18',228,228,NULL,156,NULL,NULL,NULL,1,6,'GST'),('B1tXV9gAZ','Completed',NULL,'weizi@bonseyjaden.com','+603694578164','Weizi testung','cash',NULL,NULL,'2017-10-27 11:10:24','2017-10-27 11:10:24',NULL,NULL,NULL,NULL,2,NULL,NULL,1,0,'GST'),('B1UtBo0CZ','Completed',NULL,'phanmy.vnu@gmail.com','+60124236667','ádshhdskđ','cash',NULL,NULL,'2017-11-07 03:16:14','2017-11-07 03:16:14',NULL,NULL,NULL,150,2,NULL,NULL,1,6,'GST'),('B1v3C8pCW','Processing',NULL,'ngoclan@bonseyjaden.com',NULL,NULL,'iPay88','FREESHIPPING',NULL,'2017-11-06 04:01:50','2017-11-06 04:02:33',115,109,4,7,NULL,NULL,NULL,1,6,'GST'),('B1xl4i0C-','Processing',NULL,'test@gmail.com','+60133556889','133','stripe',NULL,'[\"178\"]','2017-11-07 03:09:28','2017-11-07 03:09:38',216,216,NULL,79,2,NULL,NULL,1,6,'GST'),('B1xuuU-yf','Processing',NULL,'lan23@mailinator.com',NULL,NULL,'stripe','',NULL,'2017-11-09 04:24:08','2017-11-09 04:24:43',250,251,NULL,173,NULL,NULL,NULL,1,6,'GST'),('B1yNw9ORb','Canceled',NULL,'kimtn129@gmail.com','3242343234',NULL,'cash',NULL,NULL,'2017-11-02 13:01:26','2017-11-02 13:01:41',1,1,NULL,1,1,NULL,NULL,1,6,'GST'),('B1yqKUyCW','Processing',NULL,'ly@bonseyjaden.com',NULL,NULL,'stripe','','[\"2\"]','2017-10-26 12:48:07','2017-10-26 12:48:30',2,2,NULL,NULL,NULL,NULL,NULL,1,0,'GST'),('B1yz09SAW','Processing',NULL,'lan2@mailinator.com',NULL,NULL,'stripe','',NULL,'2017-10-31 06:53:59','2017-10-31 06:54:43',78,78,NULL,76,NULL,NULL,NULL,1,6,'GST'),('BJ32TAMCZ','Processing',NULL,'vzfs@zhcne.com',NULL,NULL,'stripe','','[\"36\"]','2017-10-29 04:48:52','2017-10-29 04:48:56',49,49,NULL,46,NULL,NULL,NULL,1,6,'GST'),('BJ4oNTt0-','Completed',NULL,'test@1111.com','+60123456789','','cash',NULL,NULL,'2017-11-03 10:27:39','2017-11-03 10:27:39',NULL,NULL,NULL,123,2,NULL,NULL,1,6,'GST'),('BJ8w8JJJG','Processing',NULL,'ybdao@bonseyjaden.com',NULL,NULL,'stripe','',NULL,'2017-11-07 07:53:01','2017-11-07 07:53:45',219,219,NULL,152,NULL,NULL,NULL,1,6,'GST'),('BJc8zt_C-','Processing',NULL,'lan6@mailinator.com',NULL,NULL,'stripe','WELCOME10','[\"104\"]','2017-11-02 11:32:33','2017-11-02 11:33:04',118,118,NULL,95,NULL,NULL,NULL,1,6,'GST'),('BJcBVTKCW','Canceled',NULL,'test@gmail.com','+601234567864','testqqqq','cash',NULL,NULL,'2017-11-03 10:26:09','2017-11-07 03:39:35',NULL,NULL,NULL,79,2,NULL,NULL,1,6,'GST'),('BJhLQabCW','Processing',NULL,'weizi@bonseyjaden.com','+60369854785','Justine  tester ','stripe',NULL,'[\"20\"]','2017-10-28 08:44:03','2017-10-28 08:44:26',33,33,NULL,NULL,2,NULL,NULL,1,0,'GST'),('BJHzwFz1z','Processing',NULL,'test@gmail.com','+601234567890','test tran minh','stripe','PROCODE10','[\"205\"]','2017-11-10 01:55:25','2017-11-10 01:55:39',270,270,1,79,2,NULL,NULL,1,6,'GST'),('BJIg2gQyf','Processing',NULL,'lan22@mailinator.com',NULL,NULL,'stripe',NULL,'[\"213\",\"214\"]','2017-11-10 10:14:06','2017-11-10 10:14:39',261,261,NULL,172,NULL,NULL,NULL,1,6,'GST'),('BJJjlHrA-','Processing',NULL,'kimtn129@gmail.com',NULL,NULL,'stripe','',NULL,'2017-10-31 00:15:18','2017-10-31 00:16:00',1,1,NULL,1,NULL,NULL,NULL,1,6,'GST'),('BJLbWFe0W','Processing',NULL,'Mervin@bonseyjaden.com',NULL,NULL,'stripe','',NULL,'2017-10-27 09:48:45','2017-10-27 09:49:23',28,28,NULL,NULL,NULL,NULL,NULL,1,0,'GST'),('BJo2BNl1M','Processing',NULL,'ybdao@bonseyjaden.com',NULL,NULL,'stripe','','[\"189\"]','2017-11-08 07:43:47','2017-11-08 07:44:48',219,219,NULL,152,NULL,NULL,NULL,1,6,'GST'),('BJp9Uu-0Z','Processing',NULL,'kimtn129@gmail.com',NULL,NULL,'stripe','',NULL,'2017-10-28 03:16:36','2017-10-28 03:16:51',1,1,NULL,1,NULL,NULL,NULL,1,0,'GST'),('BJpsIiNRb','Processing',NULL,'usfs@reddit.usa.cc',NULL,NULL,'stripe','',NULL,'2017-10-30 13:18:29','2017-10-30 13:18:38',57,57,NULL,NULL,NULL,NULL,NULL,1,6,'GST'),('BJpuzRyJM','Processing',NULL,'weikhern@gmail.com',NULL,NULL,'stripe','WELCOME10','[\"186\"]','2017-11-08 00:40:20','2017-11-08 00:41:19',229,229,NULL,156,NULL,NULL,NULL,1,6,'GST'),('BJtl_CzR-','Completed',NULL,'mees@drivetagdev.com','+60123456798','Mee Lee','cash',NULL,NULL,'2017-10-29 04:24:17','2017-10-29 04:24:17',NULL,NULL,NULL,NULL,2,NULL,NULL,1,6,'GST'),('BJW90a-RZ','Processing',NULL,'weizi@bonseyjaden.com','+60698745896','Username test','stripe',NULL,'[\"21\"]','2017-10-28 09:31:53','2017-10-28 09:32:28',36,36,NULL,NULL,2,NULL,NULL,1,0,'GST'),('BJWDCQgAZ','Processing',NULL,'ly@bonseyjaden.com',NULL,NULL,'stripe','',NULL,'2017-10-27 03:56:09','2017-10-27 03:56:49',2,2,NULL,NULL,NULL,NULL,NULL,1,0,'GST'),('BJx1BoZkf','Processing',NULL,'ybdao@bonseyjaden.com',NULL,NULL,'stripe','','[\"203\"]','2017-11-09 09:50:16','2017-11-09 09:50:50',255,255,NULL,152,NULL,NULL,NULL,1,6,'GST'),('BJxROwg0W','Processing',NULL,'oads@w.0w.ro',NULL,NULL,'stripe','WELCOME10',NULL,'2017-10-27 08:05:28','2017-10-27 08:05:39',26,26,NULL,23,NULL,NULL,NULL,1,0,'GST'),('BJXy_8-yG','On Hold',NULL,'ybdao@bonseyjaden.com',NULL,NULL,'iPay88','',NULL,'2017-11-09 04:21:46','2017-11-09 04:21:46',236,236,NULL,152,NULL,NULL,NULL,1,6,'GST'),('BJyG5FtAZ','Processing',NULL,'chuan@bonseyjaden.com',NULL,NULL,'iPay88','',NULL,'2017-11-03 06:17:43','2017-11-03 07:13:00',168,168,NULL,93,NULL,NULL,NULL,1,6,'GST'),('Bk0dAHZkf','Completed',NULL,'test23466@gmail.com','+601234567890','','cash',NULL,NULL,'2017-11-09 03:41:42','2017-11-09 03:41:42',NULL,NULL,NULL,171,2,NULL,NULL,1,6,'GST'),('Bk0u4iRCW','Completed',NULL,'phanmy.vnu@gmail.com','+601687155665','PM','cash',NULL,NULL,'2017-11-07 03:11:50','2017-11-07 03:11:50',NULL,NULL,NULL,150,2,NULL,NULL,1,6,'GST'),('Bk7iCur0b','Processing',NULL,'lan1@mailinator.com',NULL,NULL,'stripe','',NULL,'2017-10-31 04:39:55','2017-10-31 04:40:35',76,76,NULL,69,NULL,NULL,NULL,1,6,'GST'),('Bk8MorZ1z','Completed',NULL,'testsss@gmail.com','+603434343434','test1111','cash',NULL,NULL,'2017-11-09 03:27:09','2017-11-09 03:27:09',NULL,NULL,NULL,169,2,NULL,NULL,1,6,'GST'),('BkBOgs9CW','Processing',NULL,'kimtn129@gmail.com',NULL,NULL,'iPay88','FREESHIPPING',NULL,'2017-11-04 02:05:32','2017-11-04 02:06:21',142,142,4,1,NULL,NULL,NULL,1,6,'GST'),('BkbVnGQ0W','Processing',NULL,'mres@o.cfo2go.ro',NULL,NULL,'stripe','',NULL,'2017-10-29 09:15:20','2017-10-29 09:15:58',38,38,NULL,37,NULL,NULL,NULL,1,6,'GST'),('Bkc3T4QyM','Processing',NULL,'Mervin@bonseyjaden.com',NULL,NULL,'stripe',NULL,NULL,'2017-11-10 14:54:42','2017-11-10 14:55:11',298,298,NULL,80,NULL,NULL,NULL,1,6,'GST'),('BkDaBXvAb','Processing',NULL,'lan7@mailinator.com','+600987654321','abb','stripe','WELCOME10','[\"94\"]','2017-11-01 10:45:19','2017-11-01 10:45:50',119,119,NULL,NULL,2,NULL,NULL,1,6,'GST'),('Bke2CryJG','Processing',NULL,'ly@bonseyjaden.com',NULL,NULL,'stripe','',NULL,'2017-11-07 15:18:00','2017-11-07 15:18:14',130,125,NULL,97,NULL,NULL,NULL,7,7,'GST'),('BkE7L6_CW','Processing',NULL,'kimtn129@gmail.com','+60656494958','kim thi','stripe',NULL,'[\"115\"]','2017-11-02 16:21:47','2017-11-02 16:22:47',142,142,NULL,1,2,NULL,NULL,1,6,'GST'),('BkgHiyQ1z','Canceled',NULL,'hungvo@bonseyjaden.com','+6541659612968','HUNGVT','stripe',NULL,NULL,'2017-11-10 09:02:48','2017-11-10 09:03:10',NULL,NULL,NULL,43,54,NULL,NULL,7,7,'GST'),('BkGSU-mkG','Processing',NULL,'lan22@mailinator.com',NULL,NULL,'stripe','JAG15OFF','[\"218\"]','2017-11-10 10:58:01','2017-11-10 10:58:41',287,287,68,172,NULL,NULL,NULL,1,6,'GST'),('BkibrZ1kG','Processing',NULL,'ybdao@bonseyjaden.com',NULL,NULL,'stripe','','[\"182\"]','2017-11-07 10:03:47','2017-11-07 10:03:57',219,219,NULL,152,NULL,NULL,NULL,1,6,'GST'),('Bkj7K6FCb','Processing',NULL,'ly@bonseyjaden.com',NULL,NULL,'stripe','procode268',NULL,'2017-11-03 10:46:59','2017-11-03 10:48:14',125,125,1,97,NULL,NULL,NULL,1,6,'GST'),('BkjFUBW1G','Processing',NULL,'test@gmail.com','+601234567890','test@gmail.','stripe',NULL,'[\"191\"]','2017-11-09 03:07:46','2017-11-09 03:08:38',242,242,NULL,79,2,NULL,NULL,1,6,'GST'),('BkkvKcKRZ','Canceled',NULL,'lan6@mailinator.com','+600987654321','abb','stripe','WELCOME10','[\"149\",\"150\"]','2017-11-03 07:23:03','2017-11-03 07:53:23',173,173,NULL,95,2,NULL,NULL,1,6,'GST'),('BklEzrxkG','Processing',NULL,'ybdao@bonseyjaden.com',NULL,NULL,'stripe','',NULL,'2017-11-08 08:36:56','2017-11-08 08:37:51',236,236,NULL,152,NULL,NULL,NULL,1,6,'GST'),('BkLWIttCW','Completed',NULL,'lty01@mailinator.com','+601223465978','BA app cancel 01','cash',NULL,NULL,'2017-11-03 06:00:29','2017-11-03 06:00:29',NULL,NULL,NULL,118,4,NULL,NULL,1,6,'GST'),('BkmsfDKCW','Processing',NULL,'nguyen1@mailinator.com',NULL,NULL,'stripe','','[\"124\"]','2017-11-03 03:29:31','2017-11-03 03:29:43',153,153,NULL,113,NULL,NULL,NULL,1,6,'GST'),('BknfobDA-','Processing',NULL,'ngoclan@bonseyjaden.com',NULL,NULL,'stripe','',NULL,'2017-11-01 08:51:31','2017-11-01 08:52:02',115,109,NULL,7,NULL,NULL,NULL,1,6,'GST'),('BkO5NW4AW','Completed',NULL,'ly@bonseyjaden.com','+60123456789','lytran','cash','WELCOME10',NULL,'2017-10-30 01:46:56','2017-10-30 01:46:56',NULL,NULL,NULL,NULL,2,NULL,NULL,1,6,'GST'),('BkOjUhZ1G','On Hold',NULL,'hos01@mailinator.com',NULL,NULL,'iPay88','FREESHIPPING',NULL,'2017-11-09 11:06:08','2017-11-09 11:06:08',267,267,4,180,NULL,NULL,NULL,1,6,'GST'),('Bkp6mGlRb','Completed',NULL,'mervin@bonseyjaden.com','+60123456789','','cash','welcome10',NULL,'2017-10-27 02:02:45','2017-10-27 02:02:45',NULL,NULL,NULL,NULL,4,NULL,NULL,1,0,'GST'),('BkSMwV6R-','Processing',NULL,'durifto@gmail.com',NULL,NULL,'stripe','','[\"168\"]','2017-11-06 01:12:44','2017-11-06 01:13:29',187,187,NULL,131,NULL,NULL,NULL,1,6,'GST'),('BkUK0Yd0-','Processing',NULL,'kimtn129@gmail.com',NULL,NULL,'stripe','',NULL,'2017-11-02 12:24:29','2017-11-02 12:24:58',96,96,NULL,1,NULL,NULL,NULL,1,6,'GST'),('BkuMfiBRb','Processing',NULL,'lan2@mailinator.com',NULL,NULL,'stripe','','[\"69\"]','2017-10-31 07:11:11','2017-10-31 07:11:47',78,78,NULL,76,NULL,NULL,NULL,1,6,'GST'),('BkVNjJlyM','Processing',NULL,'ngoclan@bonseyjaden.com',NULL,NULL,'iPay88','FREESHIPPING',NULL,'2017-11-08 02:25:48','2017-11-08 02:26:24',115,109,4,7,NULL,NULL,NULL,1,6,'GST'),('BkwSn_H0W','Processing',NULL,'lan1@mailinator.com',NULL,NULL,'stripe','',NULL,'2017-10-31 04:29:51','2017-10-31 04:30:34',76,76,NULL,69,NULL,NULL,NULL,1,6,'GST'),('BkY55IeRb','Processing',NULL,'psds@dfg6.kozow.com',NULL,NULL,'stripe','WELCOME10','[\"15\"]','2017-10-27 07:04:49','2017-10-27 07:05:37',13,25,NULL,20,NULL,NULL,NULL,1,0,'GST'),('BkZxhtJC-','Payment Received',NULL,'nguyenngoclan714@gmail.com',NULL,NULL,'stripe','',NULL,'2017-10-26 16:23:05','2017-10-26 16:23:05',6,6,NULL,NULL,NULL,NULL,NULL,1,0,'GST'),('BkZY-kARW','Processing',NULL,'abc@gmail.com',NULL,NULL,'stripe','WELCOME10','[\"176\"]','2017-11-06 13:19:53','2017-11-06 13:21:33',214,214,NULL,92,NULL,NULL,NULL,1,6,'GST'),('By0mB9W1G','Completed',NULL,'test@gmail.com','+60','12344','cash',NULL,NULL,'2017-11-09 08:43:18','2017-11-09 08:43:18',NULL,NULL,NULL,79,2,NULL,NULL,1,6,'GST'),('By2qekXJM','Processing',NULL,'lan22@mailinator.com',NULL,NULL,'stripe','WELCOME10','[\"209\"]','2017-11-10 08:17:24','2017-11-10 08:17:36',261,261,67,172,NULL,NULL,NULL,1,6,'GST'),('By4FzL-kG','On Hold',NULL,'ybdao@bonseyjaden.com',NULL,NULL,'iPay88','',NULL,'2017-11-09 03:58:52','2017-11-09 03:58:52',236,236,NULL,152,NULL,NULL,NULL,1,6,'GST'),('ByBhZyQJf','Processing',NULL,'ybdao@bonseyjaden.com',NULL,NULL,'stripe',NULL,NULL,'2017-11-10 08:22:05','2017-11-10 08:22:36',255,255,NULL,152,NULL,NULL,NULL,7,7,'GST'),('BygjCqfJf','Processing',NULL,'lan22@mailinator.com',NULL,NULL,'stripe','WELCOME10',NULL,'2017-11-10 03:35:51','2017-11-10 03:36:42',278,279,67,172,NULL,NULL,NULL,1,6,'GST'),('ByhQmU1Cb','Processing',NULL,'kimtn129@gmail.com',NULL,NULL,'stripe','',NULL,'2017-10-26 12:20:52','2017-10-26 12:21:21',1,1,NULL,1,NULL,NULL,NULL,1,0,'GST'),('ByIAe3RR-','Completed',NULL,'phanmy.vnu@gmail.com','+60324234313','pm','cash',NULL,NULL,'2017-11-07 04:04:30','2017-11-07 04:04:30',NULL,NULL,NULL,150,2,NULL,NULL,1,6,'GST'),('Byj0McWyM','Completed',NULL,'tran@gmail.com','+60','123456','cash',NULL,NULL,'2017-11-09 08:33:22','2017-11-09 08:33:22',NULL,NULL,NULL,179,2,NULL,NULL,1,6,'GST'),('ByJH6tf1f','Processing',NULL,'lan26@mailinator.com',NULL,NULL,'stripe','',NULL,'2017-11-10 02:21:42','2017-11-10 02:22:41',273,273,NULL,184,NULL,NULL,NULL,1,6,'GST'),('ByJLaDaRZ','Processing',NULL,'chuan@bonseyjaden.com',NULL,NULL,'stripe','','[\"171\"]','2017-11-06 05:04:07','2017-11-06 05:04:22',194,194,NULL,93,NULL,NULL,NULL,1,6,'GST'),('BykHeTaAW','Processing',NULL,'lan11@mailinator.com',NULL,NULL,'stripe','WELCOME10','[\"174\"]','2017-11-06 10:57:59','2017-11-06 10:58:30',207,207,NULL,105,NULL,NULL,NULL,1,6,'GST'),('BylsagMAb','Processing',NULL,'mervin@bonseyjaden.com',NULL,NULL,'stripe','',NULL,'2017-10-28 12:52:40','2017-10-28 12:53:32',42,42,NULL,NULL,NULL,NULL,NULL,1,0,'GST'),('ByMowwbJG','Processing',NULL,'lty01@mailinator.com','+60123456789','Test','stripe',NULL,'[\"197\"]','2017-11-09 05:28:57','2017-11-09 05:29:19',253,253,NULL,118,2,NULL,NULL,1,6,'GST'),('ByMp2J7kf','On Hold',NULL,'ybdao@bonseyjaden.com',NULL,NULL,'iPay88',NULL,NULL,'2017-11-10 09:09:13','2017-11-10 09:09:13',255,255,NULL,152,NULL,NULL,NULL,1,6,'GST'),('ByMXYtuCb','Processing',NULL,'thap@bonseyjaden.com',NULL,NULL,'stripe','','[\"107\"]','2017-11-02 12:01:29','2017-11-02 12:02:06',126,126,NULL,5,NULL,NULL,NULL,1,6,'GST'),('ByNmryIRZ','Processing',NULL,'mervin@bonseyjaden.com',NULL,NULL,'stripe','','[\"80\"]','2017-10-31 11:57:15','2017-10-31 11:57:44',86,86,NULL,80,NULL,NULL,NULL,1,6,'GST'),('ByNN1LJyG','Processing',NULL,'ly@bonseyjaden.com',NULL,NULL,'stripe','','[\"185\"]','2017-11-07 15:20:12','2017-11-07 15:20:15',125,125,NULL,97,NULL,NULL,NULL,1,6,'GST'),('Byovl2FR-','Completed',NULL,'mervin@bonseyjaden.com','+60987654321','','cash',NULL,NULL,'2017-11-03 09:01:22','2017-11-03 09:01:22',NULL,NULL,NULL,80,2,NULL,NULL,1,6,'GST'),('ByPfi_VAW','Processing',NULL,'test@gmail.com','+60123456789','test123','stripe',NULL,'[\"55\"]','2017-10-30 10:12:30','2017-10-30 10:13:16',61,61,NULL,NULL,2,NULL,NULL,1,6,'GST'),('ByPKfDNRb','Processing',NULL,'test@fmail.com','+601234567890','1234566','stripe',NULL,'[\"51\"]','2017-10-30 08:27:42','2017-10-30 08:28:03',60,60,NULL,NULL,2,NULL,NULL,1,6,'GST'),('ByQpjXV0Z','Processing',NULL,'wtfs@cutout.club',NULL,NULL,'stripe','',NULL,'2017-10-30 04:34:02','2017-10-30 04:35:00',45,45,NULL,45,NULL,NULL,NULL,1,6,'GST'),('Byr7SaK0-','Canceled',NULL,'testqq@fmail.com','+601234567890','qqq','cash',NULL,NULL,'2017-11-03 10:29:48','2017-11-07 04:42:17',NULL,NULL,NULL,124,2,NULL,NULL,1,6,'GST'),('ByrOJSe1z','Processing',NULL,'ybdao@bonseyjaden.com',NULL,NULL,'iPay88','',NULL,'2017-11-08 08:25:16','2017-11-08 08:25:49',234,234,NULL,152,NULL,NULL,NULL,1,6,'GST'),('Bys2dZ11G','Processing',NULL,'ybdao@bonseyjaden.com',NULL,NULL,'iPay88','',NULL,'2017-11-07 10:19:31','2017-11-07 10:20:09',219,219,NULL,152,NULL,NULL,NULL,1,6,'GST'),('BySIadTCW','Canceled',NULL,'lty01@mailinator.com','+601223955987','Twst','cash',NULL,NULL,'2017-11-06 06:12:28','2017-11-06 06:12:44',NULL,NULL,NULL,118,5,NULL,NULL,1,6,'GST'),('ByVcTQlkf','Processing',NULL,'ybdao@bonseyjaden.com',NULL,NULL,'stripe','',NULL,'2017-11-08 07:09:00','2017-11-08 07:09:48',233,233,NULL,152,NULL,NULL,NULL,1,6,'GST'),('Byvt9MlRZ','Payment Received',NULL,'ly@bonseyjaden.com',NULL,NULL,'stripe','',NULL,'2017-10-27 02:31:27','2017-10-27 02:31:27',10,10,NULL,NULL,NULL,NULL,NULL,1,0,'GST'),('ByvW3hWCZ','Processing',NULL,'ly@bonseyjaden.com',NULL,NULL,'stripe','FREESHIPPING',NULL,'2017-10-28 08:12:46','2017-10-28 08:13:24',19,20,4,NULL,NULL,NULL,NULL,1,0,'GST'),('ByvZfOY0-','Processing',NULL,'lty01@mailinator.com',NULL,NULL,'stripe','',NULL,'2017-11-03 04:35:11','2017-11-03 05:20:17',162,162,NULL,118,NULL,NULL,NULL,1,6,'GST'),('ByW3U_Z0Z','Processing',NULL,'kimtn129@gmail.com',NULL,NULL,'stripe','',NULL,'2017-10-28 03:16:57','2017-10-28 03:17:58',1,1,NULL,1,NULL,NULL,NULL,1,0,'GST'),('ByWgonLRW','Processing',NULL,'ly.tranthao261@gmail.com',NULL,NULL,'stripe','','[\"83\"]','2017-11-01 03:09:29','2017-11-01 03:09:51',99,99,NULL,8,NULL,NULL,NULL,1,6,'GST'),('ByWIB1eyf','Processing',NULL,'ybdao@bonseyjaden.com',NULL,NULL,'stripe','',NULL,'2017-11-08 02:00:41','2017-11-08 02:01:23',230,230,NULL,152,NULL,NULL,NULL,1,6,'GST'),('ByWX_c50Z','Processing',NULL,'kimtn129@gmail.com',NULL,NULL,'iPay88','',NULL,'2017-11-04 01:30:01','2017-11-04 01:30:10',142,142,NULL,1,NULL,NULL,NULL,1,6,'GST'),('ByYDQ7wRb','Processing',NULL,'lan6@mailinator.com',NULL,NULL,'stripe','WELCOME10','[\"93\"]','2017-11-01 10:35:12','2017-11-01 10:35:49',118,118,NULL,95,NULL,NULL,NULL,1,6,'GST'),('ByzmGq6CW','Processing',NULL,'ly@gmail.com',NULL,NULL,'stripe','',NULL,'2017-11-06 07:41:13','2017-11-06 07:41:24',196,196,NULL,140,NULL,NULL,NULL,1,6,'GST'),('By_qI6_0b','Processing',NULL,'shloma.ashok@oou.us',NULL,NULL,'stripe','',NULL,'2017-11-02 16:23:44','2017-11-02 16:23:48',143,143,NULL,111,NULL,NULL,NULL,1,6,'GST'),('By_TrHWJG','Processing',NULL,'lan1@mailinator.com',NULL,NULL,'stripe','WELCOME10',NULL,'2017-11-09 03:04:31','2017-11-09 03:04:37',76,84,NULL,69,NULL,NULL,NULL,1,6,'GST'),('H1-9Kdl0b','Processing',NULL,'ly@bonseyjaden.com',NULL,NULL,'stripe','',NULL,'2017-10-27 09:16:56','2017-10-27 09:17:21',19,19,NULL,NULL,NULL,NULL,NULL,1,0,'GST'),('H1061Nm1f','Processing',NULL,'Soso01@mailinator.com','+65123456789','Soso','stripe',NULL,'[\"240\",\"241\"]','2017-11-10 13:55:18','2017-11-10 13:56:10',296,296,NULL,190,54,NULL,NULL,1,6,'GST'),('H11H_TZCZ','Processing',NULL,'mres@o.cfo2go.ro',NULL,NULL,'stripe','',NULL,'2017-10-28 09:04:54','2017-10-28 09:05:28',34,24,NULL,NULL,NULL,NULL,NULL,1,0,'GST'),('H11Lstz1f','Completed',NULL,'test111@gmail.com','+60123456789','test1234','cash','WELCOME10',NULL,'2017-11-10 02:13:26','2017-11-10 02:13:26',NULL,NULL,67,182,2,NULL,NULL,1,6,'GST'),('H12oTFWJf','Processing',NULL,'lan25@mailinator.com',NULL,NULL,'stripe','WELCOME10',NULL,'2017-11-09 08:11:15','2017-11-09 08:11:28',259,259,NULL,178,NULL,NULL,NULL,1,6,'GST'),('H13LYCfCZ','Processing',NULL,'wtfs@cutout.club',NULL,NULL,'stripe','','[\"29\"]','2017-10-29 04:30:11','2017-10-29 04:30:52',45,45,NULL,45,NULL,NULL,NULL,1,6,'GST'),('H13mqCmJM','Processing',NULL,'lan22@mailinator.com',NULL,NULL,'stripe',NULL,'[\"242\"]','2017-11-11 02:02:11','2017-11-11 02:03:14',261,261,NULL,172,NULL,NULL,NULL,1,6,'GST'),('H18MxYERZ','Processing',NULL,'usfs@reddit.usa.cc',NULL,NULL,'stripe','','[\"56\"]','2017-10-30 10:33:50','2017-10-30 10:34:17',51,51,NULL,48,NULL,NULL,NULL,1,6,'GST'),('H18YCYZkz','On Hold',NULL,'ybdao@bonseyjaden.com',NULL,NULL,'iPay88','',NULL,'2017-11-09 08:14:54','2017-11-09 08:14:54',255,255,NULL,152,NULL,NULL,NULL,1,6,'GST'),('H1A381fAZ','Processing',NULL,'mres@o.cfo2go.ro',NULL,NULL,'stripe','WELCOME10','[\"22\"]','2017-10-28 11:15:02','2017-10-28 11:15:26',38,38,NULL,37,NULL,NULL,NULL,1,0,'GST'),('H1adEy7Jz','On Hold',NULL,'ybdao@bonseyjaden.com',NULL,NULL,'iPay88',NULL,NULL,'2017-11-10 08:33:57','2017-11-10 08:33:57',285,285,NULL,152,NULL,NULL,NULL,1,6,'GST'),('H1AZ2qcA-','Processing',NULL,'kimtn129@gmail.com',NULL,NULL,'iPay88','',NULL,'2017-11-04 01:46:45','2017-11-04 01:47:08',142,142,NULL,1,NULL,NULL,NULL,1,6,'GST'),('H1ba-Q7Cb','Processing',NULL,'usfs@reddit.usa.cc',NULL,NULL,'stripe','WELCOME10','[\"39\"]','2017-10-29 09:39:05','2017-10-29 09:39:59',51,51,NULL,48,NULL,NULL,NULL,1,6,'GST'),('H1BSGSZkG','Completed',NULL,'test345@gmail.com','+60232222223','','cash',NULL,NULL,'2017-11-09 02:49:32','2017-11-09 02:49:32',NULL,NULL,NULL,165,2,NULL,NULL,1,6,'GST'),('H1C8ANb1z','Payment Received',NULL,'tranminhlan07t1@gmail.com','+60123456789','testing','stripe',NULL,NULL,'2017-11-09 02:32:53','2017-11-09 02:32:53',NULL,NULL,NULL,35,2,NULL,NULL,1,6,'GST'),('H1D8W-_Rb','Processing',NULL,'ly@bonseyjaden.com',NULL,NULL,'stripe','WELCOME10','[\"98\"]','2017-11-02 02:22:07','2017-11-02 02:23:01',125,125,NULL,97,NULL,NULL,NULL,1,6,'GST'),('H1ghq8WkG','Processing',NULL,'lan23@mailinator.com',NULL,NULL,'stripe','',NULL,'2017-11-09 04:33:43','2017-11-09 04:34:43',250,252,NULL,173,NULL,NULL,NULL,1,6,'GST'),('H1gpkf_Ab','Canceled',NULL,'test@gmail.com','+6012345644664','124tty','stripe',NULL,'[\"100\"]','2017-11-02 03:23:35','2017-11-02 10:36:47',127,127,NULL,79,2,NULL,NULL,1,6,'GST'),('H1GVNaURW','Processing',NULL,'ly.tranthao261@gmail.com',NULL,NULL,'stripe','','[\"84\"]','2017-11-01 03:48:58','2017-11-01 03:49:52',99,99,NULL,8,NULL,NULL,NULL,1,6,'GST'),('H1Hca0GCW','Processing',NULL,'wtfs@cutout.club',NULL,NULL,'stripe','','[\"35\"]','2017-10-29 04:48:13','2017-10-29 04:48:55',45,45,NULL,45,NULL,NULL,NULL,1,6,'GST'),('H1IgvpW0W','Processing',NULL,'mres@o.cfo2go.ro',NULL,NULL,'stripe','',NULL,'2017-10-28 08:59:26','2017-10-28 09:00:26',34,24,NULL,NULL,NULL,NULL,NULL,1,0,'GST'),('H1jZExx1z','Processing',NULL,'ly@bonseyjaden.com',NULL,NULL,'iPay88','FREESHIPPING',NULL,'2017-11-08 03:03:31','2017-11-08 03:04:25',125,125,4,97,NULL,NULL,NULL,1,6,'GST'),('H1kf88lAb','Processing',NULL,'kimtn129@gmail.copm',NULL,NULL,'stripe','',NULL,'2017-10-27 06:45:27','2017-10-27 06:45:33',23,23,NULL,NULL,NULL,NULL,NULL,1,0,'GST'),('H1KT9PCAW','Processing',NULL,'Xjdhdh@djdjd.com',NULL,NULL,'stripe','','[\"177\"]','2017-11-06 23:05:36','2017-11-06 23:06:35',215,215,NULL,146,NULL,NULL,NULL,1,6,'GST'),('H1lIamxRW','Processing',NULL,'psds@dfg6.kozow.com',NULL,NULL,'stripe','','[\"9\"]','2017-10-27 03:51:36','2017-10-27 03:51:46',13,14,NULL,20,NULL,NULL,NULL,1,0,'GST'),('H1N4tnVR-','Processing',NULL,'Ly@bonseyjaden.com',NULL,NULL,'stripe','',NULL,'2017-10-30 14:37:32','2017-10-30 14:37:56',65,65,NULL,NULL,NULL,NULL,NULL,1,6,'GST'),('H1pHYmeCb','Processing',NULL,'psds@dfg6.kozow.com',NULL,NULL,'stripe','','[\"8\"]','2017-10-27 03:34:28','2017-10-27 03:34:45',13,13,NULL,20,NULL,NULL,NULL,1,0,'GST'),('H1pJ-wr0b','Processing',NULL,'thap@bonseyjaden.com',NULL,NULL,'stripe','',NULL,'2017-10-31 02:33:08','2017-10-31 02:34:32',71,71,NULL,5,NULL,NULL,NULL,1,6,'GST'),('H1q47v6C-','Processing',NULL,'nguyen8@mailinator.com',NULL,NULL,'stripe','WELCOME10',NULL,'2017-11-06 04:21:06','2017-11-06 04:21:35',193,193,NULL,137,NULL,NULL,NULL,1,6,'GST'),('H1Rg_qp0-','Processing',NULL,'sjbcwdhiweh@wicbwihbfwe.com',NULL,NULL,'stripe','',NULL,'2017-11-06 08:06:14','2017-11-06 08:06:25',200,200,NULL,141,NULL,NULL,NULL,1,6,'GST'),('H1TBZn00Z','Canceled',NULL,'my.phan@bonseyjaden.com','+602341341343','dsds','cash',NULL,NULL,'2017-11-07 04:06:28','2017-11-08 02:12:36',NULL,NULL,NULL,121,2,NULL,NULL,1,6,'GST'),('H1xTis-AW','Payment Received',NULL,'test@gmail.com','+601234567890','','stripe',NULL,NULL,'2017-10-28 07:03:19','2017-10-28 07:03:19',NULL,NULL,NULL,NULL,2,NULL,NULL,1,0,'GST'),('H1y9my7kM','Processing',NULL,'bdao.y0794@gmail.com',NULL,NULL,'stripe',NULL,NULL,'2017-11-10 08:29:58','2017-11-10 08:30:39',284,284,NULL,188,NULL,NULL,NULL,7,7,'GST'),('H1YfTJQkf','Completed',NULL,'phanmy.vnu@gmail.com','+652323412312','ạdkhjdhsj','cash',NULL,NULL,'2017-11-10 09:10:41','2017-11-10 09:10:41',NULL,NULL,NULL,150,54,NULL,NULL,7,7,'GST'),('H1ZVKOWAZ','Payment Received',NULL,' test@gmail.com','+60123456789','','stripe',NULL,NULL,'2017-10-28 03:27:36','2017-10-28 03:27:36',NULL,NULL,NULL,NULL,2,NULL,NULL,1,0,'GST'),('H1_PLKEC-','Processing',NULL,'ly@bonseyjaden.com',NULL,NULL,'stripe','',NULL,'2017-10-30 11:00:48','2017-10-30 11:02:18',63,63,NULL,NULL,NULL,NULL,NULL,1,7,'GST'),('HJ1wuF-kz','Processing',NULL,'lan25@mailinator.com',NULL,NULL,'stripe','',NULL,'2017-11-09 07:48:38','2017-11-09 07:49:27',257,257,NULL,178,NULL,NULL,NULL,1,6,'GST'),('HJ5nUbQ1G','Processing',NULL,'lan22@mailinator.com',NULL,NULL,'stripe','JAG15OFF',NULL,'2017-11-10 11:00:01','2017-11-10 11:00:43',261,261,68,172,NULL,NULL,NULL,1,6,'GST'),('HJ5XP66RZ','Processing',NULL,'lan11@mailinator.com',NULL,NULL,'stripe','',NULL,'2017-11-06 11:27:29','2017-11-06 11:28:30',209,210,NULL,105,NULL,NULL,NULL,1,6,'GST'),('HJ7zsRfRW','Processing',NULL,'ly@bonseyjaden.com','+60123456789','Ly Tran','stripe',NULL,'[\"31\",\"32\",\"33\"]','2017-10-29 04:37:31','2017-10-29 04:37:54',47,47,NULL,NULL,2,NULL,NULL,1,6,'GST'),('HJ8aoYmCb','Processing',NULL,'kimtn129@gmail.com',NULL,NULL,'stripe','','[\"40\"]','2017-10-29 17:11:25','2017-10-29 17:11:48',1,1,NULL,1,NULL,NULL,NULL,1,6,'GST'),('HJ9d5NQJM','Processing',NULL,'mervin@bonseyjaden.com',NULL,NULL,'stripe',NULL,NULL,'2017-11-10 14:40:50','2017-11-10 14:41:10',297,297,NULL,80,NULL,NULL,NULL,7,7,'GST'),('HJDGQtWJf','On Hold',NULL,'lan22@mailinator.com',NULL,NULL,'iPay88','FREESHIPPING',NULL,'2017-11-09 07:26:06','2017-11-09 07:26:06',245,245,4,172,NULL,NULL,NULL,1,6,'GST'),('HJd_w0YRZ','Processing',NULL,'lty01@mailinator.com',NULL,NULL,'stripe','WELCOME10',NULL,'2017-11-03 11:47:59','2017-11-03 11:48:57',181,182,NULL,118,NULL,NULL,NULL,1,6,'GST'),('HJeMbnt0-','Processing',NULL,'ngoclan@bonseyjaden.com',NULL,NULL,'stripe','','[\"156\"]','2017-11-03 09:04:08','2017-11-03 09:04:52',115,109,NULL,7,NULL,NULL,NULL,1,6,'GST'),('HJGRCt6R-','Processing',NULL,'Uhhjjjkkk@yahoo.com',NULL,NULL,'stripe','',NULL,'2017-11-06 07:27:06','2017-11-06 07:27:23',195,195,NULL,139,NULL,NULL,NULL,1,6,'GST'),('HJIWg3-1G','Processing',NULL,'lan22@mailinator.com',NULL,NULL,'stripe','',NULL,'2017-11-09 10:37:49','2017-11-09 10:38:51',261,261,NULL,172,NULL,NULL,NULL,1,6,'GST'),('HJkAboH0b','Processing',NULL,'lan2@mailinator.com',NULL,NULL,'stripe','','[\"68\"]','2017-10-31 07:09:59','2017-10-31 07:10:47',81,81,NULL,76,NULL,NULL,NULL,1,6,'GST'),('HJKqNYKR-','Processing',NULL,'lty01@mailinator.com','+603164972134','Tester BA app','stripe',NULL,'[\"140\"]','2017-11-03 05:54:25','2017-11-03 07:12:59',166,166,NULL,118,4,NULL,NULL,1,6,'GST'),('HJLkUpKAb','Processing',NULL,'ly@bonseyjaden.com',NULL,NULL,'stripe','','[\"162\"]','2017-11-03 10:33:01','2017-11-03 10:33:48',125,125,NULL,97,NULL,NULL,NULL,1,6,'GST'),('HJowJCFCW','Processing',NULL,'lty01@mailinator.com',NULL,NULL,'stripe','',NULL,'2017-11-03 11:13:39','2017-11-03 11:13:59',174,174,NULL,118,NULL,NULL,NULL,7,7,'GST'),('HJPNCTFRW','Processing',NULL,'Dinesh@bonseyjaden.com',NULL,NULL,'stripe','',NULL,'2017-11-03 11:08:30','2017-11-03 11:08:59',179,179,NULL,126,NULL,NULL,NULL,1,6,'GST'),('HJpp5hOAb','Canceled',NULL,'kimtn129@gmail.com','+60165348846','kimthi','stripe',NULL,'[\"114\"]','2017-11-02 15:33:24','2017-11-02 15:34:01',141,141,NULL,1,2,NULL,NULL,1,6,'GST'),('HJq9966AZ','Canceled',NULL,'mervin@bonseyjaden.com','+60153486789','Alan Tham','stripe',NULL,'[\"175\"]','2017-11-06 11:42:10','2017-11-06 11:44:03',212,212,NULL,80,2,NULL,NULL,1,6,'GST'),('HJsQ14gCZ','Processing',NULL,'ly@bonseyjaden.com',NULL,NULL,'stripe','','[\"12\"]','2017-10-27 03:59:31','2017-10-27 04:00:50',2,2,NULL,NULL,NULL,NULL,NULL,1,0,'GST'),('HJvsATzyM','Processing',NULL,'ybdao@bonseyjaden.com',NULL,NULL,'stripe',NULL,NULL,'2017-11-10 07:00:46','2017-11-10 07:00:56',255,255,NULL,152,NULL,NULL,NULL,1,6,'GST'),('HJygQ0z1z','Canceled',NULL,'test@gmail.com','+65','test133','cash',NULL,NULL,'2017-11-10 07:19:03','2017-11-10 12:02:18',NULL,NULL,NULL,79,54,NULL,NULL,7,7,'GST'),('HJ_jYbX1f','Processing',NULL,'lan22@mailinator.com',NULL,NULL,'stripe','IMBACK15','[\"220\"]','2017-11-10 11:12:32','2017-11-10 11:12:45',261,261,70,172,NULL,NULL,NULL,1,6,'GST'),('Hk0vMLJAZ','Processing',NULL,'kimtn129@gmail.com',NULL,NULL,'stripe','','[\"1\"]','2017-10-26 12:17:42','2017-10-26 12:18:20',1,1,NULL,1,NULL,NULL,NULL,1,0,'GST'),('Hk26UOZRZ','Processing',NULL,'kimtn129@gmail.com',NULL,NULL,'stripe','',NULL,'2017-10-28 03:17:24','2017-10-28 03:17:57',1,1,NULL,1,NULL,NULL,NULL,1,0,'GST'),('Hk46VqKC-','Processing',NULL,'test@gmail.com','+601234567890','test234','stripe',NULL,'[\"144\",\"145\"]','2017-11-03 07:03:24','2017-11-03 07:13:03',170,170,NULL,79,2,NULL,NULL,1,6,'GST'),('Hk4r7iORW','Canceled',NULL,'test@gmail.com','+601234567890','test1234','stripe',NULL,'[\"111\"]','2017-11-02 13:53:00','2017-11-02 13:54:07',137,137,NULL,79,2,NULL,NULL,1,6,'GST'),('Hk8H31MA-','Processing',NULL,'weizi@bonseyjaden.com','+60123654789','GG test','stripe',NULL,'[\"24\"]','2017-10-28 11:38:38','2017-10-28 11:39:29',39,39,NULL,NULL,2,NULL,NULL,1,0,'GST'),('Hk9AefNAW','Processing',NULL,'quy.thi.nhan@gmail.com',NULL,NULL,'stripe','','[\"46\"]','2017-10-30 02:39:13','2017-10-30 02:39:17',56,56,NULL,49,NULL,NULL,NULL,1,6,'GST'),('HkA0COWyz','Processing',NULL,'ybdao@bonseyjaden.com',NULL,NULL,'stripe','',NULL,'2017-11-09 07:08:05','2017-11-09 07:08:46',236,236,NULL,152,NULL,NULL,NULL,1,6,'GST'),('HkbbK_ECZ','Processing',NULL,'ly@bonseyjaden.com',NULL,NULL,'stripe','','[\"54\"]','2017-10-30 10:03:37','2017-10-30 10:04:16',55,55,NULL,NULL,NULL,NULL,NULL,1,6,'GST'),('HkckVDVRW','Completed',NULL,'user@gmail.com','+601022334455','cc','cash',NULL,NULL,'2017-10-30 08:33:38','2017-10-30 08:33:38',NULL,NULL,NULL,NULL,2,NULL,NULL,1,6,'GST'),('HkeBuO-0b','Payment Received',NULL,'avrr@webide.ga','+600987654332','abbc','stripe',NULL,NULL,'2017-10-28 03:23:35','2017-10-28 03:23:35',NULL,NULL,NULL,NULL,2,NULL,NULL,1,0,'GST'),('HkEFBsOC-','Processing',NULL,'test@gmail.com','+601234567890','12345','stripe',NULL,'[\"112\"]','2017-11-02 14:02:35','2017-11-02 14:03:20',138,138,NULL,79,2,NULL,NULL,1,6,'GST'),('HkesDAz1G','Processing',NULL,'ybdao@bonseyjaden.com',NULL,NULL,'stripe',NULL,NULL,'2017-11-10 07:39:03','2017-11-10 07:39:57',255,255,NULL,152,NULL,NULL,NULL,1,6,'GST'),('HkgeEPt0Z','Processing',NULL,'chuan@bonseyjaden.com',NULL,NULL,'stripe','',NULL,'2017-11-03 03:35:04','2017-11-03 03:35:44',154,154,NULL,93,NULL,NULL,NULL,1,6,'GST'),('HkGv-6FAZ','Processing',NULL,'ngoclan@bonseyjaden.com',NULL,NULL,'stripe','WELCOME10','[\"160\"]','2017-11-03 10:13:46','2017-11-03 10:14:35',115,109,NULL,7,NULL,NULL,NULL,1,6,'GST'),('Hkh4vjU0b','Processing',NULL,'abc@mailinator.com',NULL,NULL,'stripe','',NULL,'2017-11-01 01:45:23','2017-11-01 01:45:48',88,88,NULL,62,NULL,NULL,NULL,1,6,'GST'),('HkHXwmw0b','Processing',NULL,'lan6@mailinator.com',NULL,NULL,'stripe','','[\"95\"]','2017-11-01 10:51:09','2017-11-01 10:51:50',118,118,NULL,95,NULL,NULL,NULL,1,6,'GST'),('HkI1KKNRZ','Processing',NULL,'ly@bonseyjaden.com',NULL,NULL,'stripe','','[\"57\"]','2017-10-30 11:11:25','2017-10-30 11:12:19',63,63,NULL,NULL,NULL,NULL,NULL,1,6,'GST'),('HkIEJcf1G','Completed',NULL,'test12455@gmail.com','+601234567890','test','cash','WELCOME10',NULL,'2017-11-10 02:30:05','2017-11-10 02:30:05',NULL,NULL,67,185,2,NULL,NULL,1,6,'GST'),('HkKBaHaCW','Processing',NULL,'durifto@gmail.com',NULL,NULL,'stripe','',NULL,'2017-11-06 02:47:29','2017-11-06 02:48:32',187,187,NULL,131,NULL,NULL,NULL,1,6,'GST'),('HkL8_GxRW','Processing',NULL,'xqds@reddit.usa.cc',NULL,NULL,'stripe','WELCOME10',NULL,'2017-10-27 02:22:06','2017-10-27 02:22:14',7,7,NULL,16,NULL,NULL,NULL,1,0,'GST'),('HklK9PSAb','Processing',NULL,'abc@mailinator.com',NULL,NULL,'stripe','',NULL,'2017-10-31 03:13:59','2017-10-31 03:14:55',73,73,NULL,62,NULL,NULL,NULL,1,6,'GST'),('HkndO9pAb','Processing',NULL,'nguyen9@mailinator.com',NULL,NULL,'stripe','FREESHIPPING',NULL,'2017-11-06 08:08:19','2017-11-06 08:08:27',201,201,4,142,NULL,NULL,NULL,1,6,'GST'),('Hkp0QIbyz','Processing',NULL,'lan22@mailinator.com',NULL,NULL,'stripe','',NULL,'2017-11-09 04:04:37','2017-11-09 04:04:40',245,245,NULL,172,NULL,NULL,NULL,1,6,'GST'),('HkP8vGg0W','Processing',NULL,'mervin@bonseyjaden.com','+60123456789','Johnny low','stripe',NULL,'[\"5\"]','2017-10-27 02:17:50','2017-10-27 02:18:29',8,8,NULL,NULL,4,NULL,NULL,1,0,'GST'),('Hkqxs-QyG','Processing',NULL,'lan22@mailinator.com',NULL,NULL,'stripe','IMBACK15',NULL,'2017-11-10 11:18:09','2017-11-10 11:18:46',261,261,70,172,NULL,NULL,NULL,1,6,'GST'),('HkrS5egJf','Processing',NULL,'ybdao@bonseyjaden.com',NULL,NULL,'iPay88','',NULL,'2017-11-08 03:30:04','2017-11-08 03:30:26',219,219,NULL,152,NULL,NULL,NULL,1,6,'GST'),('HksqzUkyG','Processing',NULL,'ly@bonseyjaden.com',NULL,NULL,'iPay88','',NULL,'2017-11-07 15:34:43','2017-11-07 15:35:16',125,125,NULL,97,NULL,NULL,NULL,1,6,'GST'),('HkWGMbxJM','Processing',NULL,'ybdao@bonseyjaden.com',NULL,NULL,'stripe','',NULL,'2017-11-08 04:03:20','2017-11-08 04:03:28',219,219,NULL,152,NULL,NULL,NULL,1,6,'GST'),('HkxRQGlA-','Completed',NULL,'mervin@bonseyjaden.com','+60123456789','','cash','welcome10',NULL,'2017-10-27 02:02:47','2017-10-27 02:02:47',NULL,NULL,NULL,NULL,4,NULL,NULL,1,0,'GST'),('HkXX5sHAW','Processing',NULL,'lan1@mailinator.com',NULL,NULL,'stripe','','[\"71\"]','2017-10-31 07:45:30','2017-10-31 07:45:49',84,76,NULL,69,NULL,NULL,NULL,1,6,'GST'),('HkZLCXlRZ','Processing',NULL,'ly@bonseyjaden.com',NULL,NULL,'stripe','','[\"11\"]','2017-10-27 03:55:52','2017-10-27 03:56:48',2,2,NULL,NULL,NULL,NULL,NULL,1,0,'GST'),('HkZLr-nR-','Processing',NULL,'dposavac@gmail.com',NULL,NULL,'stripe','','[\"166\"]','2017-11-05 03:28:09','2017-11-05 03:28:25',185,185,NULL,128,NULL,NULL,NULL,1,6,'GST'),('HkZuUDr0b','Processing',NULL,'ly@bonseyjaden.com',NULL,NULL,'stripe','','[\"60\"]','2017-10-31 02:56:41','2017-10-31 02:58:32',55,55,NULL,NULL,NULL,NULL,NULL,1,6,'GST'),('Hk_syNFRW','Processing',NULL,'lan6@mailinator.com','+600987654321','abbb','stripe','WELCOME10','[\"116\",\"117\"]','2017-11-02 23:51:59','2017-11-02 23:52:50',144,144,NULL,95,2,NULL,NULL,1,6,'GST'),('Hy0FU_-Rb','Processing',NULL,'kimtn129@gmail.com',NULL,NULL,'stripe','',NULL,'2017-10-28 03:16:22','2017-10-28 03:16:52',1,1,NULL,1,NULL,NULL,NULL,1,0,'GST'),('Hy0Mzst0Z','Processing',NULL,'ngoclan@bonseyjaden.com',NULL,NULL,'stripe','WELCOME10','[\"151\"]','2017-11-03 08:00:22','2017-11-03 08:00:34',115,109,NULL,7,NULL,NULL,NULL,1,6,'GST'),('Hy1ceyC0-','Processing',NULL,'abc@gmail.com',NULL,NULL,'stripe','WELCOME10',NULL,'2017-11-06 13:15:50','2017-11-06 13:16:32',213,213,NULL,92,NULL,NULL,NULL,1,6,'GST'),('Hy20QTu0Z','Processing',NULL,'kimtn129@gmail.com',NULL,NULL,'stripe','',NULL,'2017-11-02 16:12:04','2017-11-02 16:12:28',141,141,NULL,1,NULL,NULL,NULL,1,6,'GST'),('Hy3OrIbJf','Processing',NULL,'tranminhlan07t1@gmail.com','+601234567890','test111','stripe',NULL,'[\"195\"]','2017-11-09 04:11:32','2017-11-09 04:11:42',249,249,NULL,35,2,NULL,NULL,1,6,'GST'),('Hy6YEQ7Jz','Processing',NULL,'kimtn129@gmail.com',NULL,NULL,'stripe','WELCOME10',NULL,'2017-11-10 13:07:16','2017-11-10 13:08:09',142,142,67,1,NULL,NULL,NULL,1,6,'GST'),('Hy8L8_ZRW','Processing',NULL,'kimtn129@gmail.com',NULL,NULL,'stripe','',NULL,'2017-10-28 03:15:26','2017-10-28 03:15:49',1,1,NULL,1,NULL,NULL,NULL,1,0,'GST'),('Hya-1DlAZ','Processing',NULL,'kimtn129@gmail.com',NULL,NULL,'stripe','',NULL,'2017-10-27 07:23:48','2017-10-27 07:24:37',1,1,NULL,1,NULL,NULL,NULL,1,0,'GST'),('Hya7-weyf','Canceled',NULL,'mervin@bonseyjaden.com','+60123456789','','cash',NULL,NULL,'2017-11-08 10:49:08','2017-11-08 10:49:25',NULL,NULL,NULL,80,2,NULL,NULL,1,6,'GST'),('HyAN7yl1z','Processing',NULL,'bdao@gmail.com',NULL,NULL,'stripe','','[\"187\"]','2017-11-08 01:51:50','2017-11-08 01:52:22',203,203,NULL,158,NULL,NULL,NULL,1,6,'GST'),('Hyb1VzxCZ','Payment Received',NULL,'mervin@bonseyjaden.com','+60123456789','','stripe','welcome10',NULL,'2017-10-27 02:03:05','2017-10-27 02:03:05',NULL,NULL,NULL,NULL,4,NULL,NULL,1,0,'GST'),('HyBJnDF0W','Processing',NULL,'test@gmail.com','+601234567890','test','stripe',NULL,'[\"134\"]','2017-11-03 04:09:00','2017-11-03 04:10:00',160,160,NULL,79,2,NULL,NULL,1,6,'GST'),('HyBv-kJyM','Processing',NULL,'ngoclan@bonseyjaden.com',NULL,NULL,'stripe','',NULL,'2017-11-07 07:31:41','2017-11-07 07:31:46',115,109,NULL,7,NULL,NULL,NULL,1,6,'GST'),('HyDsQfeRZ','Processing',NULL,'ly@bonseyjaden.com',NULL,NULL,'stripe','FREESHIPPING',NULL,'2017-10-27 02:02:06','2017-10-27 02:02:53',2,2,4,NULL,NULL,NULL,NULL,1,0,'GST'),('HyDwAh4RZ','Processing',NULL,'abc@mailinator.com',NULL,NULL,'stripe','WELCOME10','[\"59\"]','2017-10-30 14:59:42','2017-10-30 14:59:58',64,64,NULL,62,NULL,NULL,NULL,1,6,'GST'),('HyfRXJPAZ','Completed',NULL,'abc@gmail.com','+600162306955','abc','cash',NULL,NULL,'2017-11-01 06:03:53','2017-11-01 06:03:53',NULL,NULL,NULL,NULL,2,NULL,NULL,1,6,'GST'),('Hyf_ibeR-','Completed',NULL,'test@gmail.com','+60123456789','','cash','WELCOME10',NULL,'2017-10-27 01:27:05','2017-10-27 01:27:05',NULL,NULL,NULL,NULL,150,NULL,NULL,1,0,'GST'),('HyGhLvK0W','Processing',NULL,'thap@bonseyjaden.com',NULL,NULL,'stripe','','[\"126\"]','2017-11-03 03:46:49','2017-11-03 03:47:49',126,126,NULL,5,NULL,NULL,NULL,1,6,'GST'),('HyGWNyykz','Processing',NULL,'ybdao@bonseyjaden.com',NULL,NULL,'stripe','','[\"180\"]','2017-11-07 07:42:49','2017-11-07 07:43:48',219,219,NULL,152,NULL,NULL,NULL,1,6,'GST'),('HyHj_YeA-','Payment Received',NULL,'test@gmail.com','+6012345646464','','stripe',NULL,NULL,'2017-10-27 10:21:17','2017-10-27 10:21:17',NULL,NULL,NULL,NULL,2,NULL,NULL,1,0,'GST'),('HyhLNiWJM','Processing',NULL,'ybdao@bonseyjaden.com',NULL,NULL,'stripe','',NULL,'2017-11-09 09:48:03','2017-11-09 09:48:50',255,255,NULL,152,NULL,NULL,NULL,1,6,'GST'),('HyHtpq50b','Processing',NULL,'kimtn129@gmail.com',NULL,NULL,'iPay88','',NULL,'2017-11-04 01:53:00','2017-11-04 01:53:09',142,142,NULL,1,NULL,NULL,NULL,1,6,'GST'),('HyJolvBRW','Processing',NULL,'kimtn129@gmail.com',NULL,NULL,'stripe','',NULL,'2017-10-31 02:31:50','2017-10-31 02:32:38',1,1,NULL,1,NULL,NULL,NULL,1,6,'GST'),('HylvM7w0-','Processing',NULL,'ly@bonseyjaden.com',NULL,NULL,'stripe','','[\"92\"]','2017-11-01 10:30:48','2017-11-01 10:31:48',55,19,NULL,NULL,NULL,NULL,NULL,1,6,'GST'),('HyM4kvNA-','Processing',NULL,'pnfs@inclusiveprogress.com',NULL,NULL,'stripe','',NULL,'2017-10-30 08:13:30','2017-10-30 08:14:02',57,57,NULL,NULL,NULL,NULL,NULL,1,6,'GST'),('HyN2PeQyG','Canceled',NULL,'phanmy.vnu@gmail.com','+6512347272323723','PHANMY','stripe',NULL,NULL,'2017-11-10 09:55:55','2017-11-10 11:28:09',NULL,NULL,NULL,150,54,NULL,NULL,7,7,'GST'),('HyNyjJe1f','Processing',NULL,'ngoclan@bonseyjaden.com',NULL,NULL,'iPay88','',NULL,'2017-11-08 02:24:27','2017-11-08 02:25:23',115,109,NULL,7,NULL,NULL,NULL,1,6,'GST'),('HySGRwS0Z','Processing',NULL,'abc@mailinator.com',NULL,NULL,'stripe','','[\"61\"]','2017-10-31 03:29:16','2017-10-31 03:29:43',64,64,NULL,62,NULL,NULL,NULL,1,6,'GST'),('HysSjWeRZ','Completed',NULL,'test@gmail.com','+60123456789','','cash','WELCOME10',NULL,'2017-10-27 01:26:27','2017-10-27 01:26:27',NULL,NULL,NULL,NULL,150,NULL,NULL,1,0,'GST'),('HyUEXk5AZ','Processing',NULL,'kimtn129@gmail.com',NULL,NULL,'iPay88','',NULL,'2017-11-03 12:38:06','2017-11-03 12:38:58',142,142,NULL,1,NULL,NULL,NULL,1,6,'GST'),('HyW7RiKAW','Completed',NULL,'mervin@bonseyjaden.com','+60123456789','','cash',NULL,NULL,'2017-11-03 08:51:36','2017-11-03 08:51:36',NULL,NULL,NULL,80,2,NULL,NULL,1,6,'GST'),('HywYuZ4R-','Processing',NULL,'kimtn129@gmail.com',NULL,NULL,'stripe','','[\"44\",\"45\"]','2017-10-30 02:03:43','2017-10-30 02:03:48',1,1,NULL,1,NULL,NULL,NULL,1,6,'GST'),('Hyx5gYtC-','Processing',NULL,'lty01@mailinator.com',NULL,NULL,'stripe','','[\"139\"]','2017-11-03 05:37:12','2017-11-03 07:13:02',164,164,NULL,118,NULL,NULL,NULL,1,6,'GST'),('HyXTPtKCb','Payment Received',NULL,'lty01@mailinator.com','+600123365478','Tester BA app 02','stripe',NULL,NULL,'2017-11-03 06:07:54','2017-11-03 06:07:54',NULL,NULL,NULL,118,4,NULL,NULL,1,6,'GST'),('Hyz4I-7Jf','Processing',NULL,'phanmy.vnu@gmail.com','+601423434456','Phan My ','stripe',NULL,'[\"217\"]','2017-11-10 10:57:45','2017-11-10 10:58:42',289,289,NULL,150,2,NULL,NULL,1,6,'GST'),('HyZY2bXkM','Processing',NULL,'qlns@kusrc.com',NULL,NULL,'stripe',NULL,NULL,'2017-11-10 11:24:40','2017-11-10 11:24:47',291,291,NULL,191,NULL,NULL,NULL,1,6,'GST'),('Hy_8X_-0b','Processing',NULL,'ly@bonseyjaden.com',NULL,NULL,'stripe','WELCOME10',NULL,'2017-10-28 03:02:39','2017-10-28 03:02:49',30,30,NULL,NULL,NULL,NULL,NULL,1,0,'GST'),('Hy_Yrc6RZ','Processing',NULL,'chuan@bonseyjaden.com',NULL,NULL,'stripe','',NULL,'2017-11-06 07:55:43','2017-11-06 07:56:24',197,198,NULL,93,NULL,NULL,NULL,7,7,'GST'),('r10Z_5p0W','Processing',NULL,'nguyen9@mailinator.com',NULL,NULL,'stripe','WELCOME10','[\"172\"]','2017-11-06 08:06:30','2017-11-06 08:07:26',199,199,NULL,142,NULL,NULL,NULL,1,6,'GST'),('r12QvhdRZ','Processing',NULL,'Mervin@bonseyjaden.com',NULL,NULL,'stripe','',NULL,'2017-11-02 15:17:56','2017-11-02 15:18:27',140,140,NULL,80,NULL,NULL,NULL,1,6,'GST'),('r12Ypk71M','Canceled',NULL,'phanmy.vnu@gmail.com','+651223423434','sdfhkshdfkn','stripe',NULL,NULL,'2017-11-10 09:12:35','2017-11-10 09:13:06',NULL,NULL,NULL,150,54,NULL,NULL,7,7,'GST'),('r13YtXVCW','Processing',NULL,'usfs@reddit.usa.cc',NULL,NULL,'stripe','FREESHIPPING',NULL,'2017-10-30 04:24:35','2017-10-30 04:25:17',51,51,4,48,NULL,NULL,NULL,1,6,'GST'),('r19JO8xRb','Processing',NULL,'wbds@xww.ro',NULL,NULL,'stripe','',NULL,'2017-10-27 06:53:21','2017-10-27 06:53:35',24,24,NULL,NULL,NULL,NULL,NULL,1,0,'GST'),('r1a7oWyyf','Processing',NULL,'lan15@mailinator.com',NULL,NULL,'iPay88','',NULL,'2017-11-07 10:29:57','2017-11-07 10:30:11',220,221,NULL,155,NULL,NULL,NULL,1,6,'GST'),('r1Bp0ISRW','Processing',NULL,'cba@mailinator.com',NULL,NULL,'stripe','',NULL,'2017-10-31 02:23:57','2017-10-31 02:24:37',69,69,NULL,64,NULL,NULL,NULL,1,6,'GST'),('r1btyGuRZ','Canceled',NULL,'test@gmail.com','+60123456789','','stripe',NULL,NULL,'2017-11-02 03:22:32','2017-11-02 10:37:11',NULL,NULL,NULL,79,2,NULL,NULL,1,6,'GST'),('r1b_H_VC-','Processing',NULL,'hungvo@bonseyjaden.com',NULL,NULL,'stripe','',NULL,'2017-10-30 09:48:24','2017-10-30 09:49:11',37,37,NULL,NULL,NULL,NULL,NULL,1,6,'GST'),('r1FRkfwAZ','Processing',NULL,'qkgs@kazelink.ml',NULL,NULL,'stripe','WELCOME10','[\"90\",\"91\"]','2017-11-01 09:11:44','2017-11-01 09:13:02',117,117,NULL,87,NULL,NULL,NULL,1,6,'GST'),('r1G9t6KR-','Canceled',NULL,'test123@gmail.com','+60123556789','','cash',NULL,NULL,'2017-11-03 10:48:41','2017-11-06 02:07:22',NULL,NULL,NULL,125,2,NULL,NULL,1,6,'GST'),('r1gwyirAZ','Processing',NULL,'whois@mailinator.com',NULL,NULL,'stripe','',NULL,'2017-10-31 06:59:36','2017-10-31 06:59:44',77,77,NULL,78,NULL,NULL,NULL,1,6,'GST'),('r1gyXiH0-','Processing',NULL,'test@gmail.com','+601234567890','test089099','stripe',NULL,'[\"70\"]','2017-10-31 07:14:31','2017-10-31 07:14:48',82,82,NULL,NULL,2,NULL,NULL,1,6,'GST'),('r1Ix7zlCZ','Completed',NULL,'test@gmail.com','+601234567890','','cash',NULL,NULL,'2017-10-27 01:59:10','2017-10-27 01:59:10',NULL,NULL,NULL,NULL,2,NULL,NULL,1,0,'GST'),('r1j5WkIAZ','Processing',NULL,'kimtn129@gmail.com',NULL,NULL,'stripe','',NULL,'2017-10-31 11:42:10','2017-10-31 11:42:43',96,96,NULL,1,NULL,NULL,NULL,1,6,'GST'),('r1KjuqY0b','Canceled',NULL,'tranminhlan07t1@gmail.com','+601234567890','test tran ','stripe',NULL,'[\"148\"]','2017-11-03 07:20:00','2017-11-03 07:22:17',172,172,NULL,35,2,NULL,NULL,1,6,'GST'),('r1lEk0WRW','Processing',NULL,'mres@o.cfo2go.ro',NULL,NULL,'stripe','',NULL,'2017-10-28 09:34:32','2017-10-28 09:35:29',24,24,NULL,NULL,NULL,NULL,NULL,1,0,'GST'),('r1lJ2_uRW','Canceled',NULL,'kim3@mailinator.com','3242343234',NULL,'cash',NULL,NULL,'2017-11-02 11:04:55','2017-11-02 11:05:01',NULL,NULL,NULL,102,1,NULL,NULL,1,6,'GST'),('r1MpwQVC-','Processing',NULL,'dummy@gmail.com',NULL,NULL,'stripe','',NULL,'2017-10-30 04:16:58','2017-10-30 04:17:16',58,58,NULL,NULL,NULL,NULL,NULL,1,6,'GST'),('r1nFrDpR-','Processing',NULL,'ly@bonseyjaden.com',NULL,NULL,'stripe','',NULL,'2017-11-06 04:31:00','2017-11-06 04:31:21',125,125,NULL,97,NULL,NULL,NULL,7,7,'GST'),('r1OFiUKAb','Processing',NULL,'nguyen2@mailinator.com',NULL,NULL,'stripe','WELCOME10','[\"123\"]','2017-11-03 02:59:12','2017-11-03 02:59:31',150,150,NULL,114,NULL,NULL,NULL,1,6,'GST'),('r1qTVSZ1f','Completed',NULL,'testqqq@gmail.com','+601234567897','','cash',NULL,NULL,'2017-11-09 03:00:18','2017-11-09 03:00:18',NULL,NULL,NULL,167,2,NULL,NULL,1,6,'GST'),('r1rqDs0Ab','Canceled',NULL,'my.phan@bonseyjaden.com','+601435465676787','pm','cash',NULL,NULL,'2017-11-07 03:25:00','2017-11-07 03:25:40',NULL,NULL,NULL,121,2,NULL,NULL,1,6,'GST'),('r1TrhfmJz','Canceled',NULL,'soso01@mailinator.com','+65369984','Yasmu','cash',NULL,NULL,'2017-11-10 12:32:04','2017-11-10 12:35:33',NULL,NULL,NULL,190,54,NULL,NULL,7,7,'GST'),('r1VJ8SpC-','Processing',NULL,'Sanjayh@gmail.com',NULL,NULL,'stripe','','[\"169\"]','2017-11-06 02:15:56','2017-11-06 02:16:31',191,191,NULL,134,NULL,NULL,NULL,1,6,'GST'),('r1VtVBt0W','Processing',NULL,'lan6@mailinator.com','+600987654321','abbc','stripe','WELCOME10','[\"118\",\"119\"]','2017-11-03 01:20:59','2017-11-03 01:21:51',145,145,NULL,95,2,NULL,NULL,1,6,'GST'),('r1x1TRzJz','Processing',NULL,'lan22@mailinator.com',NULL,NULL,'stripe','WELCOME10','[\"208\"]','2017-11-10 08:01:27','2017-11-10 08:01:35',280,280,67,172,NULL,NULL,NULL,1,6,'GST'),('r1Yc9tf1z','Processing',NULL,'lan27@mailinator.com',NULL,NULL,'stripe','procode39','[\"206\"]','2017-11-10 02:10:25','2017-11-10 02:10:40',271,271,1,181,NULL,NULL,NULL,1,6,'GST'),('r1zOKFZJf','Processing',NULL,'lan25@mailinator.com',NULL,NULL,'stripe','',NULL,'2017-11-09 07:53:13','2017-11-09 07:53:28',258,258,NULL,178,NULL,NULL,NULL,1,6,'GST'),('r1zPdBVCb','Processing',NULL,'weizi@bonseyjaden.com','+60123456789','Test weizi','stripe',NULL,'[\"50\"]','2017-10-30 06:36:10','2017-10-30 06:37:01',59,59,NULL,NULL,2,NULL,NULL,1,6,'GST'),('r1zYvqtCW','Processing',NULL,'tranminhlan07t1@gmail.com','+60123456789','test123','stripe',NULL,'[\"146\"]','2017-11-03 07:15:06','2017-11-03 07:16:04',171,171,NULL,35,2,NULL,NULL,1,6,'GST'),('r1_d4Ml0b','Completed',NULL,'test@gmail.com','+601234567890','','cash',NULL,NULL,'2017-10-27 02:05:35','2017-10-27 02:05:35',NULL,NULL,NULL,NULL,2,NULL,NULL,1,0,'GST'),('rJ--3Gm1G','Processing',NULL,'who@mailinator.com','+653645789054','Yasmin Ahmad','stripe',NULL,'[\"237\"]','2017-11-10 12:30:49','2017-11-10 12:31:08',295,295,NULL,196,54,NULL,NULL,1,6,'GST'),('rJ-lCYZkG','Processing',NULL,'ybdao@bonseyjaden.com',NULL,NULL,'stripe','','[\"201\"]','2017-11-09 08:12:25','2017-11-09 08:12:29',255,255,NULL,152,NULL,NULL,NULL,1,6,'GST'),('rJ0NlcK0-','Processing',NULL,'lan6@mailinator.com','+600987654321','abbc','stripe',NULL,'[\"143\"]','2017-11-03 06:44:06','2017-11-03 07:13:01',169,169,NULL,95,2,NULL,NULL,1,6,'GST'),('rJ0NUMe0b','Processing',NULL,'xqds@reddit.usa.cc',NULL,NULL,'stripe','WELCOME10',NULL,'2017-10-27 02:13:10','2017-10-27 02:13:29',7,7,NULL,16,NULL,NULL,NULL,1,0,'GST'),('rJ1ob-Q0W','Processing',NULL,'jvfs@mnode.me','+60098765432','abbbc','stripe','WELCOME10','[\"37\"]','2017-10-29 07:21:59','2017-10-29 07:22:57',50,50,NULL,NULL,2,NULL,NULL,1,6,'GST'),('rJ2T8c9Rb','Processing',NULL,'kimtn129@gmail.com',NULL,NULL,'iPay88','',NULL,'2017-11-04 01:24:20','2017-11-04 01:24:31',142,142,NULL,1,NULL,NULL,NULL,1,6,'GST'),('rJ5_rkkJz','Processing',NULL,'lan15@mailinator.com',NULL,NULL,'stripe','','[\"181\"]','2017-11-07 07:49:06','2017-11-07 07:49:48',220,221,NULL,155,NULL,NULL,NULL,1,6,'GST'),('rJ6WYc_0b','Canceled',NULL,'kimtn129@gmail.com','xxxxx',NULL,'stripe',NULL,NULL,'2017-11-02 13:09:25','2017-11-02 13:10:15',1,1,NULL,1,1,NULL,NULL,1,6,'GST'),('rJ90PlDCZ','Processing',NULL,'chuan@bonseyjaden.com',NULL,NULL,'stripe','',NULL,'2017-11-01 07:29:22','2017-11-01 07:29:59',111,111,NULL,93,NULL,NULL,NULL,1,6,'GST'),('rJbLI5Z0-','Processing',NULL,'kimtn129@gmail.com',NULL,NULL,'stripe','',NULL,'2017-10-28 05:31:53','2017-10-28 05:32:22',1,1,NULL,1,NULL,NULL,NULL,1,0,'GST'),('rJc96ZQyM','Processing',NULL,'lan26@mailinator.com',NULL,NULL,'stripe','JAG20OFF',NULL,'2017-11-10 11:29:22','2017-11-10 11:29:48',292,292,69,184,NULL,NULL,NULL,1,6,'GST'),('rJcjb_fJM','Processing',NULL,'weikhern@gmail.com',NULL,NULL,'stripe','','[\"204\"]','2017-11-10 00:24:02','2017-11-10 00:24:16',269,269,NULL,156,NULL,NULL,NULL,1,6,'GST'),('rJcWS550W','Processing',NULL,'kimtn129@gmail.com',NULL,NULL,'iPay88','',NULL,'2017-11-04 01:16:50','2017-11-04 01:17:25',142,142,NULL,1,NULL,NULL,NULL,1,6,'GST'),('rJdHW5XAW','Processing',NULL,'kimtn129@gmail.com',NULL,NULL,'stripe','',NULL,'2017-10-29 17:34:56','2017-10-29 17:35:46',1,1,NULL,1,NULL,NULL,NULL,1,6,'GST'),('rJDo_2ZRb','Processing',NULL,'ly@bonseyjaden.com',NULL,NULL,'stripe','','[\"18\"]','2017-10-28 07:58:22','2017-10-28 07:59:24',19,19,NULL,NULL,NULL,NULL,NULL,1,0,'GST'),('rJdPP_SR-','Processing',NULL,'ovbs@phpbb.uu.gl',NULL,NULL,'stripe','',NULL,'2017-10-31 04:09:04','2017-10-31 04:10:33',75,75,NULL,70,NULL,NULL,NULL,1,6,'GST'),('rJfod6tAW','Processing',NULL,'ly@bonseyjaden.com',NULL,NULL,'stripe','procode267','[\"163\"]','2017-11-03 10:44:41','2017-11-03 10:44:49',125,125,1,97,NULL,NULL,NULL,1,6,'GST'),('rJFY7QX1G','Processing',NULL,'hungvo@bonseyjaden.com','+6512345567890','HungVT','stripe',NULL,'[\"238\",\"239\"]','2017-11-10 13:02:57','2017-11-10 13:03:08',288,288,NULL,43,54,NULL,NULL,1,6,'GST'),('rJhXes9Rb','Processing',NULL,'kimtn129@gmail.com',NULL,NULL,'iPay88','',NULL,'2017-11-04 02:04:20','2017-11-04 02:05:20',142,142,NULL,1,NULL,NULL,NULL,1,6,'GST'),('rJj8uy7kM','Processing',NULL,'thap@bonseyjaden.com',NULL,NULL,'stripe',NULL,'[\"211\"]','2017-11-10 08:50:26','2017-11-10 08:50:36',126,126,NULL,5,NULL,NULL,NULL,7,7,'GST'),('rJk7C46C-','Processing',NULL,'testest@gmail.com',NULL,NULL,'stripe','',NULL,'2017-11-06 01:42:46','2017-11-06 01:43:30',188,188,NULL,132,NULL,NULL,NULL,1,6,'GST'),('rJKeveXkz','Processing',NULL,'lan22@mailinator.com',NULL,NULL,'stripe',NULL,'[\"212\"]','2017-11-10 09:52:49','2017-11-10 09:53:38',286,286,NULL,172,NULL,NULL,NULL,1,6,'GST'),('rJLZ7TbC-','Processing',NULL,'weizi@bonseyjaden.com','+60698412568','Testing Saturday ','stripe',NULL,'[\"19\"]','2017-10-28 08:42:38','2017-10-28 08:43:25',31,32,NULL,NULL,2,NULL,NULL,1,0,'GST'),('rJMxr8-kM','Canceled',NULL,'tranminhlan07t1@gmail.com','+601234564879','test','stripe',NULL,'[\"194\"]','2017-11-09 04:09:13','2017-11-09 07:01:37',248,248,NULL,35,2,NULL,NULL,1,6,'GST'),('rJN5MdtRZ','Completed',NULL,'test1234@gmail.com','+601234567890','','cash',NULL,NULL,'2017-11-03 04:37:31','2017-11-03 04:37:31',NULL,NULL,NULL,119,2,NULL,NULL,1,6,'GST'),('rJPR6W3R-','Processing',NULL,'Dposavac@gmail.com',NULL,NULL,'stripe','','[\"167\"]','2017-11-05 04:04:30','2017-11-05 04:05:26',186,186,NULL,128,NULL,NULL,NULL,1,6,'GST'),('rJpzLZ7kG','Processing',NULL,'thap@bonseyjaden.com',NULL,NULL,'stripe',NULL,'[\"216\"]','2017-11-10 10:57:24','2017-11-10 10:57:41',126,126,NULL,5,NULL,NULL,NULL,1,6,'GST'),('rJqR_aKR-','Completed',NULL,'test1112@gmail.com','+601235667890','','cash',NULL,NULL,'2017-11-03 10:45:37','2017-11-03 10:45:37',NULL,NULL,NULL,107,2,NULL,NULL,1,6,'GST'),('rJsB39WkG','Processing',NULL,'lan25@mailinator.com',NULL,NULL,'stripe','','[\"202\"]','2017-11-09 09:13:38','2017-11-09 09:13:49',257,257,NULL,178,NULL,NULL,NULL,1,6,'GST'),('rJsdMsxR-','Payment Received',NULL,'test@gmail.com','+601231231231','','stripe',NULL,NULL,'2017-10-27 12:11:30','2017-10-27 12:11:30',NULL,NULL,NULL,NULL,2,NULL,NULL,1,0,'GST'),('rJu8OOV0-','Processing',NULL,'ly@bonseyjaden.com',NULL,NULL,'stripe','FREESHIPPING',NULL,'2017-10-30 10:00:48','2017-10-30 10:01:14',55,55,4,NULL,NULL,NULL,NULL,1,6,'GST'),('rJx1htO0-','Processing',NULL,'ly@bonseyjaden.com',NULL,NULL,'stripe','',NULL,'2017-11-02 12:13:12','2017-11-02 12:14:08',125,125,NULL,97,NULL,NULL,NULL,1,6,'GST'),('rJxCfGxAZ','Completed',NULL,'test@gmail.com','+601234567890','','cash',NULL,NULL,'2017-10-27 01:58:32','2017-10-27 01:58:32',NULL,NULL,NULL,NULL,2,NULL,NULL,1,0,'GST'),('rJxOpR80-','Processing',NULL,'gary@bonseyjaden.com',NULL,NULL,'stripe','',NULL,'2017-11-01 05:36:40','2017-11-01 05:36:57',106,106,NULL,91,NULL,NULL,NULL,1,6,'GST'),('rJxxqZyyM','Processing',NULL,'ybdao@bonseyjaden.com',NULL,NULL,'iPay88','',NULL,'2017-11-07 10:24:39','2017-11-07 10:25:10',219,219,NULL,152,NULL,NULL,NULL,1,6,'GST'),('rJxXtFYAZ','Processing',NULL,'lty01@mailinator.com',NULL,NULL,'stripe','','[\"142\"]','2017-11-03 06:13:44','2017-11-03 07:13:02',165,165,NULL,118,NULL,NULL,NULL,1,6,'GST'),('rJzCHKOAZ','Processing',NULL,'ly.tranthao261@gmail.com',NULL,NULL,'stripe','','[\"105\"]','2017-11-02 11:47:21','2017-11-02 11:48:05',101,101,NULL,8,NULL,NULL,NULL,1,6,'GST'),('rk4woouAW','Canceled',NULL,'lan6@mailinator.com','+600987654321','abbc','cash',NULL,NULL,'2017-11-02 14:27:40','2017-11-02 23:46:47',NULL,NULL,NULL,95,2,NULL,NULL,1,6,'GST'),('rk8RG-11M','Processing',NULL,'lwz01@mailinator.com',NULL,NULL,'iPay88','FREESHIPPING',NULL,'2017-11-07 09:54:22','2017-11-07 09:54:57',218,218,4,154,NULL,NULL,NULL,1,6,'GST'),('rk8Y0xXJG','Processing',NULL,'test@mail.com',NULL,NULL,'stripe',NULL,NULL,'2017-11-10 10:25:01','2017-11-10 10:25:39',52,52,NULL,189,NULL,NULL,NULL,7,7,'GST'),('rk9JG1yyM','Processing',NULL,'lwz01@mailinator.com',NULL,NULL,'stripe','','[\"179\"]','2017-11-07 07:33:53','2017-11-07 07:34:47',218,218,NULL,154,NULL,NULL,NULL,1,6,'GST'),('rkA9kvxRZ','Payment Received',NULL,'test@gmail.com','+60123456889','','stripe',NULL,NULL,'2017-10-27 07:26:13','2017-10-27 07:26:13',NULL,NULL,NULL,NULL,2,NULL,NULL,1,0,'GST'),('rkadesBAW','Processing',NULL,'ly@bonseyjaden.com',NULL,NULL,'stripe','',NULL,'2017-10-31 07:04:21','2017-10-31 07:04:46',55,55,NULL,NULL,NULL,NULL,NULL,1,6,'GST'),('rkCV8y71M','Processing',NULL,'lan22@mailinator.com',NULL,NULL,'stripe','WELCOME10','[\"210\"]','2017-11-10 08:41:25','2017-11-10 08:41:40',282,282,67,172,NULL,NULL,NULL,1,6,'GST'),('rkhN-VMRb','Delivering',NULL,'prabu@bonseyjaden.com',NULL,NULL,'stripe','',NULL,'2017-10-28 16:32:51','2017-10-28 16:37:25',43,43,NULL,42,NULL,NULL,NULL,1,6,'GST'),('rkkV4wKRb','Canceled',NULL,'tranminhlan07t1@gmail.com','+601234567890','test1234','stripe',NULL,'[\"125\"]','2017-11-03 03:36:07','2017-11-03 03:48:59',155,155,NULL,35,2,NULL,NULL,1,6,'GST'),('rknlDjtCZ','Processing',NULL,'kimtn129@gmail.com',NULL,NULL,'stripe','','[\"152\",\"153\",\"154\",\"155\"]','2017-11-03 08:21:08','2017-11-03 08:21:34',142,142,NULL,1,NULL,NULL,NULL,1,6,'GST'),('rkPXZuKAW','Completed',NULL,'test11qq@gmail.com','+601234676767','testts','cash',NULL,NULL,'2017-11-03 04:31:27','2017-11-03 04:31:27',NULL,NULL,NULL,117,2,NULL,NULL,1,6,'GST'),('rkQuoAL0Z','Processing',NULL,'audrey.lpy@gmail.com',NULL,NULL,'stripe','',NULL,'2017-11-01 05:28:10','2017-11-01 05:28:56',105,105,NULL,90,NULL,NULL,NULL,1,6,'GST'),('rkssFaaR-','Canceled',NULL,'mervin@bonseyjaden.com','+60123456789','john','stripe',NULL,NULL,'2017-11-06 11:38:11','2017-11-06 11:39:42',NULL,NULL,NULL,80,2,NULL,NULL,1,6,'GST'),('rkT79fO0Z','Processing',NULL,'abc1@mailinator.com',NULL,NULL,'stripe','WELCOME10',NULL,'2017-11-02 04:08:05','2017-11-02 04:08:10',128,128,NULL,98,NULL,NULL,NULL,1,6,'GST'),('rkTMzQ4Cb','Payment Received',NULL,'dummy@gmail.com','+601022334455','dummy','stripe',NULL,NULL,'2017-10-30 03:52:53','2017-10-30 03:52:53',NULL,NULL,NULL,NULL,2,NULL,NULL,1,6,'GST'),('rkUl0DYAZ','Processing',NULL,'test@gmail.com','+601234567890','test111','stripe',NULL,'[\"135\",\"136\"]','2017-11-03 04:17:50','2017-11-03 05:20:07',161,161,NULL,79,2,NULL,NULL,1,6,'GST'),('rkVjN2CRb','Completed',NULL,'phanmy.vnu@gmail.com','+602324567876543','pup','cash',NULL,NULL,'2017-11-07 04:20:43','2017-11-07 04:20:43',NULL,NULL,NULL,150,2,NULL,NULL,1,6,'GST'),('rkVSNbVCb','Processing',NULL,'ly@bonseyjaden.com','+60123456789','lytran','stripe',NULL,'[\"41\"]','2017-10-30 01:45:31','2017-10-30 01:45:47',55,55,NULL,NULL,2,NULL,NULL,1,6,'GST'),('rkYNBBJAZ','Completed',NULL,'mervin@bonseyjaden.com','+60123456789','','cash',NULL,NULL,'2017-10-26 11:21:21','2017-10-26 11:21:21',NULL,NULL,NULL,NULL,151,NULL,NULL,1,0,'GST'),('rk_2ViuRb','Canceled',NULL,'test1112@gmail.com','+601234567890','','stripe',NULL,NULL,'2017-11-02 13:59:12','2017-11-02 13:59:36',NULL,NULL,NULL,107,2,NULL,NULL,1,6,'GST'),('rk_S4iU0W','Completed',NULL,'asd@gmail.com','+600162306955','asd','cash',NULL,NULL,'2017-11-01 01:32:48','2017-11-01 01:32:48',NULL,NULL,NULL,NULL,1,NULL,NULL,1,6,'GST'),('ry-HC7lAW','Processing',NULL,'ly@bonseyjaden.com',NULL,NULL,'stripe','',NULL,'2017-10-27 03:55:36','2017-10-27 03:55:46',2,2,NULL,NULL,NULL,NULL,NULL,1,0,'GST'),('ry0r5qKCb','Processing',NULL,'kimtn129@gmail.com',NULL,NULL,'stripe','',NULL,'2017-11-03 07:27:02','2017-11-03 07:27:42',142,142,NULL,1,NULL,NULL,NULL,1,6,'GST'),('ry29QvrC-','Processing',NULL,'thap@bonseyjaden.com',NULL,NULL,'stripe','',NULL,'2017-10-31 02:44:36','2017-10-31 02:45:32',71,71,NULL,5,NULL,NULL,NULL,1,6,'GST'),('ry2b0E-1f','Completed',NULL,'test@gmaik.com','+60123456789','','cash',NULL,NULL,'2017-11-09 02:31:31','2017-11-09 02:31:31',NULL,NULL,NULL,164,2,NULL,NULL,1,6,'GST'),('ry4ehFmAW','Processing',NULL,'kimtn129@gmail.com',NULL,NULL,'stripe','',NULL,'2017-10-29 17:12:11','2017-10-29 17:12:48',1,1,NULL,1,NULL,NULL,NULL,1,6,'GST'),('ry5nQjR0-','Canceled',NULL,'est@1222.com','+60122112222','','stripe',NULL,NULL,'2017-11-07 03:08:34','2017-11-07 03:36:20',NULL,NULL,NULL,149,2,NULL,NULL,1,6,'GST'),('ry634-QkM','Processing',NULL,'thap@bonseyjaden.com',NULL,NULL,'stripe',NULL,'[\"215\"]','2017-11-10 10:51:33','2017-11-10 10:51:40',126,126,NULL,5,NULL,NULL,NULL,1,6,'GST'),('ry883qKRb','Processing',NULL,'kimtn129@gmail.com',NULL,NULL,'stripe','',NULL,'2017-11-03 07:35:41','2017-11-03 07:36:33',142,142,NULL,1,NULL,NULL,NULL,1,6,'GST'),('ry8OlB60W','Processing',NULL,'guuug@gmail.com',NULL,NULL,'stripe','',NULL,'2017-11-06 01:52:45','2017-11-06 01:53:31',189,189,NULL,133,NULL,NULL,NULL,1,6,'GST'),('ry9L16K0W','Processing',NULL,'ngoclan@bonseyjaden.com',NULL,NULL,'stripe','','[\"159\"]','2017-11-03 10:05:05','2017-11-03 10:05:25',115,109,NULL,7,NULL,NULL,NULL,7,7,'GST'),('rybPXRIC-','Processing',NULL,'ly.tranthao261@gmail.com',NULL,NULL,'stripe','','[\"85\"]','2017-11-01 04:53:44','2017-11-01 04:53:55',101,102,NULL,8,NULL,NULL,NULL,1,6,'GST'),('ryEt9m4CW','Processing',NULL,'usfs@reddit.usa.cc',NULL,NULL,'stripe','',NULL,'2017-10-30 04:28:43','2017-10-30 04:29:18',51,51,NULL,48,NULL,NULL,NULL,1,6,'GST'),('ryGD5RLR-','Processing',NULL,'jing@bonsey.com',NULL,NULL,'stripe','',NULL,'2017-11-01 05:23:37','2017-11-01 05:23:55',104,104,NULL,89,NULL,NULL,NULL,1,6,'GST'),('ryHKw1JJM','Processing',NULL,'ybdao@bonseyjaden.com',NULL,NULL,'stripe','',NULL,'2017-11-07 07:57:48','2017-11-07 07:58:46',223,223,NULL,152,NULL,NULL,NULL,1,6,'GST'),('rykhz9gCW','Payment Received',NULL,'mervin@bonseyjaden.com','+60123456789','','stripe',NULL,NULL,'2017-10-27 11:04:06','2017-10-27 11:04:06',NULL,NULL,NULL,NULL,2,NULL,NULL,1,0,'GST'),('ryL7_dr0Z','Processing',NULL,'lan1@mailinator.com',NULL,NULL,'stripe','',NULL,'2017-10-31 04:12:13','2017-10-31 04:12:34',76,76,NULL,69,NULL,NULL,NULL,1,6,'GST'),('rymhxDORb','Processing',NULL,'lan6@mailinator.com',NULL,NULL,'stripe','WELCOME10',NULL,'2017-11-02 09:08:58','2017-11-02 09:09:37',118,118,NULL,95,NULL,NULL,NULL,1,6,'GST'),('rypEcSWJz','Processing',NULL,'phanmy.vnu@gmail.com','+601323423443','pm','stripe',NULL,'[\"192\",\"193\"]','2017-11-09 03:23:32','2017-11-09 03:23:39',243,243,NULL,150,2,NULL,NULL,1,6,'GST'),('ryptBJLA-','Processing',NULL,'mervin@bonseyjaden.com',NULL,NULL,'stripe','','[\"81\"]','2017-10-31 11:59:00','2017-10-31 11:59:45',86,86,NULL,80,NULL,NULL,NULL,1,6,'GST'),('ryq-M-O0-','Processing',NULL,'ly@bonseyjaden.com',NULL,NULL,'stripe','','[\"99\"]','2017-11-02 02:25:06','2017-11-02 02:26:02',125,125,NULL,97,NULL,NULL,NULL,1,6,'GST'),('ryQ1csIRb','Completed',NULL,'shahdafi@gmail.con','+600123456978','Shah dating ','cash',NULL,NULL,'2017-11-01 01:56:42','2017-11-01 01:56:42',NULL,NULL,NULL,NULL,2,NULL,NULL,1,6,'GST'),('rysJoDB0Z','Processing',NULL,'mees@drivetagdev.com',NULL,NULL,'stripe','',NULL,'2017-10-31 03:15:46','2017-10-31 03:15:56',46,46,NULL,44,NULL,NULL,NULL,1,6,'GST'),('rysrbF-kM','Processing',NULL,'lan22@mailinator.com',NULL,NULL,'stripe','WELCOME10','[\"200\"]','2017-11-09 07:18:26','2017-11-09 07:19:21',245,245,NULL,172,NULL,NULL,NULL,1,6,'GST'),('rytiXXg0b','Completed',NULL,'test@gmail.com','+601234567890','test12e3','stripe',NULL,'[\"7\"]','2017-10-27 03:10:24','2017-10-27 03:10:24',12,12,NULL,NULL,2,NULL,NULL,1,0,'GST'),('ryUHFAG0b','Processing',NULL,'mees@drivetagdev.com','+60123456789','Mee Lee','stripe','WELCOME10','[\"28\"]','2017-10-29 04:29:50','2017-10-29 04:30:52',46,46,NULL,NULL,2,NULL,NULL,1,6,'GST'),('ryV6ZiMyz','Completed',NULL,'test@gmail.com','+60123466789','test','cash','WELCOME10',NULL,'2017-11-10 03:49:15','2017-11-10 03:49:15',NULL,NULL,67,79,2,NULL,NULL,1,6,'GST'),('ryVm3Wx1G','Processing',NULL,'lan16@mailinator.com',NULL,NULL,'stripe','',NULL,'2017-11-08 04:46:20','2017-11-08 04:46:46',232,232,NULL,161,NULL,NULL,NULL,1,6,'GST'),('rywqFnEAZ','Processing',NULL,'abc@mailinator.com',NULL,NULL,'stripe','',NULL,'2017-10-30 14:39:11','2017-10-30 14:39:57',64,66,NULL,62,NULL,NULL,NULL,1,6,'GST'),('ryw_A4Wyf','Processing',NULL,'lan21@mailinator.com',NULL,NULL,'stripe','','[\"190\"]','2017-11-09 02:33:19','2017-11-09 02:33:36',241,241,NULL,163,NULL,NULL,NULL,1,6,'GST'),('ryxFo34AW','Processing',NULL,'abc@mailinator.com',NULL,NULL,'stripe','',NULL,'2017-10-30 14:47:19','2017-10-30 14:47:57',67,67,NULL,NULL,NULL,NULL,NULL,1,6,'GST'),('ryySygQJG','Canceled',NULL,'phanmy.vnu@gmail.com','+65123343454','dgdfv','cash',NULL,NULL,'2017-11-10 09:19:50','2017-11-10 12:30:09',NULL,NULL,NULL,150,54,NULL,NULL,7,7,'GST'),('ryZDUf7yG','Canceled',NULL,'lan.tra.@gmail.com','+6512345645464','test111','stripe',NULL,'[\"236\"]','2017-11-10 12:06:49','2017-11-10 12:07:05',294,294,NULL,195,54,NULL,NULL,1,6,'GST'),('ryZO3bERb','Payment Received',NULL,'mervin@bonseyjaden.com','+60123456789','','stripe','WELCOME10',NULL,'2017-10-30 02:20:24','2017-10-30 02:20:24',NULL,NULL,NULL,NULL,2,NULL,NULL,1,6,'GST'),('ryzohZX1M','Processing',NULL,'ybdao@bonseyjaden.com',NULL,NULL,'stripe',NULL,NULL,'2017-11-10 11:25:13','2017-11-10 11:25:48',255,255,NULL,152,NULL,NULL,NULL,1,6,'GST'),('S11f8PaAW','Processing',NULL,'nguyen8@mailinator.com',NULL,NULL,'stripe','',NULL,'2017-11-06 04:33:11','2017-11-06 04:33:21',193,192,NULL,137,NULL,NULL,NULL,7,7,'GST'),('S11kVptR-','Processing',NULL,'test@gmail.com','+601234564879','testqqqq','stripe',NULL,'[\"161\"]','2017-11-03 10:24:22','2017-11-03 10:24:47',178,178,NULL,79,2,NULL,NULL,1,6,'GST'),('S12rNf_CZ','Processing',NULL,'lan6@mailinator.com',NULL,NULL,'stripe','WELCOME10','[\"101\"]','2017-11-02 03:43:00','2017-11-02 03:44:09',118,118,NULL,95,NULL,NULL,NULL,1,6,'GST'),('S18uu_VC-','Processing',NULL,'usfs@reddit.usa.cc',NULL,NULL,'stripe','WELCOME10','[\"53\"]','2017-10-30 10:01:18','2017-10-30 10:02:15',51,51,NULL,48,NULL,NULL,NULL,1,6,'GST'),('S1B2tSJyz','Processing',NULL,'ly@bonseyjaden.com',NULL,NULL,'stripe','WELCOME10','[\"183\"]','2017-11-07 14:56:45','2017-11-07 14:57:13',125,125,NULL,97,NULL,NULL,NULL,1,6,'GST'),('S1boPQwAW','Processing',NULL,'lan7@mailinator.com','+600987654321','abbc','stripe','WELCOME10','[\"96\"]','2017-11-01 10:53:13','2017-11-01 10:53:51',124,124,NULL,NULL,2,NULL,NULL,1,6,'GST'),('S1cFeQm0W','Processing',NULL,'mres@o.cfo2go.ro',NULL,NULL,'stripe','WELCOME10','[\"38\"]','2017-10-29 09:33:53','2017-10-29 09:33:58',38,38,NULL,37,NULL,NULL,NULL,1,6,'GST'),('S1D4ATLR-','Canceled',NULL,'test@gmIl.com','+601234567997','124','cash',NULL,NULL,'2017-11-01 04:31:43','2017-11-02 11:27:24',NULL,NULL,NULL,NULL,2,NULL,NULL,1,6,'GST'),('S1DerMVRb','Processing',NULL,'usfs@reddit.usa.cc',NULL,NULL,'stripe','',NULL,'2017-10-30 02:56:47','2017-10-30 02:58:12',57,57,NULL,NULL,NULL,NULL,NULL,1,6,'GST'),('S1dJ_2NCb','Processing',NULL,'abc@mailinator.com',NULL,NULL,'stripe','WELCOME10','[\"58\"]','2017-10-30 14:31:59','2017-10-30 14:32:56',64,64,NULL,62,NULL,NULL,NULL,1,6,'GST'),('S1dmzTZ0Z','Payment Received',NULL,'weizi@bonseyjaden.com','+60365478214','','stripe',NULL,NULL,'2017-10-28 08:38:55','2017-10-28 08:38:55',NULL,NULL,NULL,NULL,2,NULL,NULL,1,0,'GST'),('S1eQmdbyz','Completed',NULL,'ggggg@mail.com','+60155369888','Hey','cash',NULL,NULL,'2017-11-09 06:18:00','2017-11-09 06:18:00',NULL,NULL,NULL,175,2,NULL,NULL,1,6,'GST'),('S1f6AZmJG','Processing',NULL,'hungvo@bonseyjaden.com','+65','HUNGVT','stripe',NULL,'[\"232\",\"233\"]','2017-11-10 11:34:18','2017-11-10 11:35:11',288,288,NULL,43,54,NULL,NULL,1,6,'GST'),('S1h0vkfA-','Processing',NULL,'mres@o.cfo2go.ro',NULL,NULL,'stripe','WELCOME10','[\"23\"]','2017-10-28 11:19:48','2017-10-28 11:20:28',38,38,NULL,37,NULL,NULL,NULL,1,0,'GST'),('S1jbKFZ0-','Processing',NULL,'ly@bonseyjaden.com',NULL,NULL,'stripe','','[\"17\"]','2017-10-28 04:35:15','2017-10-28 04:35:59',19,20,NULL,NULL,NULL,NULL,NULL,1,0,'GST'),('S1JZuzgC-','Completed',NULL,'mervin@bonseyjaden.com','+60123456789','','cash',NULL,NULL,'2017-10-27 02:20:39','2017-10-27 02:20:39',NULL,NULL,NULL,NULL,4,NULL,NULL,1,0,'GST'),('S1KWNPl0-','Payment Received',NULL,'oads@w.0w.ro',NULL,NULL,'stripe','',NULL,'2017-10-27 07:45:05','2017-10-27 07:45:05',6,6,NULL,NULL,NULL,NULL,NULL,1,0,'GST'),('S1kxcvY0W','Processing',NULL,'lan6@mailinator.com','+600987654321','abbc','stripe',NULL,'[\"132\",\"133\"]','2017-11-03 04:00:39','2017-11-03 04:00:58',159,159,NULL,95,2,NULL,NULL,1,6,'GST'),('S1k_5zlCW','Completed',NULL,'traminhlan07t1@gmail.com','+60123456666','lan test','cash','WELCOME10',NULL,'2017-10-27 02:31:03','2017-10-27 02:31:03',NULL,NULL,NULL,NULL,2,NULL,NULL,1,0,'GST'),('S1lR-jHC-','Processing',NULL,'ly@bonseyjaden.com',NULL,NULL,'stripe','',NULL,'2017-10-31 07:10:00','2017-10-31 07:10:46',55,55,NULL,NULL,NULL,NULL,NULL,1,6,'GST'),('S1MUv_dAZ','Canceled',NULL,'kimtn129@gmail.com',NULL,NULL,'stripe','',NULL,'2017-11-02 10:45:30','2017-11-02 10:46:34',96,96,NULL,1,NULL,NULL,NULL,1,6,'GST'),('S1NkzxzA-','Processing',NULL,'mervin@bonseyjaden.com','+60123456789','mervin','stripe',NULL,'[\"26\"]','2017-10-28 12:02:36','2017-10-28 12:03:31',41,41,NULL,NULL,2,NULL,NULL,1,0,'GST'),('S1NZ2tdR-','Payment Received',NULL,'ngoclan@bonseyjaden.com',NULL,NULL,'stripe','WELCOME10','[\"109\"]','2017-11-02 12:13:48','2017-11-03 09:01:23',115,109,NULL,7,NULL,NULL,NULL,1,6,'GST'),('S1OYIZQyG','Processing',NULL,'soso01@mailinator.com',NULL,NULL,'stripe',NULL,'[\"219\"]','2017-11-10 10:59:12','2017-11-10 10:59:42',290,290,NULL,190,NULL,NULL,NULL,1,6,'GST'),('S1QVJzmkM','Processing',NULL,'kim@bonseyjaden.com','+65231231313141','asdasdas','stripe',NULL,'[\"234\",\"235\"]','2017-11-10 11:36:10','2017-11-10 11:37:11',293,293,NULL,194,54,NULL,NULL,1,6,'GST'),('S1RJxBgJM','Processing',NULL,'ybdao@bonseyjaden.com',NULL,NULL,'stripe','',NULL,'2017-11-08 08:27:17','2017-11-08 08:27:50',234,234,NULL,152,NULL,NULL,NULL,1,6,'GST'),('S1RkNvl0Z','Payment Received',NULL,'kimtn129@gmail.com',NULL,NULL,'stripe','',NULL,'2017-10-27 07:44:37','2017-10-27 07:44:37',1,1,NULL,1,NULL,NULL,NULL,1,0,'GST'),('S1rtiY_Rb','Processing',NULL,'lan11@mailinator.com',NULL,NULL,'stripe','','[\"108\"]','2017-11-02 12:11:41','2017-11-02 12:12:07',135,135,NULL,105,NULL,NULL,NULL,1,6,'GST'),('S1rtlNfAW','Processing',NULL,'prabu@bonseyjaden.com',NULL,NULL,'stripe','','[\"27\"]','2017-10-28 16:29:49','2017-10-28 16:30:12',43,43,NULL,42,NULL,NULL,NULL,1,6,'GST'),('S1rWx3FAZ','Canceled',NULL,'mervin@bonseyjaden.com','+60123456789','','stripe',NULL,NULL,'2017-11-03 08:59:41','2017-11-03 09:00:55',NULL,NULL,NULL,80,2,NULL,NULL,1,6,'GST'),('S1SSYb7kz','Processing',NULL,'lan22@mailinator.com',NULL,NULL,'stripe','IMBACK15',NULL,'2017-11-10 11:10:52','2017-11-10 11:11:45',261,261,70,172,NULL,NULL,NULL,1,6,'GST'),('S1u9M3YR-','Canceled',NULL,'mervin@bonseyjaden.com','+60123456789','mervin','stripe',NULL,'[\"157\"]','2017-11-03 09:10:40','2017-11-03 10:23:17',175,175,NULL,80,2,NULL,NULL,1,6,'GST'),('S1UcyA80-','Processing',NULL,'qkgs@kazelink.ml',NULL,NULL,'stripe','',NULL,'2017-11-01 04:37:33','2017-11-01 04:37:53',100,100,NULL,87,NULL,NULL,NULL,1,6,'GST'),('S1VZ1WQyz','Canceled',NULL,'phanmy.vnu@gmail.com','+651223423424424','ứdf','stripe',NULL,NULL,'2017-11-10 10:27:07','2017-11-10 10:46:29',NULL,NULL,NULL,150,54,NULL,NULL,7,7,'GST'),('S1X-WjaRb','Processing',NULL,'nguyen9@mailinator.com',NULL,NULL,'stripe','',NULL,'2017-11-06 08:44:42','2017-11-06 08:45:27',202,202,NULL,142,NULL,NULL,NULL,1,6,'GST'),('S1XSO111f','Processing',NULL,'ybdao@bonseyjaden.com',NULL,NULL,'stripe','',NULL,'2017-11-07 08:00:58','2017-11-07 08:01:47',219,219,NULL,152,NULL,NULL,NULL,1,6,'GST'),('SJ1Ere7JM','Canceled',NULL,'phanmy.vnu@gmail.com','+651234762839','PHANMY','cash',NULL,NULL,'2017-11-10 09:45:10','2017-11-10 12:29:50',NULL,NULL,NULL,150,54,NULL,NULL,7,7,'GST'),('SJ45urp0-','Payment Received',NULL,'najaha@dhdhdjj.com','+60166841234','nshshssh','stripe',NULL,NULL,'2017-11-06 02:27:23','2017-11-06 02:27:23',NULL,NULL,NULL,136,2,NULL,NULL,1,6,'GST'),('SJ5noYfkM','Processing',NULL,'muxur@cars2.club',NULL,NULL,'stripe','',NULL,'2017-11-10 02:15:13','2017-11-10 02:15:41',272,272,NULL,183,NULL,NULL,NULL,1,6,'GST'),('SJ7BJKyCW','Processing',NULL,'ly@bonseyjaden.com',NULL,NULL,'stripe','WELCOME10','[\"4\"]','2017-10-26 15:28:58','2017-10-26 15:29:51',2,5,NULL,NULL,NULL,NULL,NULL,1,0,'GST'),('SJ8zgiBCW','Processing',NULL,'lan2@mailinator.com',NULL,NULL,'stripe','',NULL,'2017-10-31 07:02:37','2017-10-31 07:02:43',78,78,NULL,76,NULL,NULL,NULL,1,6,'GST'),('SJ9OUuN0b','Processing',NULL,'cigs@sroff.com',NULL,NULL,'stripe','','[\"52\"]','2017-10-30 09:52:49','2017-10-30 09:53:13',57,57,NULL,NULL,NULL,NULL,NULL,1,6,'GST'),('SJCaWKd0-','Processing',NULL,'ly@bonseyjaden.com',NULL,NULL,'stripe','WELCOME10','[\"103\"]','2017-11-02 11:30:14','2017-11-02 11:31:03',130,125,NULL,97,NULL,NULL,NULL,1,6,'GST'),('SJcwUuWAW','Processing',NULL,'kimtn129@gmail.com',NULL,NULL,'stripe','',NULL,'2017-10-28 03:15:46','2017-10-28 03:15:50',1,1,NULL,1,NULL,NULL,NULL,1,0,'GST'),('SJdxVFbJG','On Hold',NULL,'lan24@mailinator.com',NULL,NULL,'iPay88','FREESHIPPING',NULL,'2017-11-09 07:29:51','2017-11-09 07:29:51',256,256,4,177,NULL,NULL,NULL,1,6,'GST'),('SJf45IlRZ','Processing',NULL,'ly@bonseyjaden.com',NULL,NULL,'stripe','WELCOME10','[\"13\",\"14\"]','2017-10-27 07:03:05','2017-10-27 07:03:36',19,19,NULL,NULL,NULL,NULL,NULL,1,0,'GST'),('SJFLAwYA-','Processing',NULL,'zaclwz82@yahoo.com',NULL,NULL,'stripe','','[\"137\"]','2017-11-03 04:19:28','2017-11-03 05:20:15',134,134,NULL,103,NULL,NULL,NULL,1,6,'GST'),('SJFvpyMCZ','Payment Received',NULL,'mervin@bonseyjaden.com','+60123456789','','stripe','WELCOME10',NULL,'2017-10-28 11:43:29','2017-10-28 11:43:29',NULL,NULL,NULL,NULL,2,NULL,NULL,1,0,'GST'),('SJl4QutRZ','Processing',NULL,'test@gmail.com','+60123456789','test111','stripe',NULL,'[\"138\"]','2017-11-03 04:40:08','2017-11-03 05:20:10',163,163,NULL,79,2,NULL,NULL,1,6,'GST'),('SJmHpkvRW','Processing',NULL,'ngoclan@bonseyjaden.com',NULL,NULL,'stripe','WELCOME10','[\"86\"]','2017-11-01 06:44:10','2017-11-01 06:44:58',107,107,NULL,7,NULL,NULL,NULL,1,6,'GST'),('SJnaZPpCb','Processing',NULL,'nguyen8@mailinator.com',NULL,NULL,'stripe','WELCOME10','[\"170\"]','2017-11-06 04:14:59','2017-11-06 04:15:35',192,192,NULL,137,NULL,NULL,NULL,1,6,'GST'),('SJnjGodRW','Processing',NULL,'test@gmail.com','+60123456789','test111','stripe',NULL,'[\"110\"]','2017-11-02 13:50:28','2017-11-02 13:51:19',136,136,NULL,79,2,NULL,NULL,1,6,'GST'),('SJNYJYbJM','Processing',NULL,'lan22@mailinator.com',NULL,NULL,'stripe','','[\"199\"]','2017-11-09 07:10:52','2017-11-09 07:11:46',245,245,NULL,172,NULL,NULL,NULL,1,6,'GST'),('SJQOwBtCW','Canceled',NULL,'tranminhlan07t1@gmail.com','+60123456789','test1223','stripe',NULL,'[\"120\"]','2017-11-03 01:33:31','2017-11-03 03:33:37',146,146,NULL,35,2,NULL,NULL,1,6,'GST'),('SJQPX7eAZ','Payment Received',NULL,'ly@bonseyjaden.com',NULL,NULL,'stripe','',NULL,'2017-10-27 03:09:15','2017-10-27 03:09:15',2,2,NULL,NULL,NULL,NULL,NULL,1,0,'GST'),('SJRHsxg1f','Processing',NULL,'ly@bonseyjaden.com',NULL,NULL,'stripe','','[\"188\"]','2017-11-08 03:34:30','2017-11-08 03:35:27',125,125,NULL,97,NULL,NULL,NULL,1,6,'GST'),('SJRyWuBC-','Processing',NULL,'abc@mailinator.com',NULL,NULL,'stripe','WELCOME10',NULL,'2017-10-31 03:41:26','2017-10-31 03:41:45',64,64,NULL,62,NULL,NULL,NULL,1,6,'GST'),('SJs9SO4Rb','Processing',NULL,'cigs@sroff.com',NULL,NULL,'stripe','',NULL,'2017-10-30 09:49:06','2017-10-30 09:49:12',57,57,NULL,NULL,NULL,NULL,NULL,1,6,'GST'),('SJu8YCMJz','Completed',NULL,'bhtest01@mailinator.com','+65','Test','cash',NULL,NULL,'2017-11-10 07:46:24','2017-11-10 07:46:24',NULL,NULL,NULL,187,54,NULL,NULL,7,7,'GST'),('SJuzf7gC-','Payment Received',NULL,'xqds@reddit.usa.cc',NULL,NULL,'stripe','WELCOME10','[\"6\"]','2017-10-27 03:03:43','2017-10-27 03:03:43',9,7,NULL,16,NULL,NULL,NULL,1,0,'GST'),('SJWldwFRW','Canceled',NULL,'lan6@mailinator.com','+600987654321','abbc','stripe',NULL,'[\"130\",\"131\"]','2017-11-03 03:52:09','2017-11-03 03:52:57',158,158,NULL,95,2,NULL,NULL,1,6,'GST'),('SJz480KC-','Processing',NULL,'mervin@bonseyjaden.com',NULL,NULL,'stripe','','[\"165\"]','2017-11-03 11:42:33','2017-11-03 11:42:56',86,86,NULL,80,NULL,NULL,NULL,1,6,'GST'),('SJZeRIb1M','Processing',NULL,'ybdao@bonseyjaden.com',NULL,NULL,'stripe','','[\"196\"]','2017-11-09 04:47:36','2017-11-09 04:47:44',236,236,NULL,152,NULL,NULL,NULL,1,6,'GST'),('SJZmMbwCW','Processing',NULL,'lan5@mailinator.com',NULL,NULL,'stripe','WELCOME10','[\"89\"]','2017-11-01 08:13:13','2017-11-01 08:14:01',116,116,NULL,94,NULL,NULL,NULL,1,6,'GST'),('Sk0fLc_0W','Processing',NULL,'kimtn129@gmail.com',NULL,NULL,'stripe','',NULL,'2017-11-02 12:56:53','2017-11-02 12:57:18',96,96,NULL,1,NULL,NULL,NULL,1,6,'GST'),('Sk0hweXR-','Payment Received',NULL,'jvfs@mnode.me','+600987654321','abbbb','stripe','WELCOME10',NULL,'2017-10-29 06:39:50','2017-10-29 06:39:50',NULL,NULL,NULL,NULL,2,NULL,NULL,1,6,'GST'),('Sk1q2YlC-','Payment Received',NULL,'test@gmail.com','+60123456789','','stripe',NULL,NULL,'2017-10-27 10:37:59','2017-10-27 10:37:59',NULL,NULL,NULL,NULL,2,NULL,NULL,1,0,'GST'),('Sk4THAz1f','Processing',NULL,'tranminhlan07t1@gmail.com','+65231645246162','test lan tran','stripe',NULL,'[\"207\"]','2017-11-10 07:31:07','2017-11-10 07:31:57',281,281,NULL,35,54,NULL,NULL,1,6,'GST'),('Sk4UPwY0Z','Processing',NULL,'lan6@mailinator.com','+60098765432','abbc','stripe',NULL,'[\"128\",\"129\"]','2017-11-03 03:49:31','2017-11-03 03:49:52',157,157,NULL,95,2,NULL,NULL,1,6,'GST'),('Ska10-eAb','Processing',NULL,'ly@bonseyjaden.com',NULL,NULL,'stripe','FREESHIPPING',NULL,'2017-10-27 01:37:41','2017-10-27 01:38:22',2,2,4,NULL,NULL,NULL,NULL,1,0,'GST'),('Ska4z2M1G','Completed',NULL,'test@gmail.com','+6512345678','test123','cash',NULL,NULL,'2017-11-10 04:59:33','2017-11-10 04:59:33',NULL,NULL,NULL,79,54,NULL,NULL,7,7,'GST'),('SkaaHiuAb','Processing',NULL,'test@gmail.com','+601234567890123','w56qq','stripe',NULL,'[\"113\"]','2017-11-02 14:03:49','2017-11-02 14:04:21',139,139,NULL,79,2,NULL,NULL,1,6,'GST'),('SkaSVk7JG','On Hold',NULL,'ybdao@bonseyjaden.com',NULL,NULL,'iPay88',NULL,NULL,'2017-11-10 08:33:08','2017-11-10 08:33:08',285,285,NULL,152,NULL,NULL,NULL,1,6,'GST'),('SkbBva-CW','Processing',NULL,'thap@bonseyjaden.com',NULL,NULL,'stripe','',NULL,'2017-10-28 09:00:41','2017-10-28 09:01:27',35,35,NULL,NULL,NULL,NULL,NULL,1,0,'GST'),('SkBRB8g0b','Processing',NULL,'kimtn129@gmail.copm',NULL,NULL,'stripe','',NULL,'2017-10-27 06:44:29','2017-10-27 06:44:32',23,23,NULL,NULL,NULL,NULL,NULL,1,0,'GST'),('SkDXSBxCW','Completed',NULL,'weizi@bonseyjaden.com','+606544887456','','cash',NULL,NULL,'2017-10-27 05:33:18','2017-10-27 05:33:18',NULL,NULL,NULL,NULL,2,NULL,NULL,1,0,'GST'),('SkeTyAK0b','Processing',NULL,'ly@bonseyjaden.com',NULL,NULL,'stripe','','[\"164\"]','2017-11-03 11:15:04','2017-11-03 11:16:00',125,125,NULL,97,NULL,NULL,NULL,1,6,'GST'),('SkfaqlvAZ','Processing',NULL,'chuan@bonseyjaden.com',NULL,NULL,'stripe','','[\"88\"]','2017-11-01 07:41:45','2017-11-01 07:42:00',113,112,NULL,93,NULL,NULL,NULL,1,6,'GST'),('SkFoJuYAZ','Completed',NULL,'test11@gmail.com','+601234567890','12345','cash',NULL,NULL,'2017-11-03 04:25:04','2017-11-03 04:25:04',NULL,NULL,NULL,116,2,NULL,NULL,1,6,'GST'),('SkG-2MNA-','Processing',NULL,'ly@bonseyjaden.com',NULL,NULL,'stripe','','[\"49\"]','2017-10-30 03:26:49','2017-10-30 03:27:15',55,55,NULL,NULL,NULL,NULL,NULL,1,6,'GST'),('SkGoLIeA-','Processing',NULL,'oads@w.0w.ro',NULL,NULL,'stripe','',NULL,'2017-10-27 06:47:53','2017-10-27 06:48:33',24,24,NULL,NULL,NULL,NULL,NULL,1,0,'GST'),('SkGRNnACb','Canceled',NULL,'sjhf@fsfjdhf.com','+6023456767543','sdvfcdcs','cash',NULL,NULL,'2017-11-07 04:21:30','2017-11-07 09:26:02',NULL,NULL,NULL,151,2,NULL,NULL,1,6,'GST'),('SkgtbAU0b','Processing',NULL,'ly.tranthao261@gmail.com',NULL,NULL,'stripe','',NULL,'2017-11-01 04:45:44','2017-11-01 04:45:54',101,102,NULL,8,NULL,NULL,NULL,1,6,'GST'),('SkIId0fCW','Processing',NULL,'mees@drivetagdev.com',NULL,NULL,'stripe','',NULL,'2017-10-29 04:25:50','2017-10-29 04:26:51',44,44,NULL,44,NULL,NULL,NULL,1,6,'GST'),('Skj9-zV0Z','Processing',NULL,'zaclwz82@yahoo.com',NULL,NULL,'stripe','WELCOME10','[\"47\"]','2017-10-30 02:42:27','2017-10-30 02:43:18',40,40,NULL,NULL,NULL,NULL,NULL,1,6,'GST'),('SkJye2-CZ','Payment Received',NULL,'e@gmail.com','+60098765432','abbc','stripe',NULL,NULL,'2017-10-28 07:20:54','2017-10-28 07:20:54',NULL,NULL,NULL,NULL,2,NULL,NULL,1,0,'GST'),('SkKZMTI0Z','Processing',NULL,'ly.tranthao261@gmail.com',NULL,NULL,'stripe','FREESHIPPING',NULL,'2017-11-01 03:39:45','2017-11-01 03:39:52',99,99,4,8,NULL,NULL,NULL,1,6,'GST'),('SkNfTjFAW','Processing',NULL,'kimtn129@gmail.com',NULL,NULL,'stripe','',NULL,'2017-11-03 08:47:07','2017-11-03 08:48:07',142,142,NULL,1,NULL,NULL,NULL,1,6,'GST'),('SkQ0KoLRW','Processing',NULL,'tester102@mailinator.com','+600123457698','Tester mailinator','stripe','WELCOME10 ','[\"82\"]','2017-11-01 01:56:27','2017-11-01 01:56:49',98,98,NULL,NULL,2,NULL,NULL,1,6,'GST'),('SkQombmC-','Completed',NULL,'jvfs@mnode.me','+600987654322','abbbv','cash','WELCOME10',NULL,'2017-10-29 07:30:34','2017-10-29 07:30:34',NULL,NULL,NULL,NULL,2,NULL,NULL,1,6,'GST'),('SkqV3Xl1G','Processing',NULL,'ybdao@bonseyjaden.com',NULL,NULL,'stripe','',NULL,'2017-11-08 07:03:14','2017-11-08 07:03:47',231,231,NULL,152,NULL,NULL,NULL,1,6,'GST'),('SkQYu8b1G','Completed',NULL,'test33334@gmail.com','+601313133131','','cash',NULL,NULL,'2017-11-09 04:24:27','2017-11-09 04:24:27',NULL,NULL,NULL,174,2,NULL,NULL,1,6,'GST'),('SkvUeiSCZ','Processing',NULL,'lan2@mailinator.com',NULL,NULL,'stripe','',NULL,'2017-10-31 07:03:43','2017-10-31 07:04:45',80,80,NULL,76,NULL,NULL,NULL,1,6,'GST'),('SkWH76b0b','Payment Received',NULL,'test@gmail.comcom','+6012345646464','','stripe',NULL,NULL,'2017-10-28 08:43:37','2017-10-28 08:43:37',NULL,NULL,NULL,NULL,2,NULL,NULL,1,0,'GST'),('SkwX07l0-','Processing',NULL,'ly@bonseyjaden.com',NULL,NULL,'stripe','','[\"10\"]','2017-10-27 03:55:10','2017-10-27 03:55:47',2,2,NULL,NULL,NULL,NULL,NULL,1,0,'GST'),('Skw_U_ZAb','Processing',NULL,'kimtn129@gmail.com',NULL,NULL,'stripe','',NULL,'2017-10-28 03:15:58','2017-10-28 03:16:51',1,1,NULL,1,NULL,NULL,NULL,1,0,'GST'),('SkxK3kf0-','Processing',NULL,'ly@bonseyjaden.com',NULL,NULL,'stripe','WELCOME10','[\"25\"]','2017-10-28 11:39:35','2017-10-28 11:40:30',19,20,NULL,NULL,NULL,NULL,NULL,1,0,'GST'),('SkySRpGyz','Processing',NULL,'ybdao@bonseyjaden.com',NULL,NULL,'stripe',NULL,NULL,'2017-11-10 06:59:03','2017-11-10 06:59:55',255,255,NULL,152,NULL,NULL,NULL,1,6,'GST'),('SkZg4GV0W','Processing',NULL,'usfs@reddit.usa.cc',NULL,NULL,'stripe','','[\"48\"]','2017-10-30 02:52:25','2017-10-30 02:53:19',51,51,NULL,48,NULL,NULL,NULL,1,6,'GST'),('SkzZEF4Ab','Processing',NULL,'ly@bonseyjaden.com',NULL,NULL,'stripe','',NULL,'2017-10-30 10:50:34','2017-10-30 10:51:18',63,63,NULL,NULL,NULL,NULL,NULL,1,7,'GST'),('Sy-bVnZC-','Payment Received',NULL,'e@gmail.com','+600986532147','abbc','stripe',NULL,NULL,'2017-10-28 07:38:33','2017-10-28 07:38:33',NULL,NULL,NULL,NULL,2,NULL,NULL,1,0,'GST'),('Sy6IetOA-','Processing',NULL,'ly@bonseyjaden.com',NULL,NULL,'stripe','',NULL,'2017-11-02 11:24:04','2017-11-02 11:25:02',125,125,NULL,97,NULL,NULL,NULL,7,7,'GST'),('Sy7oiudC-','Processing',NULL,'ly@bonseyjaden.com',NULL,NULL,'stripe','','[\"102\"]','2017-11-02 11:03:54','2017-11-02 11:04:02',130,130,NULL,97,NULL,NULL,NULL,1,6,'GST'),('Sya8q3Y0-','Processing',NULL,'nguyen5@mailinator.com',NULL,NULL,'stripe','WELCOME10','[\"158\"]','2017-11-03 09:43:48','2017-11-03 09:44:03',176,176,NULL,122,NULL,NULL,NULL,1,6,'GST'),('SyAJxYgR-','Processing',NULL,'oads@w.0w.ro',NULL,NULL,'stripe','WELCOME10','[\"16\"]','2017-10-27 09:44:05','2017-10-27 09:44:22',26,26,NULL,23,NULL,NULL,NULL,1,0,'GST'),('SyBlyUkkf','Processing',NULL,'ly@bonseyjaden.com',NULL,NULL,'stripe','','[\"184\"]','2017-11-07 15:19:08','2017-11-07 15:19:14',125,125,NULL,97,NULL,NULL,NULL,1,6,'GST'),('SybXmJ7Jz','Processing',NULL,'bdao.y0794@gmail.com',NULL,NULL,'stripe',NULL,NULL,'2017-11-10 08:28:09','2017-11-10 08:28:37',283,283,NULL,188,NULL,NULL,NULL,7,7,'GST'),('SycbpkfC-','Processing',NULL,'mres@o.cfo2go.ro',NULL,NULL,'stripe','',NULL,'2017-10-28 11:41:53','2017-10-28 11:42:30',38,38,NULL,37,NULL,NULL,NULL,1,0,'GST'),('SyCYfYWyM','On Hold',NULL,'lan22@mailinator.com',NULL,NULL,'iPay88','',NULL,'2017-11-09 07:23:50','2017-11-09 07:23:50',245,245,NULL,172,NULL,NULL,NULL,1,6,'GST'),('SydmWy1kf','Processing',NULL,'thap@bonseyjaden.com',NULL,NULL,'stripe','',NULL,'2017-11-07 07:30:40','2017-11-07 07:30:45',126,126,NULL,5,NULL,NULL,NULL,7,7,'GST'),('SyEcx5ZyM','Completed',NULL,'test@gmail.com','+60','1234','cash',NULL,NULL,'2017-11-09 08:23:39','2017-11-09 08:23:39',NULL,NULL,NULL,79,2,NULL,NULL,1,6,'GST'),('SyewqWkkf','Processing',NULL,'ybdao@bonseyjaden.com',NULL,NULL,'iPay88','',NULL,'2017-11-07 10:26:32','2017-11-07 10:27:11',219,219,NULL,152,NULL,NULL,NULL,1,6,'GST'),('SygeOcFRW','Processing',NULL,'kimtn129@gmail.com',NULL,NULL,'stripe','','[\"147\"]','2017-11-03 07:16:56','2017-11-03 07:17:05',142,142,NULL,1,NULL,NULL,NULL,1,6,'GST'),('SyI3vqK0Z','Processing',NULL,'kimtn129@gmail.com',NULL,NULL,'stripe','',NULL,'2017-11-03 07:15:57','2017-11-03 07:16:04',142,142,NULL,1,NULL,NULL,NULL,1,6,'GST'),('SyICOeD0W','Processing',NULL,'ngoclan@bonseyjaden.com',NULL,NULL,'stripe','WELCOME10','[\"87\"]','2017-11-01 07:33:34','2017-11-01 07:33:59',108,108,NULL,7,NULL,NULL,NULL,1,6,'GST'),('SyIgdYFAb','Processing',NULL,'lty01@mailinator.com','+60639854705','Tester BA app 03','stripe',NULL,'[\"141\"]','2017-11-03 06:08:46','2017-11-03 07:13:00',167,167,NULL,118,4,NULL,NULL,1,6,'GST'),('SyJlrLZJf','Processing',NULL,'lan22@mailinator.com',NULL,NULL,'stripe','',NULL,'2017-11-09 04:09:11','2017-11-09 04:09:41',246,247,NULL,172,NULL,NULL,NULL,1,6,'GST'),('SykFxvBA-','Processing',NULL,'kim@mailinator.com',NULL,NULL,'stripe','',NULL,'2017-10-31 02:31:19','2017-10-31 02:31:38',70,70,NULL,67,NULL,NULL,NULL,1,6,'GST'),('SyKmPUt0Z','Processing',NULL,'nguyen@mailinator.com',NULL,NULL,'stripe','WELCOME10','[\"121\"]','2017-11-03 02:40:33','2017-11-03 02:41:30',148,148,NULL,112,NULL,NULL,NULL,1,6,'GST'),('SykY1YmAb','Processing',NULL,'quy.thi.nhan@gmail.com',NULL,NULL,'stripe','',NULL,'2017-10-29 16:19:03','2017-10-29 16:19:32',52,52,NULL,NULL,NULL,NULL,NULL,1,7,'GST'),('SylDO_kRb','Processing',NULL,'ly@bonseyjaden.com',NULL,NULL,'stripe','','[\"3\"]','2017-10-26 14:59:36','2017-10-26 15:00:31',2,2,NULL,NULL,NULL,NULL,NULL,1,0,'GST'),('SyLSBI1Rb','Processing',NULL,'ly@bonseyjaden.com',NULL,NULL,'stripe','',NULL,'2017-10-26 12:29:49','2017-10-26 12:30:21',2,2,NULL,NULL,NULL,NULL,NULL,1,0,'GST'),('SyOwVDBRW','Processing',NULL,'bba@mailinator.com',NULL,NULL,'stripe','',NULL,'2017-10-31 02:48:00','2017-10-31 02:48:33',72,72,NULL,65,NULL,NULL,NULL,1,6,'GST'),('SyQLFT6A-','Canceled',NULL,'mervin@bonseyjaden.com','+60123456789','','cash',NULL,NULL,'2017-11-06 11:36:43','2017-11-06 11:39:15',NULL,NULL,NULL,80,2,NULL,NULL,1,6,'GST'),('SyqUF1R0b','Processing',NULL,'lty01@mailinator.com',NULL,NULL,'stripe','',NULL,'2017-11-06 13:53:21','2017-11-06 13:53:33',184,184,NULL,118,NULL,NULL,NULL,1,6,'GST'),('SySB0bQJf','Processing',NULL,'thap@bonseyjaden.com',NULL,NULL,'stripe',NULL,'[\"231\"]','2017-11-10 11:32:13','2017-11-10 11:33:10',126,126,NULL,5,NULL,NULL,NULL,1,6,'GST'),('SytLwIgRb','Processing',NULL,'kimtn129@gmail.copm',NULL,NULL,'stripe','',NULL,'2017-10-27 06:50:56','2017-10-27 06:51:34',23,23,NULL,NULL,NULL,NULL,NULL,1,0,'GST'),('SyV2cVNCb','Completed',NULL,'abc@gmail.com','+6001623906955','abc','cash',NULL,NULL,'2017-10-30 05:37:47','2017-10-30 05:37:47',NULL,NULL,NULL,NULL,1,NULL,NULL,1,6,'GST'),('SyyB0yGCZ','Completed',NULL,'mervin@bonseyjaden.com','+60123456789','','cash',NULL,NULL,'2017-10-28 11:47:02','2017-10-28 11:47:02',NULL,NULL,NULL,NULL,2,NULL,NULL,1,0,'GST'),('SyZ9aHZJM','Completed',NULL,'test1111@gmail.com','+60313131311','','cash',NULL,NULL,'2017-11-09 03:37:45','2017-11-09 03:37:45',NULL,NULL,NULL,170,2,NULL,NULL,1,6,'GST'),('SyZBBryAb','Completed',NULL,'mervin@bonseyjaden.com','+60123456789','','cash',NULL,NULL,'2017-10-26 11:21:29','2017-10-26 11:21:29',NULL,NULL,NULL,NULL,151,NULL,NULL,1,0,'GST'),('SyZmG4gyz','Completed',NULL,'phanmy.vnu@gmail.com','+60343454645','ádd','cash',NULL,NULL,'2017-11-08 07:28:24','2017-11-08 07:28:24',NULL,NULL,NULL,150,2,NULL,NULL,1,6,'GST'),('Sy_PdUY0-','Processing',NULL,'nguyen@mailinator.com',NULL,NULL,'stripe','','[\"122\"]','2017-11-03 02:45:51','2017-11-03 02:46:31',148,148,NULL,112,NULL,NULL,NULL,1,6,'GST'),('Sy_q2CfRW','Processing',NULL,'vzfs@zhcne.com',NULL,NULL,'stripe','',NULL,'2017-10-29 04:44:00','2017-10-29 04:44:54',48,48,NULL,46,NULL,NULL,NULL,1,6,'GST');
/*!40000 ALTER TABLE `Orders` ENABLE KEYS */;
UNLOCK TABLES;

--
-- Table structure for table `PlanCountries`
--

DROP TABLE IF EXISTS `PlanCountries`;
/*!40101 SET @saved_cs_client     = @@character_set_client */;
/*!40101 SET character_set_client = utf8 */;
CREATE TABLE `PlanCountries` (
  `id` int(11) NOT NULL AUTO_INCREMENT,
  `actualPrice` decimal(10,2) NOT NULL,
  `sellPrice` decimal(10,2) NOT NULL,
  `savePercent` decimal(10,2) NOT NULL,
  `isOnline` tinyint(1) DEFAULT '1',
  `isOffline` tinyint(1) DEFAULT '1',
  `createdAt` datetime NOT NULL,
  `updatedAt` datetime NOT NULL,
  `CountryId` int(11) DEFAULT NULL,
  `PlanId` int(11) DEFAULT NULL,
  PRIMARY KEY (`id`),
  KEY `CountryId` (`CountryId`),
  KEY `PlanId` (`PlanId`),
  CONSTRAINT `PlanCountries_ibfk_1` FOREIGN KEY (`CountryId`) REFERENCES `Countries` (`id`) ON DELETE SET NULL ON UPDATE CASCADE,
  CONSTRAINT `PlanCountries_ibfk_2` FOREIGN KEY (`PlanId`) REFERENCES `Plans` (`id`) ON DELETE SET NULL ON UPDATE CASCADE
) ENGINE=InnoDB AUTO_INCREMENT=35 DEFAULT CHARSET=utf8;
/*!40101 SET character_set_client = @saved_cs_client */;

--
-- Dumping data for table `PlanCountries`
--

LOCK TABLES `PlanCountries` WRITE;
/*!40000 ALTER TABLE `PlanCountries` DISABLE KEYS */;
INSERT INTO `PlanCountries` VALUES (1,100.00,108.00,-8.00,1,0,'2017-10-26 11:20:43','2017-11-10 06:07:14',1,1),(2,150.00,156.00,-4.00,1,0,'2017-10-26 11:20:43','2017-11-10 06:38:33',1,2),(3,100.00,108.00,-8.00,1,0,'2017-10-26 11:20:43','2017-11-10 11:07:15',1,3),(4,150.00,156.00,-4.00,1,0,'2017-10-26 11:20:43','2017-11-10 11:07:48',1,4),(5,290.00,300.00,-3.45,1,0,'2017-10-26 11:20:43','2017-11-10 06:19:09',1,5),(6,290.00,300.00,-3.45,1,0,'2017-10-26 11:20:43','2017-11-10 11:08:58',1,6),(7,277.00,277.00,0.00,1,0,'2017-10-26 11:20:43','2017-10-27 08:12:33',1,7),(8,373.00,373.00,0.00,1,0,'2017-10-26 11:20:43','2017-10-27 08:13:07',1,8),(9,40.00,44.00,-10.00,1,0,'2017-10-30 10:30:03','2017-11-10 06:07:14',7,1),(10,60.00,64.00,-6.67,1,0,'2017-10-30 10:31:37','2017-11-10 06:38:33',7,2),(11,110.00,120.00,-9.09,1,0,'2017-10-30 10:32:53','2017-11-10 06:19:09',7,5),(12,40.00,44.00,-10.00,1,0,'2017-10-30 10:56:33','2017-11-10 11:07:15',7,3),(13,60.00,64.00,-6.67,1,0,'2017-10-30 11:00:00','2017-11-10 11:07:48',7,4),(14,110.00,120.00,-9.09,1,0,'2017-10-30 11:04:25','2017-11-10 11:08:58',7,6),(15,230.00,236.00,-2.61,1,0,'2017-10-30 13:50:39','2017-11-10 06:54:03',1,10),(16,230.00,236.00,-2.61,1,0,'2017-10-30 13:53:43','2017-11-10 11:08:27',1,11),(17,80.00,84.00,-5.00,1,0,'2017-10-30 17:00:54','2017-11-10 06:54:03',7,10),(18,80.00,84.00,-5.00,1,0,'2017-10-30 17:02:39','2017-11-10 11:08:27',7,11),(19,100.00,108.00,-8.00,0,1,'2017-11-10 06:27:36','2017-11-10 12:59:32',1,12),(20,40.00,44.00,-10.00,0,1,'2017-11-10 06:27:36','2017-11-10 12:59:32',7,12),(21,150.00,156.00,-4.00,0,1,'2017-11-10 06:38:28','2017-11-10 13:01:45',1,13),(22,60.00,64.00,-6.67,0,1,'2017-11-10 06:38:28','2017-11-10 13:01:45',7,13),(23,290.00,300.00,-3.45,0,1,'2017-11-10 06:41:46','2017-11-10 13:01:18',1,14),(24,110.00,120.00,-9.09,0,1,'2017-11-10 06:41:46','2017-11-10 13:01:18',7,14),(25,230.00,236.00,-2.61,0,1,'2017-11-10 06:44:15','2017-11-10 12:59:57',1,15),(26,80.00,84.00,-5.00,0,1,'2017-11-10 06:44:15','2017-11-10 12:59:57',7,15),(27,290.00,300.00,-3.45,0,1,'2017-11-10 06:56:07','2017-11-10 13:06:45',1,16),(28,110.00,120.00,-9.09,0,1,'2017-11-10 06:56:07','2017-11-10 13:06:45',7,16),(29,100.00,108.00,-8.00,0,1,'2017-11-10 06:58:35','2017-11-10 06:58:35',1,17),(30,40.00,44.00,-10.00,0,1,'2017-11-10 06:58:35','2017-11-10 06:58:35',7,17),(31,150.00,150.00,0.00,0,1,'2017-11-10 07:02:52','2017-11-10 13:10:33',1,18),(32,60.00,64.00,-6.67,0,1,'2017-11-10 07:02:52','2017-11-10 13:10:33',7,18),(33,230.00,236.00,-2.61,0,1,'2017-11-10 07:04:28','2017-11-10 13:07:53',1,19),(34,80.00,84.00,-5.00,0,1,'2017-11-10 07:04:28','2017-11-10 13:07:53',7,19);
/*!40000 ALTER TABLE `PlanCountries` ENABLE KEYS */;
UNLOCK TABLES;

--
-- Table structure for table `PlanDetails`
--

DROP TABLE IF EXISTS `PlanDetails`;
/*!40101 SET @saved_cs_client     = @@character_set_client */;
/*!40101 SET character_set_client = utf8 */;
CREATE TABLE `PlanDetails` (
  `id` int(11) NOT NULL AUTO_INCREMENT,
  `deliverPlan` text NOT NULL,
  `PlanCountryId` int(11) DEFAULT NULL,
  `ProductCountryId` int(11) DEFAULT NULL,
  `SkuId` int(11) DEFAULT NULL,
  PRIMARY KEY (`id`),
  KEY `PlanCountryId` (`PlanCountryId`),
  KEY `ProductCountryId` (`ProductCountryId`),
  KEY `SkuId` (`SkuId`),
  CONSTRAINT `PlanDetails_ibfk_1` FOREIGN KEY (`PlanCountryId`) REFERENCES `PlanCountries` (`id`) ON DELETE SET NULL ON UPDATE CASCADE,
  CONSTRAINT `PlanDetails_ibfk_2` FOREIGN KEY (`ProductCountryId`) REFERENCES `ProductCountries` (`id`) ON DELETE SET NULL ON UPDATE CASCADE,
  CONSTRAINT `PlanDetails_ibfk_3` FOREIGN KEY (`SkuId`) REFERENCES `Skus` (`id`) ON DELETE SET NULL ON UPDATE CASCADE
) ENGINE=InnoDB AUTO_INCREMENT=126 DEFAULT CHARSET=utf8;
/*!40101 SET character_set_client = @saved_cs_client */;

--
-- Dumping data for table `PlanDetails`
--

LOCK TABLES `PlanDetails` WRITE;
/*!40000 ALTER TABLE `PlanDetails` DISABLE KEYS */;
INSERT INTO `PlanDetails` VALUES (1,'{\"1\":1,\"2\":0,\"3\":0,\"4\":0}',1,2,NULL),(2,'{\"1\":\"1\",\"2\":\"1\",\"3\":\"1\",\"4\":\"1\"}',1,3,NULL),(4,'{\"1\":1,\"2\":0,\"3\":0,\"4\":0}',2,2,NULL),(5,'{\"1\":\"1\",\"2\":\"1\",\"3\":\"1\",\"4\":\"1\"}',2,4,NULL),(8,'{\"1\":\"1\",\"2\":\"1\",\"3\":\"1\",\"4\":\"1\"}',3,3,NULL),(10,'{\"1\":1,\"2\":0,\"3\":0,\"4\":0}',4,2,NULL),(11,'{\"1\":\"1\",\"2\":\"1\",\"3\":\"1\",\"4\":\"1\"}',4,4,NULL),(13,'{\"1\":1,\"2\":0,\"3\":0,\"4\":0}',5,7,NULL),(14,'{\"1\":2,\"2\":2,\"3\":2,\"4\":2}',5,8,NULL),(15,'{\"1\":1,\"2\":0,\"3\":0,\"4\":0}',6,7,NULL),(16,'{\"1\":2,\"2\":2,\"3\":2,\"4\":2}',6,8,NULL),(17,'{\"1\":1,\"2\":0,\"3\":0,\"4\":0}',7,2,NULL),(18,'{\"1\":2,\"2\":2,\"3\":2,\"4\":2}',7,3,NULL),(19,'{\"1\":1,\"2\":0,\"3\":0,\"4\":0}',7,10,NULL),(20,'{\"1\":1,\"2\":0,\"3\":0,\"4\":0}',8,2,NULL),(21,'{\"1\":2,\"2\":2,\"3\":2,\"4\":2}',8,4,NULL),(22,'{\"1\":1,\"2\":0,\"3\":0,\"4\":0}',8,10,NULL),(23,'{\"1\":\"1\",\"2\":0,\"3\":0,\"4\":0}',9,2,NULL),(24,'{\"1\":\"1\",\"2\":\"1\",\"3\":\"1\",\"4\":\"1\"}',9,3,NULL),(26,'{\"1\":\"1\",\"2\":0,\"3\":0,\"4\":0}',10,2,NULL),(27,'{\"1\":\"1\",\"2\":\"1\",\"3\":\"1\",\"4\":\"1\"}',10,4,NULL),(29,'{\"1\":\"1\",\"2\":0,\"3\":0,\"4\":0}',11,7,NULL),(30,'{\"1\":\"2\",\"2\":\"2\",\"3\":\"2\",\"4\":\"2\"}',11,8,NULL),(33,'{\"1\":\"1\",\"2\":\"1\",\"3\":\"1\",\"4\":\"1\"}',12,3,NULL),(34,'{\"1\":\"1\",\"2\":0,\"3\":0,\"4\":0}',12,2,NULL),(40,'{\"1\":\"1\",\"2\":0,\"3\":0,\"4\":0}',13,2,NULL),(41,'{\"1\":\"1\",\"2\":\"1\",\"3\":\"1\",\"4\":\"1\"}',13,4,NULL),(45,'{\"1\":\"1\",\"2\":0,\"3\":0,\"4\":0}',14,7,NULL),(46,'{\"1\":\"2\",\"2\":\"2\",\"3\":\"2\",\"4\":\"2\"}',14,8,NULL),(51,'{\"1\":\"1\",\"2\":0,\"3\":0,\"4\":0}',15,2,NULL),(52,'{\"1\":\"1\",\"2\":\"1\",\"3\":\"1\",\"4\":\"1\"}',15,15,NULL),(54,'{\"1\":\"1\",\"2\":0,\"3\":0,\"4\":0}',16,2,NULL),(55,'{\"1\":\"1\",\"2\":\"1\",\"3\":\"1\",\"4\":\"1\"}',16,15,NULL),(57,'{\"1\":\"1\",\"2\":0,\"3\":0,\"4\":0}',17,2,NULL),(59,'{\"1\":\"1\",\"2\":0,\"3\":0,\"4\":0}',18,2,NULL),(69,'{\"1\":\"1\",\"2\":\"1\",\"3\":\"1\",\"4\":\"1\"}',17,15,NULL),(82,'{\"1\":\"1\",\"2\":\"1\",\"3\":\"1\",\"4\":\"1\"}',18,15,NULL),(87,'{\"1\":\"1\",\"2\":0,\"3\":0,\"4\":0}',3,2,NULL),(89,'{\"1\":\"1\",\"2\":0,\"3\":0,\"4\":0}',12,12,NULL),(90,'{\"1\":\"1\",\"2\":0,\"3\":0,\"4\":0}',4,12,NULL),(91,'{\"1\":\"1\",\"2\":0,\"3\":0,\"4\":0}',13,12,NULL),(95,'{\"1\":\"1\",\"2\":0,\"3\":0,\"4\":0}',18,12,NULL),(96,'{\"1\":\"1\",\"2\":0,\"3\":0,\"4\":0}',3,12,NULL),(97,'{\"1\":\"1\",\"2\":0,\"3\":0,\"4\":0}',1,12,NULL),(98,'{\"1\":\"1\",\"2\":0,\"3\":0,\"4\":0}',9,12,NULL),(99,'{\"1\":\"1\",\"2\":0,\"3\":0,\"4\":0}',2,12,NULL),(100,'{\"1\":\"1\",\"2\":0,\"3\":0,\"4\":0}',10,12,NULL),(101,'{\"1\":\"1\",\"2\":0,\"3\":0,\"4\":0}',15,12,NULL),(102,'{\"1\":\"1\",\"2\":0,\"3\":0,\"4\":0}',17,12,NULL),(103,'{\"1\":\"1\",\"2\":0,\"3\":0,\"4\":0}',16,12,NULL),(104,'{\"1\":\"1\",\"2\":\"1\",\"3\":\"1\",\"4\":\"1\"}',19,3,NULL),(105,'{\"1\":\"1\",\"2\":\"1\",\"3\":\"1\",\"4\":\"1\"}',20,3,NULL),(106,'{\"1\":\"1\",\"2\":\"1\",\"3\":\"1\",\"4\":\"1\"}',21,4,NULL),(107,'{\"1\":\"1\",\"2\":\"1\",\"3\":\"1\",\"4\":\"1\"}',22,4,NULL),(108,'{\"1\":\"1\",\"2\":\"1\",\"3\":\"1\",\"4\":\"1\"}',23,8,NULL),(109,'{\"1\":\"1\",\"2\":\"1\",\"3\":\"1\",\"4\":\"1\"}',24,8,NULL),(110,'{\"1\":\"1\",\"2\":\"1\",\"3\":\"1\",\"4\":\"1\"}',25,15,NULL),(111,'{\"1\":\"1\",\"2\":\"1\",\"3\":\"1\",\"4\":\"1\"}',26,15,NULL),(112,'{\"1\":\"1\",\"2\":\"1\",\"3\":\"1\",\"4\":\"1\"}',27,8,NULL),(113,'{\"1\":\"1\",\"2\":\"1\",\"3\":\"1\",\"4\":\"1\"}',28,8,NULL),(114,'{\"1\":\"1\",\"2\":\"1\",\"3\":\"1\",\"4\":\"1\"}',29,3,NULL),(115,'{\"1\":\"1\",\"2\":\"1\",\"3\":\"1\",\"4\":\"1\"}',30,3,NULL),(116,'{\"1\":\"1\",\"2\":\"1\",\"3\":\"1\",\"4\":\"1\"}',31,4,NULL),(118,'{\"1\":\"1\",\"2\":\"1\",\"3\":\"1\",\"4\":\"1\"}',33,15,NULL),(119,'{\"1\":0,\"2\":0,\"3\":0,\"4\":0}',34,15,NULL),(123,'{\"1\":\"1\",\"2\":\"1\",\"3\":\"1\",\"4\":\"1\"}',32,4,NULL);
/*!40000 ALTER TABLE `PlanDetails` ENABLE KEYS */;
UNLOCK TABLES;

--
-- Table structure for table `PlanImages`
--

DROP TABLE IF EXISTS `PlanImages`;
/*!40101 SET @saved_cs_client     = @@character_set_client */;
/*!40101 SET character_set_client = utf8 */;
CREATE TABLE `PlanImages` (
  `id` int(11) NOT NULL AUTO_INCREMENT,
  `url` varchar(200) NOT NULL,
  `isDefault` tinyint(1) DEFAULT '0',
  `PlanId` int(11) DEFAULT NULL,
  PRIMARY KEY (`id`),
  KEY `PlanId` (`PlanId`),
  CONSTRAINT `PlanImages_ibfk_1` FOREIGN KEY (`PlanId`) REFERENCES `Plans` (`id`) ON DELETE SET NULL ON UPDATE CASCADE
) ENGINE=InnoDB AUTO_INCREMENT=46 DEFAULT CHARSET=utf8;
/*!40101 SET character_set_client = @saved_cs_client */;

--
-- Dumping data for table `PlanImages`
--

LOCK TABLES `PlanImages` WRITE;
/*!40000 ALTER TABLE `PlanImages` DISABLE KEYS */;
INSERT INTO `PlanImages` VALUES (1,'https://smart-shaves-development.s3-ap-southeast-1.amazonaws.com/plan-images/c251c480-9d07-11e7-83b9-5d205be3ba1e.jpg',0,1),(3,'https://smart-shaves-development.s3-ap-southeast-1.amazonaws.com/plan-images/c30d4c50-9d07-11e7-83b9-5d205be3ba1e.jpg',0,2),(5,'https://smart-shaves-development.s3-ap-southeast-1.amazonaws.com/plan-images/c251c480-9d07-11e7-83b9-5d205be3ba1e.jpg',0,3),(7,'https://smart-shaves-development.s3-ap-southeast-1.amazonaws.com/plan-images/c30d4c50-9d07-11e7-83b9-5d205be3ba1e.jpg',0,4),(9,'https://smart-shaves-development.s3-ap-southeast-1.amazonaws.com/plan-images/c3bb66a0-9d07-11e7-83b9-5d205be3ba1e.jpg',1,5),(11,'https://smart-shaves-development.s3-ap-southeast-1.amazonaws.com/plan-images/c3bb66a0-9d07-11e7-83b9-5d205be3ba1e.jpg',1,6),(13,'https://smart-shaves-development.s3-ap-southeast-1.amazonaws.com/plan-images/c251c480-9d07-11e7-83b9-5d205be3ba1e.jpg',1,7),(14,'https://smart-shaves-development.s3-ap-southeast-1.amazonaws.com/plan-images/c2b6eef0-9d07-11e7-83b9-5d205be3ba1e.jpg',0,7),(15,'https://smart-shaves-development.s3-ap-southeast-1.amazonaws.com/plan-images/c30d4c50-9d07-11e7-83b9-5d205be3ba1e.jpg',1,8),(16,'https://smart-shaves-development.s3-ap-southeast-1.amazonaws.com/plan-images/c3629840-9d07-11e7-83b9-5d205be3ba1e.jpg',0,8),(18,'https://smart-shaves-development.s3-ap-southeast-1.amazonaws.com/plan-images/49c5afb0-bd5d-11e7-acd5-45893e8ffc91.jpg',0,1),(19,'https://smart-shaves-development.s3-ap-southeast-1.amazonaws.com/plan-images/4a01a740-bd5d-11e7-acd5-45893e8ffc91.jpg',1,1),(20,'https://smart-shaves-development.s3-ap-southeast-1.amazonaws.com/plan-images/827c6c90-bd5d-11e7-acd5-45893e8ffc91.jpg',0,2),(21,'https://smart-shaves-development.s3-ap-southeast-1.amazonaws.com/plan-images/8289b300-bd5d-11e7-acd5-45893e8ffc91.jpg',1,2),(22,'https://smart-shaves-development.s3-ap-southeast-1.amazonaws.com/plan-images/af3b5980-bd5d-11e7-acd5-45893e8ffc91.jpg',0,5),(23,'https://smart-shaves-development.s3-ap-southeast-1.amazonaws.com/plan-images/af53ea90-bd5d-11e7-acd5-45893e8ffc91.jpg',0,5),(24,'https://smart-shaves-development.s3-ap-southeast-1.amazonaws.com/plan-images/2a34f300-bd61-11e7-acd5-45893e8ffc91.jpg',0,3),(25,'https://smart-shaves-development.s3-ap-southeast-1.amazonaws.com/plan-images/7879e020-bd61-11e7-acd5-45893e8ffc91.jpg',0,4),(26,'https://smart-shaves-development.s3-ap-southeast-1.amazonaws.com/plan-images/788db640-bd61-11e7-acd5-45893e8ffc91.jpg',1,4),(27,'https://smart-shaves-development.s3-ap-southeast-1.amazonaws.com/plan-images/c9fc6c10-bd61-11e7-acd5-45893e8ffc91.jpg',1,3),(28,'https://smart-shaves-development.s3-ap-southeast-1.amazonaws.com/plan-images/171bc4f0-bd62-11e7-acd5-45893e8ffc91.jpg',0,6),(29,'https://smart-shaves-development.s3-ap-southeast-1.amazonaws.com/plan-images/1729a7a0-bd62-11e7-acd5-45893e8ffc91.jpg',0,6),(30,'https://smart-shaves-development.s3-ap-southeast-1.amazonaws.com/plan-panel/4fe3a160-bd79-11e7-bce4-2706e4b6d49b.jpg',0,10),(32,'https://smart-shaves-development.s3-ap-southeast-1.amazonaws.com/plan-panel/be126ae0-bd79-11e7-bce4-2706e4b6d49b.jpg',0,11),(34,'https://smart-shaves-development.s3-ap-southeast-1.amazonaws.com/plan-images/e3d5a0c0-bd93-11e7-bce4-2706e4b6d49b.jpg',0,10),(35,'https://smart-shaves-development.s3-ap-southeast-1.amazonaws.com/plan-images/e3f44c50-bd93-11e7-bce4-2706e4b6d49b.png',1,10),(36,'https://smart-shaves-development.s3-ap-southeast-1.amazonaws.com/plan-images/225c8e30-bd94-11e7-bce4-2706e4b6d49b.jpg',0,11),(37,'https://smart-shaves-development.s3-ap-southeast-1.amazonaws.com/plan-images/227b39c0-bd94-11e7-bce4-2706e4b6d49b.png',1,11),(38,'https://smart-shaves-development.s3-ap-southeast-1.amazonaws.com/plan-panel/3e0a5460-c5e0-11e7-8b68-cb773fa2417a.jpg',1,12),(39,'https://smart-shaves-development.s3-ap-southeast-1.amazonaws.com/plan-panel/c2b736f0-c5e1-11e7-8b68-cb773fa2417a.jpg',1,13),(40,'https://smart-shaves-development.s3-ap-southeast-1.amazonaws.com/plan-panel/39002100-c5e2-11e7-8b68-cb773fa2417a.jpg',1,14),(41,'https://smart-shaves-development.s3-ap-southeast-1.amazonaws.com/plan-panel/919c9b90-c5e2-11e7-8b68-cb773fa2417a.png',1,15),(42,'https://smart-shaves-development.s3-ap-southeast-1.amazonaws.com/plan-panel/39e761d0-c5e4-11e7-8b68-cb773fa2417a.jpg',1,16),(43,'https://smart-shaves-development.s3-ap-southeast-1.amazonaws.com/plan-panel/9204c150-c5e4-11e7-b0c0-6f48f504f63b.jpg',1,17),(44,'https://smart-shaves-development.s3-ap-southeast-1.amazonaws.com/plan-panel/2b8a8350-c5e5-11e7-b0c0-6f48f504f63b.jpg',1,18),(45,'https://smart-shaves-development.s3-ap-southeast-1.amazonaws.com/plan-panel/64ca1f40-c5e5-11e7-b0c0-6f48f504f63b.png',1,19);
/*!40000 ALTER TABLE `PlanImages` ENABLE KEYS */;
UNLOCK TABLES;

--
-- Table structure for table `PlanTranslates`
--

DROP TABLE IF EXISTS `PlanTranslates`;
/*!40101 SET @saved_cs_client     = @@character_set_client */;
/*!40101 SET character_set_client = utf8 */;
CREATE TABLE `PlanTranslates` (
  `id` int(11) NOT NULL AUTO_INCREMENT,
  `name` varchar(50) NOT NULL,
  `description` text NOT NULL,
  `shortDescription` varchar(200) DEFAULT NULL,
  `langCode` varchar(2) NOT NULL,
  `PlanId` int(11) DEFAULT NULL,
  PRIMARY KEY (`id`),
  KEY `PlanId` (`PlanId`),
  CONSTRAINT `PlanTranslates_ibfk_1` FOREIGN KEY (`PlanId`) REFERENCES `Plans` (`id`) ON DELETE SET NULL ON UPDATE CASCADE
) ENGINE=InnoDB AUTO_INCREMENT=19 DEFAULT CHARSET=utf8;
/*!40101 SET character_set_client = @saved_cs_client */;

--
-- Dumping data for table `PlanTranslates`
--

LOCK TABLES `PlanTranslates` WRITE;
/*!40000 ALTER TABLE `PlanTranslates` DISABLE KEYS */;
INSERT INTO `PlanTranslates` VALUES (1,'S3 - Annual','#### First delivery\r\n- 1 x S3 Cartridge Pack \r\n- 1 x Men\'s Premium Handle\r\n- 1 x After Shave Cream 150 ml\r\n\r\n#### Subsequent delivery\r\n- 1 x S3 Cartridge Pack \r\n ','First delivery: 1 X Cartridge Pack, Premium Handle & After Shave Cream.\r\nSubsequent delivery: 1 X Cartridge Pack. ','EN',1),(2,'S5 - Annual','#### First delivery\r\n- 1 x S5 Cartridge Pack \r\n- 1 x Men\'s Premium Handle\r\n- 1 x After Shave Cream 150 ml\r\n\r\n#### Subsequent delivery\r\n- 1 x S5 Cartridge Pack \r\n ','First delivery: 1 X Cartridge Pack, Premium Handle & After Shave Cream.\r\nSubsequent delivery: 1 X Cartridge Pack. ','EN',2),(3,'S3 - Quarterly','#### First delivery\r\n- 1 x S3 Cartridge Pack \r\n- 1 x Men\'s Premium Handle\r\n- 1 x After Shave Cream 150 ml\r\n\r\n#### Subsequent delivery\r\n- 1 x S3 Cartridge Pack ','First delivery: 1 X Cartridge Pack, Premium Handle & After Shave Cream.\r\nSubsequent delivery: 1 X Cartridge Pack. ','EN',3),(4,'S5 - Quarterly','#### First delivery\r\n- 1 x S5 Cartridge Pack \r\n- 1 x Men\'s Premium Handle\r\n- 1 x After Shave Cream 150 ml\r\n\r\n#### Subsequent delivery\r\n- 1 x S5 Cartridge Pack ','First delivery: 1 X Cartridge Pack, Premium Handle & After Shave Cream.\r\nSubsequent delivery: 1 X Cartridge Pack. ','EN',4),(5,'F5 - Annual','#### First delivery\r\n- 2 x F5 Cartridge Pack \r\n- High quality handle\r\n\r\n#### Subsequent delivery\r\n- 2 x F5 Cartridge Pack ','First delivery: 2 X Cartridge Packs & complimentary handle.\r\nSubsequent delivery: 2 X Cartridge Packs. ','EN',5),(6,'F5 - Quarterly','#### First delivery\r\n- 2 x F5 Cartridge Packs \r\n- High quality handle\r\n\r\n#### Subsequent delivery\r\n- 2 x F5 Cartridge Packs ','First delivery: 2 X Cartridge Packs & complimentary handle.\r\nSubsequent delivery: 2 X Cartridge Packs. ','EN',6),(7,'S3 - Monthly','- RM277 per annum (12 payments of RM23.1 every quarter).\r\n - 4 deliveries / year.\r\n - First delivery: 2 X S3 Cartridge Pack (8 Cartridges), FREE one Premium Handle and one can of Shaving Foam.\r\n - Subsequent deliveries: 2 X S3 Cartridge Pack.\r\n - FREE delivery.\r\n - Credit card is required. \r\n Normal cost: RM277',NULL,'EN',7),(8,'S5 - Monthly','- RM373 per annum (12 payments of RM31.1 every month).\r\n - 4 deliveries / year.\r\n - First delivery: 2 X S5 Cartridge Pack (8 Cartridges), FREE one Premium Handle and one can of Shaving Foam.\r\n - Subsequent deliveries: 2 X S5 Cartridge Pack.\r\n - FREE delivery.\r\n - Credit card is required. \r\n Normal cost: RM373',NULL,'EN',8),(9,'S6 - Annual','#### First delivery\r\n- 1 x S6 Cartridge Pack \r\n- 1 x Men\'s Premium Handle\r\n- 1 x After Shave Cream 150 ml\r\n\r\n#### Subsequent delivery\r\n- 1 x S6 Cartridge Pack ','First delivery: 1 X Cartridge Pack, Premium Handle & After Shave Cream.\r\nSubsequent delivery: 1 X Cartridge Pack. ','EN',10),(10,'S6 - Quarterly','#### First delivery\r\n- 1 x S6 Cartridge Pack \r\n- 1 x Men\'s Premium Handle\r\n- 1 x After Shave Cream 150 ml\r\n\r\n#### Subsequent delivery\r\n- 1 x S6 Cartridge Pack','First delivery: 1 X Cartridge Pack, Premium Handle & After Shave Cream.\r\nSubsequent delivery: 1 X Cartridge Pack.','EN',11),(11,'S3 - Annual','#### Every 3 months delivery\r\n- 1 x S3 Cartridge Pack ','Delivery: 1 X Cartridge Pack.','EN',12),(12,'S5 - Annual','#### Every 3 months delivery\r\n- 1 x S5 Cartridge Pack ','Delivery: 1 X Cartridge Pack. ','EN',13),(13,'F5 - Annual','#### Every 3 months delivery\r\n- 1 x F5 Cartridge Pack ','Delivery: 1 X Cartridge Pack. ','EN',14),(14,'S6 - Annual','#### Every 3 months delivery\r\n- 1 x S6 Cartridge Pack ','Delivery: 1 X Cartridge Pack. ','EN',15),(15,'F5 - Quarterly','#### Every 3 months delivery\r\n- 1 x F5 Cartridge Pack','Delivery: 1 X Cartridge Pack.','EN',16),(16,'S3 - Quarterly','#### Every 3 months delivery\r\n- 1 x S3 Cartridge Pack ','Delivery: 1 X Cartridge Pack.','EN',17),(17,'S5 - Quarterly','#### Every 3 months delivery\r\n- 1 x S5 Cartridge Pack ','Delivery: 1 X Cartridge Pack. ','EN',18),(18,'S6 - Quarterly','#### Every 3 months delivery\r\n- 1 x S6 Cartridge Pack','Delivery: 1 X Cartridge Pack.','EN',19);
/*!40000 ALTER TABLE `PlanTranslates` ENABLE KEYS */;
UNLOCK TABLES;

--
-- Table structure for table `PlanTypes`
--

DROP TABLE IF EXISTS `PlanTypes`;
/*!40101 SET @saved_cs_client     = @@character_set_client */;
/*!40101 SET character_set_client = utf8 */;
CREATE TABLE `PlanTypes` (
  `id` int(11) NOT NULL AUTO_INCREMENT,
  `name` varchar(50) NOT NULL,
  `totalDeliverTimes` int(11) DEFAULT '4',
  `subsequentDeliverDuration` varchar(10) DEFAULT '1 months',
  `totalChargeTimes` int(11) DEFAULT '1',
  `subsequentChargeDuration` varchar(10) DEFAULT '1 months',
  `prefix` varchar(10) NOT NULL DEFAULT '',
  `order` int(11) DEFAULT '0',
  PRIMARY KEY (`id`),
  UNIQUE KEY `name` (`name`),
  UNIQUE KEY `PlanTypes_name_unique` (`name`)
) ENGINE=InnoDB AUTO_INCREMENT=4 DEFAULT CHARSET=utf8;
/*!40101 SET character_set_client = @saved_cs_client */;

--
-- Dumping data for table `PlanTypes`
--

LOCK TABLES `PlanTypes` WRITE;
/*!40000 ALTER TABLE `PlanTypes` DISABLE KEYS */;
INSERT INTO `PlanTypes` VALUES (1,'Annual',4,'3 months',1,'12 months','Y-Sub-',0),(2,'Quarterly',4,'3 months',4,'3 months','Sub-',0),(3,'Monthly',4,'3 months',12,'1 months','M-Sub-',0);
/*!40000 ALTER TABLE `PlanTypes` ENABLE KEYS */;
UNLOCK TABLES;

--
-- Table structure for table `Plans`
--

DROP TABLE IF EXISTS `Plans`;
/*!40101 SET @saved_cs_client     = @@character_set_client */;
/*!40101 SET character_set_client = utf8 */;
CREATE TABLE `Plans` (
  `id` int(11) NOT NULL AUTO_INCREMENT,
  `sku` varchar(50) NOT NULL,
  `rating` int(11) DEFAULT '0',
  `isFeatured` tinyint(1) DEFAULT '0',
  `status` enum('active','removed') NOT NULL DEFAULT 'active',
  `createdAt` datetime NOT NULL,
  `updatedAt` datetime NOT NULL,
  `PlanTypeId` int(11) DEFAULT NULL,
  `order` int(11) DEFAULT '0',
  PRIMARY KEY (`id`),
  UNIQUE KEY `sku` (`sku`),
  UNIQUE KEY `Plans_sku_unique` (`sku`),
  KEY `PlanTypeId` (`PlanTypeId`),
  CONSTRAINT `Plans_ibfk_1` FOREIGN KEY (`PlanTypeId`) REFERENCES `PlanTypes` (`id`) ON DELETE SET NULL ON UPDATE CASCADE
) ENGINE=InnoDB AUTO_INCREMENT=20 DEFAULT CHARSET=utf8;
/*!40101 SET character_set_client = @saved_cs_client */;

--
-- Dumping data for table `Plans`
--

LOCK TABLES `Plans` WRITE;
/*!40000 ALTER TABLE `Plans` DISABLE KEYS */;
INSERT INTO `Plans` VALUES (1,'Y-Sub-S3',0,0,'active','2017-10-26 11:20:43','2017-11-10 06:07:14',1,5),(2,'Y-Sub-S5',0,0,'active','2017-10-26 11:20:43','2017-11-10 06:38:33',1,8),(3,'Sub-S3',0,0,'active','2017-10-26 11:20:43','2017-11-10 11:07:14',2,4),(4,'Sub-S5',0,0,'active','2017-10-26 11:20:43','2017-11-10 11:07:48',2,7),(5,'Y-Sub-F5',0,0,'active','2017-10-26 11:20:43','2017-11-10 06:19:09',1,2),(6,'Sub-F5',0,0,'active','2017-10-26 11:20:43','2017-11-10 11:08:58',2,1),(7,'M-Sub-S3',0,0,'removed','2017-10-26 11:20:43','2017-10-28 14:25:47',3,0),(8,'M-Sub-S5',0,0,'removed','2017-10-26 11:20:43','2017-10-28 14:25:52',3,0),(10,'Y-Sub-S6',0,0,'active','2017-10-30 13:50:39','2017-11-10 06:54:03',1,10),(11,'Sub-S6',0,0,'active','2017-10-30 13:53:43','2017-11-10 11:08:27',2,9),(12,'Y-Sub-S3F',0,0,'active','2017-11-10 06:27:36','2017-11-10 12:59:32',1,11),(13,'Y-Sub-S5F',0,0,'active','2017-11-10 06:38:28','2017-11-10 13:01:45',1,10),(14,'Y-Sub-F5F',0,0,'active','2017-11-10 06:41:46','2017-11-10 13:01:18',1,1),(15,'Y-Sub-S6F',0,0,'active','2017-11-10 06:44:15','2017-11-10 12:59:57',1,9),(16,'Sub-F5F',0,0,'active','2017-11-10 06:56:07','2017-11-10 13:06:45',2,18),(17,'Sub-S3F',0,0,'active','2017-11-10 06:58:35','2017-11-10 06:58:35',2,0),(18,'Sub-S5F',0,0,'active','2017-11-10 07:02:52','2017-11-10 13:10:33',2,8),(19,'Sub-S6F',0,0,'active','2017-11-10 07:04:28','2017-11-10 13:07:53',2,15);
/*!40000 ALTER TABLE `Plans` ENABLE KEYS */;
UNLOCK TABLES;

--
-- Table structure for table `ProductCountries`
--

DROP TABLE IF EXISTS `ProductCountries`;
/*!40101 SET @saved_cs_client     = @@character_set_client */;
/*!40101 SET character_set_client = utf8 */;
CREATE TABLE `ProductCountries` (
  `id` int(11) NOT NULL AUTO_INCREMENT,
  `basedPrice` decimal(10,2) NOT NULL,
  `sellPrice` decimal(10,2) NOT NULL,
  `qty` int(11) DEFAULT '0',
  `maxQty` int(11) DEFAULT '0',
  `isOnline` tinyint(1) DEFAULT '1',
  `isOffline` tinyint(1) DEFAULT '1',
  `createdAt` datetime NOT NULL,
  `updatedAt` datetime NOT NULL,
  `CountryId` int(11) DEFAULT NULL,
  `ProductId` int(11) DEFAULT NULL,
  PRIMARY KEY (`id`),
  KEY `CountryId` (`CountryId`),
  KEY `ProductId` (`ProductId`),
  CONSTRAINT `ProductCountries_ibfk_1` FOREIGN KEY (`CountryId`) REFERENCES `Countries` (`id`) ON DELETE SET NULL ON UPDATE CASCADE,
  CONSTRAINT `ProductCountries_ibfk_2` FOREIGN KEY (`ProductId`) REFERENCES `Products` (`id`) ON DELETE SET NULL ON UPDATE CASCADE
) ENGINE=InnoDB AUTO_INCREMENT=32 DEFAULT CHARSET=utf8;
/*!40101 SET character_set_client = @saved_cs_client */;

--
-- Dumping data for table `ProductCountries`
--

LOCK TABLES `ProductCountries` WRITE;
/*!40000 ALTER TABLE `ProductCountries` DISABLE KEYS */;
INSERT INTO `ProductCountries` VALUES (1,16.00,18.00,9869,10000,1,1,'2017-10-26 11:20:43','2017-11-10 17:13:31',1,1),(2,10.00,13.00,9939,10000,1,1,'2017-10-26 11:20:43','2017-11-10 12:14:17',1,2),(3,25.00,27.00,9970,10000,1,1,'2017-10-26 11:20:43','2017-11-10 02:51:35',1,3),(4,30.00,39.00,9442,10000,1,1,'2017-10-26 11:20:43','2017-11-10 12:16:25',1,4),(5,109.00,109.00,9915,10000,1,1,'2017-10-26 11:20:43','2017-11-11 02:02:15',1,5),(6,15.00,18.00,9921,10000,1,1,'2017-10-26 11:20:43','2017-11-10 17:14:00',1,6),(7,10.00,13.00,9965,10000,1,1,'2017-10-26 11:20:43','2017-11-10 12:46:10',1,7),(8,40.00,45.00,78,200,1,1,'2017-10-26 11:20:43','2017-11-10 12:49:38',1,8),(9,10.00,12.00,9995,10000,1,1,'2017-10-26 11:20:43','2017-11-10 12:55:33',1,9),(10,20.00,22.00,9993,10000,1,1,'2017-10-26 11:20:43','2017-11-10 12:55:58',1,10),(11,20.00,22.00,95,200,1,1,'2017-10-26 11:20:43','2017-11-10 12:56:22',1,11),(12,15.00,17.00,33,200,1,1,'2017-10-26 11:20:43','2017-11-10 12:56:58',1,12),(13,17.00,19.00,48,2000,1,1,'2017-10-26 11:20:43','2017-11-10 12:46:47',1,13),(14,9.00,10.00,179,1000,1,1,'2017-10-27 07:08:05','2017-11-10 12:14:17',7,2),(15,57.00,59.00,190,1000,1,1,'2017-10-27 07:39:44','2017-11-10 12:50:23',1,14),(16,45.00,49.00,47,1000,1,1,'2017-10-30 01:44:40','2017-11-10 14:57:39',7,5),(17,8.00,10.00,186,500,1,1,'2017-10-30 01:48:34','2017-11-10 12:46:10',7,7),(18,12.00,14.00,141,700,1,1,'2017-10-30 01:49:16','2017-11-10 12:46:47',7,13),(19,10.00,11.00,200,800,1,1,'2017-10-30 01:54:07','2017-11-10 02:51:35',7,3),(20,14.00,16.00,80,200,1,1,'2017-10-30 01:56:31','2017-11-10 12:49:38',7,8),(21,14.00,16.00,300,1000,1,1,'2017-10-30 01:57:27','2017-11-10 12:16:25',7,4),(22,3.00,4.00,100,200,1,1,'2017-10-30 01:59:14','2017-11-10 12:55:33',7,9),(23,7.00,8.00,100,200,1,1,'2017-10-30 01:59:56','2017-11-10 12:55:58',7,10),(24,7.00,8.00,90,200,1,1,'2017-10-30 02:00:32','2017-11-10 12:56:22',7,11),(25,5.00,6.00,97,200,1,1,'2017-10-30 02:01:08','2017-11-10 12:56:58',7,12),(26,16.00,21.00,199,1000,1,1,'2017-10-30 17:14:07','2017-11-10 12:50:23',7,14),(27,1.00,1.00,991,1000,1,0,'2017-10-31 13:23:29','2017-11-09 08:12:27',1,19),(28,11.00,15.00,8991,10,1,1,'2017-11-10 08:20:58','2017-11-10 12:58:05',1,20),(29,5.00,6.00,9000,10,1,1,'2017-11-10 08:20:58','2017-11-10 12:58:05',7,20),(30,14.00,14.00,99999,10000,1,0,'2017-11-10 13:50:06','2017-11-10 17:13:31',7,1),(31,12.00,14.00,9999,10,1,0,'2017-11-10 17:08:51','2017-11-10 17:14:00',7,6);
/*!40000 ALTER TABLE `ProductCountries` ENABLE KEYS */;
UNLOCK TABLES;

--
-- Table structure for table `ProductDetails`
--

DROP TABLE IF EXISTS `ProductDetails`;
/*!40101 SET @saved_cs_client     = @@character_set_client */;
/*!40101 SET character_set_client = utf8 */;
CREATE TABLE `ProductDetails` (
  `id` int(11) NOT NULL AUTO_INCREMENT,
  `type` enum('left','center','right') DEFAULT 'center',
  `imageUrl` varchar(200) NOT NULL,
  `title` text,
  `details` text,
  `langCode` varchar(2) NOT NULL,
  `ProductId` int(11) DEFAULT NULL,
  PRIMARY KEY (`id`),
  KEY `ProductId` (`ProductId`),
  CONSTRAINT `ProductDetails_ibfk_1` FOREIGN KEY (`ProductId`) REFERENCES `Products` (`id`) ON DELETE SET NULL ON UPDATE CASCADE
) ENGINE=InnoDB AUTO_INCREMENT=18 DEFAULT CHARSET=utf8;
/*!40101 SET character_set_client = @saved_cs_client */;

--
-- Dumping data for table `ProductDetails`
--

LOCK TABLES `ProductDetails` WRITE;
/*!40000 ALTER TABLE `ProductDetails` DISABLE KEYS */;
INSERT INTO `ProductDetails` VALUES (2,'center','','','','EN',1),(3,'center','','','','EN',2),(4,'center','','','','EN',3),(5,'center','','','','EN',4),(6,'center','','','','EN',5),(7,'center','','','','EN',6),(8,'center','','','','EN',8),(9,'center','','','','EN',9),(10,'center','','','','EN',14),(11,'center','','','','EN',10),(12,'center','','','','EN',11),(13,'center','','','','EN',12),(14,'center','','','','EN',13),(15,'center','','','','EN',7),(16,'center','','','','EN',19),(17,'center','','','','EN',20);
/*!40000 ALTER TABLE `ProductDetails` ENABLE KEYS */;
UNLOCK TABLES;

--
-- Table structure for table `ProductImages`
--

DROP TABLE IF EXISTS `ProductImages`;
/*!40101 SET @saved_cs_client     = @@character_set_client */;
/*!40101 SET character_set_client = utf8 */;
CREATE TABLE `ProductImages` (
  `id` int(11) NOT NULL AUTO_INCREMENT,
  `url` varchar(200) NOT NULL,
  `isDefault` tinyint(1) DEFAULT '0',
  `ProductId` int(11) DEFAULT NULL,
  PRIMARY KEY (`id`),
  KEY `ProductId` (`ProductId`),
  CONSTRAINT `ProductImages_ibfk_1` FOREIGN KEY (`ProductId`) REFERENCES `Products` (`id`) ON DELETE SET NULL ON UPDATE CASCADE
) ENGINE=InnoDB AUTO_INCREMENT=85 DEFAULT CHARSET=utf8;
/*!40101 SET character_set_client = @saved_cs_client */;

--
-- Dumping data for table `ProductImages`
--

LOCK TABLES `ProductImages` WRITE;
/*!40000 ALTER TABLE `ProductImages` DISABLE KEYS */;
INSERT INTO `ProductImages` VALUES (6,'https://smart-shaves-development.s3-ap-southeast-1.amazonaws.com/product-images/01f32100-8ec2-11e7-a8fb-db47f621c82a.jpg',0,3),(7,'https://smart-shaves-development.s3-ap-southeast-1.amazonaws.com/product-images/05564930-8ec2-11e7-a8fb-db47f621c82a.jpg',1,3),(8,'https://smart-shaves-development.s3-ap-southeast-1.amazonaws.com/product-images/08738ec0-8ec2-11e7-a8fb-db47f621c82a.jpg',0,3),(10,'https://smart-shaves-development.s3-ap-southeast-1.amazonaws.com/product-images/0ffdf270-8ec2-11e7-a8fb-db47f621c82a.jpg',1,4),(21,'https://smart-shaves-development.s3-ap-southeast-1.amazonaws.com/product-images/33bca490-8ec2-11e7-a8fb-db47f621c82a.jpg',1,8),(42,'https://smart-shaves-development.s3-ap-southeast-1.amazonaws.com/product-images/6a097230-be29-11e7-bbe1-138a1fe540a4.png',1,14),(43,'https://smart-shaves-development.s3-ap-southeast-1.amazonaws.com/product-images/aebb26c0-be3e-11e7-9e83-a9fbe7ab0c0a.png',1,19),(47,'https://smart-shaves-development.s3-ap-southeast-1.amazonaws.com/product-images/d3f8b370-c60f-11e7-98a9-4531b410bb47.png',0,5),(50,'https://smart-shaves-development.s3-ap-southeast-1.amazonaws.com/product-images/20ce3210-c610-11e7-98a9-4531b410bb47.png',1,2),(51,'https://smart-shaves-development.s3-ap-southeast-1.amazonaws.com/product-images/20e78670-c610-11e7-98a9-4531b410bb47.png',0,2),(52,'https://smart-shaves-development.s3-ap-southeast-1.amazonaws.com/product-images/20f2aa00-c610-11e7-98a9-4531b410bb47.png',0,2),(54,'https://smart-shaves-development.s3-ap-southeast-1.amazonaws.com/product-images/e1c797e0-c610-11e7-98a9-4531b410bb47.png',0,4),(55,'https://smart-shaves-development.s3-ap-southeast-1.amazonaws.com/product-images/e1d63de0-c610-11e7-98a9-4531b410bb47.png',0,4),(58,'https://smart-shaves-development.s3-ap-southeast-1.amazonaws.com/product-images/19961ad0-c615-11e7-8020-836884d9c08a.png',1,7),(59,'https://smart-shaves-development.s3-ap-southeast-1.amazonaws.com/product-images/19c34550-c615-11e7-8020-836884d9c08a.png',0,7),(60,'https://smart-shaves-development.s3-ap-southeast-1.amazonaws.com/product-images/19e79630-c615-11e7-8020-836884d9c08a.png',0,7),(61,'https://smart-shaves-development.s3-ap-southeast-1.amazonaws.com/product-images/2ee28720-c615-11e7-8020-836884d9c08a.png',1,13),(62,'https://smart-shaves-development.s3-ap-southeast-1.amazonaws.com/product-images/2eefa680-c615-11e7-8020-836884d9c08a.png',0,13),(63,'https://smart-shaves-development.s3-ap-southeast-1.amazonaws.com/product-images/2ef795c0-c615-11e7-8020-836884d9c08a.png',0,13),(64,'https://smart-shaves-development.s3-ap-southeast-1.amazonaws.com/product-images/2f11d480-c615-11e7-8020-836884d9c08a.png',0,13),(65,'https://smart-shaves-development.s3-ap-southeast-1.amazonaws.com/product-images/9c7b0410-c615-11e7-8020-836884d9c08a.png',0,8),(66,'https://smart-shaves-development.s3-ap-southeast-1.amazonaws.com/product-images/9cc4de50-c615-11e7-8020-836884d9c08a.png',0,8),(67,'https://smart-shaves-development.s3-ap-southeast-1.amazonaws.com/product-images/b7c1be30-c615-11e7-8020-836884d9c08a.png',0,14),(68,'https://smart-shaves-development.s3-ap-southeast-1.amazonaws.com/product-images/b7d2fc40-c615-11e7-8020-836884d9c08a.png',0,14),(69,'https://smart-shaves-development.s3-ap-southeast-1.amazonaws.com/product-images/69882640-c616-11e7-8020-836884d9c08a.png',1,9),(70,'https://smart-shaves-development.s3-ap-southeast-1.amazonaws.com/product-images/699a9cd0-c616-11e7-8020-836884d9c08a.png',0,9),(71,'https://smart-shaves-development.s3-ap-southeast-1.amazonaws.com/product-images/6a0bfc40-c616-11e7-8020-836884d9c08a.png',0,9),(72,'https://smart-shaves-development.s3-ap-southeast-1.amazonaws.com/product-images/798b9360-c616-11e7-8020-836884d9c08a.png',1,10),(73,'https://smart-shaves-development.s3-ap-southeast-1.amazonaws.com/product-images/87a1af70-c616-11e7-8020-836884d9c08a.png',1,11),(74,'https://smart-shaves-development.s3-ap-southeast-1.amazonaws.com/product-images/9c5d2660-c616-11e7-8020-836884d9c08a.png',1,12),(75,'https://smart-shaves-development.s3-ap-southeast-1.amazonaws.com/product-images/9c731f60-c616-11e7-8020-836884d9c08a.png',0,12),(76,'https://smart-shaves-development.s3-ap-southeast-1.amazonaws.com/product-images/c4e96620-c616-11e7-8020-836884d9c08a.png',1,20),(78,'https://smart-shaves-development.s3-ap-southeast-1.amazonaws.com/product-images/7e9aae20-c627-11e7-8020-836884d9c08a.png',1,5),(79,'https://smart-shaves-development.s3-ap-southeast-1.amazonaws.com/product-images/7eaa1770-c627-11e7-8020-836884d9c08a.png',0,5),(80,'https://smart-shaves-development.s3-ap-southeast-1.amazonaws.com/product-images/7ef8aca0-c627-11e7-8020-836884d9c08a.png',0,5),(81,'https://smart-shaves-development.s3-ap-southeast-1.amazonaws.com/product-images/759855d0-c63a-11e7-8020-836884d9c08a.png',1,1),(82,'https://smart-shaves-development.s3-ap-southeast-1.amazonaws.com/product-images/75b071b0-c63a-11e7-8020-836884d9c08a.png',0,1),(83,'https://smart-shaves-development.s3-ap-southeast-1.amazonaws.com/product-images/857d6580-c63a-11e7-8020-836884d9c08a.png',1,6),(84,'https://smart-shaves-development.s3-ap-southeast-1.amazonaws.com/product-images/8588b020-c63a-11e7-8020-836884d9c08a.png',0,6);
/*!40000 ALTER TABLE `ProductImages` ENABLE KEYS */;
UNLOCK TABLES;

--
-- Table structure for table `ProductReviews`
--

DROP TABLE IF EXISTS `ProductReviews`;
/*!40101 SET @saved_cs_client     = @@character_set_client */;
/*!40101 SET character_set_client = utf8 */;
CREATE TABLE `ProductReviews` (
  `id` int(11) NOT NULL AUTO_INCREMENT,
  `comment` text NOT NULL,
  `rating` int(11) DEFAULT '0',
  `createdAt` datetime NOT NULL,
  `updatedAt` datetime NOT NULL,
  `ProductId` int(11) DEFAULT NULL,
  PRIMARY KEY (`id`),
  KEY `ProductId` (`ProductId`),
  CONSTRAINT `ProductReviews_ibfk_1` FOREIGN KEY (`ProductId`) REFERENCES `Products` (`id`) ON DELETE SET NULL ON UPDATE CASCADE
) ENGINE=InnoDB DEFAULT CHARSET=utf8;
/*!40101 SET character_set_client = @saved_cs_client */;

--
-- Dumping data for table `ProductReviews`
--

LOCK TABLES `ProductReviews` WRITE;
/*!40000 ALTER TABLE `ProductReviews` DISABLE KEYS */;
/*!40000 ALTER TABLE `ProductReviews` ENABLE KEYS */;
UNLOCK TABLES;

--
-- Table structure for table `ProductTranslates`
--

DROP TABLE IF EXISTS `ProductTranslates`;
/*!40101 SET @saved_cs_client     = @@character_set_client */;
/*!40101 SET character_set_client = utf8 */;
CREATE TABLE `ProductTranslates` (
  `id` int(11) NOT NULL AUTO_INCREMENT,
  `name` varchar(30) NOT NULL,
  `description` text NOT NULL,
  `shortDescription` varchar(200) DEFAULT NULL,
  `langCode` varchar(2) NOT NULL,
  `ProductId` int(11) DEFAULT NULL,
  PRIMARY KEY (`id`),
  KEY `ProductId` (`ProductId`),
  CONSTRAINT `ProductTranslates_ibfk_1` FOREIGN KEY (`ProductId`) REFERENCES `Products` (`id`) ON DELETE SET NULL ON UPDATE CASCADE
) ENGINE=InnoDB AUTO_INCREMENT=17 DEFAULT CHARSET=utf8;
/*!40101 SET character_set_client = @saved_cs_client */;

--
-- Dumping data for table `ProductTranslates`
--

LOCK TABLES `ProductTranslates` WRITE;
/*!40000 ALTER TABLE `ProductTranslates` DISABLE KEYS */;
INSERT INTO `ProductTranslates` VALUES (1,'Men’s Starter Pack','Find your favourite shave\r\n\r\nTry out both the 3 and 5-blade cartridges to see which suits you better.\r\n \r\nStarter Pack includes:\r\n\r\n• 1x Men\'s Premium Handle \r\n• 1x Men’s 3-Blade Cartridge\r\n• 1x Men’s 5-Blade Cartridge','Starter Pack comes with a premium handle & 2 types of cartridges.','EN',1),(2,'Men\'s Premium Handle','Beautifully crafted metal handle.\r\n\r\n• Fits all Shaves2U cartridges (3, 5, or 6-blade)\r\n• Soft rubberised grip with precise balance and great heft\r\n• Striking chrome finish','Soft rubberised handle that fits all Shaves2U cartridges.','EN',2),(3,'Men’s 3-Blade Cartridge Pack','Razor sharp yet affordable.\r\n• 3-blade razor with aloe vera lubricating strip\r\n• 1 cartridge pack includes 4 cartridges\r\n• Ceramic-coated blades for cleaner and crisper shaves\r\n• Open-blade architecture design for easy rinsing and no clogging','1 cartridge pack includes 4 x 3-blade razor cartridges.','EN',3),(4,'Men’s 5-Blade Cartridge Pack','The more blades the merrier.\r\n• 5-blade razor with aloe vera lubricating strip\r\n• 1 cartridge pack includes 4 cartridges\r\n• Ceramic-coated blades for cleaner and crisper shaves\r\n• Open-blade architecture design for easy rinsing and no clogging','1 cartridge pack includes 4 x 5-blade razor cartridges.','EN',4),(5,'Awesome Shave Kit','The shave kit to rule them all.\r\n\r\nThis Awesome Shave Kit contains everything you need to truly appreciate the Shaves2U experience.\r\n• 1x Men’s Premium Handle\r\n• 1x Men\'s 3-Blade Cartridge Pack\r\n• 1x Men\'s 5-Blade Cartridge Pack\r\n• 1x Shave Foam (200ml)\r\n• 1x After Shave Cream','The Awesome Shave Kit contains a basic set of handles, cartridges and shaving products to get you started.','EN',5),(6,'Women’s Starter Pack','Experience the essentials.\r\n\r\nThis Starter Pack includes:\r\n• 1 x Women\'s Razor Handle\r\n• 2 x Women’s 5-Blade Cartridges','Starter Pack comes with a handle & two cartridges.','EN',6),(7,'Women’s Razor Handle','Ergonomic handle for simple shaving.\r\n• Soft rubberised grip with precision balance\r\n• Convenient push button release','Soft rubberised ergonomic handle for simple shaving.','EN',7),(8,'Women\'s 5-Blade Cartridge Pack','The simple way to cleaner shaves.\r\n• 5-blade razor with a larger aloe vera lubricating strip to soothe sensitive skin \r\n• 1 cartridge pack includes 4 cartridges\r\n• Ceramic-coated blades for cleaner and crisper shaves \r\n• Open-blade architecture design for easy rinsing and no clogging\r\n• Smooth pivoting head for an even, clean shave ','1 cartridge pack includes 4 x 5-blade razor cartridges.','EN',8),(9,'Shaving Soap','Lather up the classic way.\r\n• Lightly scented for a comfortable and soothing shave\r\n• The ideal way to avoid nicks or razor rash\r\n• Simple application with a shaving brush or hands\r\n• Made in Turkey','Lightly scented for a comfortable and soothing shave.','EN',9),(10,'Shaving Foam','The foamy shaving necessity.\r\n• Enriched formula that moisturises, soothes and nourishes the skin \r\n• Continues working after shaving\r\n• Cool, fresh scent\r\n• Large 200ml can \r\n• Made in Turkey','Enriched formula that moisturises, soothes and nourishes the skin.','EN',10),(11,'Shaving Gel','Keep stubble at bay the gel way.\r\n• Enriched formula that moisturises, soothes and nourishes the skin \r\n• Continues working after shaving\r\n• Cool, fresh scent\r\n• Large 200ml can \r\n• Made in Turkey','Enriched formula that moisturises, soothes and nourishes the skin.','EN',11),(12,'After Shave Cream','Soothes post-shave skin.\r\n• Rehydrates skin post-shave\r\n• Supplements skin with vitamins\r\n• Cools down sensitive skin\r\n• Has a light and fresh scent','Cools down sensitive skin post-shave.','EN',12),(13,'Men\'s Swivel Handle','Achieve perfect manoeuvrability with a rubberised grip.\r\n\r\n• Beautifully designed metal and chrome handle, with a stunning finish.\r\n• Swivel head allows smoother movement around facial contours.\r\n• Balanced ergonomic grip for added control.\r\n• Push-button release and rubberised finger rest.\r\n• Fits all Shaves2U cartridges (3, 5, or 6-blade).','Swivel head that allows smoother movement and fits all Shaves2U cartridges.','EN',13),(14,'Men’s 6-Blade Cartridge Pack','Diamond coated for durability.\r\n• 6-blade razor with aloe vera lubricating strip\r\n• 1 cartridge pack includes 4 premium cartridges\r\n• Diamond coated blades made in USA\r\n• Styling trimmer built into the back of every cartridge','1 cartridge pack includes 4 x 6-blade razor cartridges.','EN',14),(15,'Test product','Test for iPay88 (RM1)','Testing product for iPay88 (RM1)','EN',19),(16,'Shaving Cream','Nourishes skin before and after shaving.\r\n\r\n• Enriched moisturising formula.\r\n• Soothes and nourishes the skin during and after shaving.\r\n• Cool, fresh scent.\r\n• 100ml tube.\r\n• Made in Turkey.','Soothes and nourishes the skin during and after shaving.','EN',20);
/*!40000 ALTER TABLE `ProductTranslates` ENABLE KEYS */;
UNLOCK TABLES;

--
-- Table structure for table `ProductTypes`
--

DROP TABLE IF EXISTS `ProductTypes`;
/*!40101 SET @saved_cs_client     = @@character_set_client */;
/*!40101 SET character_set_client = utf8 */;
CREATE TABLE `ProductTypes` (
  `id` int(11) NOT NULL AUTO_INCREMENT,
  `name` varchar(30) NOT NULL,
  `createdAt` datetime DEFAULT NULL,
  `updatedAt` datetime DEFAULT NULL,
  `order` int(11) DEFAULT '0',
  PRIMARY KEY (`id`)
) ENGINE=InnoDB AUTO_INCREMENT=7 DEFAULT CHARSET=utf8;
/*!40101 SET character_set_client = @saved_cs_client */;

--
-- Dumping data for table `ProductTypes`
--

LOCK TABLES `ProductTypes` WRITE;
/*!40000 ALTER TABLE `ProductTypes` DISABLE KEYS */;
INSERT INTO `ProductTypes` VALUES (1,'Awesome Shave Kit',NULL,'2017-11-07 10:02:06',0),(2,'Starter Packs',NULL,'2017-11-07 10:01:58',0),(3,'Handles',NULL,'2017-11-07 10:01:35',0),(4,'Cartridge Packs',NULL,'2017-11-07 10:01:24',0),(5,'Skin Care',NULL,'2017-11-07 10:01:12',0),(6,'Sample',NULL,NULL,0);
/*!40000 ALTER TABLE `ProductTypes` ENABLE KEYS */;
UNLOCK TABLES;

--
-- Table structure for table `ProductVariantOptions`
--

DROP TABLE IF EXISTS `ProductVariantOptions`;
/*!40101 SET @saved_cs_client     = @@character_set_client */;
/*!40101 SET character_set_client = utf8 */;
CREATE TABLE `ProductVariantOptions` (
  `id` int(11) NOT NULL AUTO_INCREMENT,
  `name` varchar(30) NOT NULL,
  `createdAt` datetime NOT NULL,
  `updatedAt` datetime NOT NULL,
  `ProductVariantId` int(11) DEFAULT NULL,
  `ProductId` int(11) DEFAULT NULL,
  PRIMARY KEY (`id`),
  KEY `ProductVariantId` (`ProductVariantId`),
  KEY `ProductId` (`ProductId`),
  CONSTRAINT `ProductVariantOptions_ibfk_1` FOREIGN KEY (`ProductVariantId`) REFERENCES `ProductVariants` (`id`) ON DELETE SET NULL ON UPDATE CASCADE,
  CONSTRAINT `ProductVariantOptions_ibfk_2` FOREIGN KEY (`ProductId`) REFERENCES `Products` (`id`) ON DELETE SET NULL ON UPDATE CASCADE
) ENGINE=InnoDB DEFAULT CHARSET=utf8;
/*!40101 SET character_set_client = @saved_cs_client */;

--
-- Dumping data for table `ProductVariantOptions`
--

LOCK TABLES `ProductVariantOptions` WRITE;
/*!40000 ALTER TABLE `ProductVariantOptions` DISABLE KEYS */;
/*!40000 ALTER TABLE `ProductVariantOptions` ENABLE KEYS */;
UNLOCK TABLES;

--
-- Table structure for table `ProductVariants`
--

DROP TABLE IF EXISTS `ProductVariants`;
/*!40101 SET @saved_cs_client     = @@character_set_client */;
/*!40101 SET character_set_client = utf8 */;
CREATE TABLE `ProductVariants` (
  `id` int(11) NOT NULL AUTO_INCREMENT,
  `name` varchar(30) NOT NULL,
  `createdAt` datetime NOT NULL,
  `updatedAt` datetime NOT NULL,
  `ProductId` int(11) DEFAULT NULL,
  PRIMARY KEY (`id`),
  KEY `ProductId` (`ProductId`),
  CONSTRAINT `ProductVariants_ibfk_1` FOREIGN KEY (`ProductId`) REFERENCES `Products` (`id`) ON DELETE SET NULL ON UPDATE CASCADE
) ENGINE=InnoDB DEFAULT CHARSET=utf8;
/*!40101 SET character_set_client = @saved_cs_client */;

--
-- Dumping data for table `ProductVariants`
--

LOCK TABLES `ProductVariants` WRITE;
/*!40000 ALTER TABLE `ProductVariants` DISABLE KEYS */;
/*!40000 ALTER TABLE `ProductVariants` ENABLE KEYS */;
UNLOCK TABLES;

--
-- Table structure for table `Products`
--

DROP TABLE IF EXISTS `Products`;
/*!40101 SET @saved_cs_client     = @@character_set_client */;
/*!40101 SET character_set_client = utf8 */;
CREATE TABLE `Products` (
  `id` int(11) NOT NULL AUTO_INCREMENT,
  `sku` varchar(10) NOT NULL,
  `rating` int(11) DEFAULT '0',
  `isFeatured` tinyint(1) DEFAULT '0',
  `status` enum('active','removed') NOT NULL DEFAULT 'active',
  `createdAt` datetime NOT NULL,
  `updatedAt` datetime NOT NULL,
  `ProductTypeId` int(11) DEFAULT NULL,
  `order` int(11) DEFAULT '0',
  PRIMARY KEY (`id`),
  UNIQUE KEY `sku` (`sku`),
  UNIQUE KEY `Products_sku_unique` (`sku`),
  KEY `ProductTypeId` (`ProductTypeId`),
  CONSTRAINT `Products_ibfk_1` FOREIGN KEY (`ProductTypeId`) REFERENCES `ProductTypes` (`id`) ON DELETE SET NULL ON UPDATE CASCADE
) ENGINE=InnoDB AUTO_INCREMENT=21 DEFAULT CHARSET=utf8;
/*!40101 SET character_set_client = @saved_cs_client */;

--
-- Dumping data for table `Products`
--

LOCK TABLES `Products` WRITE;
/*!40000 ALTER TABLE `Products` DISABLE KEYS */;
INSERT INTO `Products` VALUES (1,'PS',10,1,'active','2017-10-26 11:20:42','2017-11-10 17:13:31',2,14),(2,'H1',2,1,'active','2017-10-26 11:20:42','2017-11-10 12:14:17',3,11),(3,'S3',5,0,'active','2017-10-26 11:20:42','2017-11-10 02:51:35',4,7),(4,'S5',6,1,'active','2017-10-26 11:20:42','2017-11-10 12:16:25',4,8),(5,'ASK-2017',6,0,'active','2017-10-26 11:20:42','2017-11-10 14:57:39',1,15),(6,'PF',6,0,'active','2017-10-26 11:20:42','2017-11-10 17:14:00',2,13),(7,'H2',6,1,'active','2017-10-26 11:20:42','2017-11-10 12:46:10',3,10),(8,'F5',6,0,'active','2017-10-26 11:20:42','2017-11-10 12:49:38',4,6),(9,'A4-2017',6,1,'active','2017-10-26 11:20:42','2017-11-10 12:55:33',5,4),(10,'A1',6,1,'active','2017-10-26 11:20:42','2017-11-10 12:55:58',5,3),(11,'A3',6,1,'active','2017-10-26 11:20:42','2017-11-10 12:56:22',5,2),(12,'A2',6,1,'active','2017-10-26 11:20:42','2017-11-10 12:56:58',5,0),(13,'H3',6,1,'active','2017-10-26 11:20:42','2017-11-10 12:46:47',3,12),(14,'S6',0,1,'active','2017-10-27 07:39:44','2017-11-10 12:50:23',4,9),(19,'FREE',0,0,'removed','2017-10-31 13:23:29','2017-11-09 15:04:28',1,0),(20,'A5',0,0,'active','2017-11-10 08:20:58','2017-11-10 12:58:05',5,0);
/*!40000 ALTER TABLE `Products` ENABLE KEYS */;
UNLOCK TABLES;

--
-- Table structure for table `PromotionCodes`
--

DROP TABLE IF EXISTS `PromotionCodes`;
/*!40101 SET @saved_cs_client     = @@character_set_client */;
/*!40101 SET character_set_client = utf8 */;
CREATE TABLE `PromotionCodes` (
  `id` int(11) NOT NULL AUTO_INCREMENT,
  `code` varchar(50) NOT NULL,
  `isValid` tinyint(1) DEFAULT '1',
  `email` varchar(50) DEFAULT NULL,
  `createdAt` datetime NOT NULL,
  `updatedAt` datetime NOT NULL,
  `PromotionId` int(11) DEFAULT NULL,
  PRIMARY KEY (`id`),
  KEY `PromotionId` (`PromotionId`),
  CONSTRAINT `PromotionCodes_ibfk_1` FOREIGN KEY (`PromotionId`) REFERENCES `Promotions` (`id`) ON DELETE SET NULL ON UPDATE CASCADE
) ENGINE=InnoDB AUTO_INCREMENT=637 DEFAULT CHARSET=utf8;
/*!40101 SET character_set_client = @saved_cs_client */;

--
-- Dumping data for table `PromotionCodes`
--

LOCK TABLES `PromotionCodes` WRITE;
/*!40000 ALTER TABLE `PromotionCodes` DISABLE KEYS */;
INSERT INTO `PromotionCodes` VALUES (1,'procode1',1,NULL,'2017-10-26 11:20:43','2017-10-26 11:20:43',1),(2,'procode2',1,NULL,'2017-10-26 11:20:43','2017-10-26 11:20:43',1),(3,'procode3',1,NULL,'2017-10-26 11:20:43','2017-10-26 11:20:43',1),(4,'procode4',1,NULL,'2017-10-26 11:20:43','2017-10-26 11:20:43',2),(5,'procode5',1,NULL,'2017-10-26 11:20:43','2017-10-26 11:20:43',2),(6,'procode6',1,NULL,'2017-10-26 11:20:43','2017-10-26 11:20:43',2),(7,'procode7',1,NULL,'2017-10-26 11:20:43','2017-10-26 11:20:43',1),(8,'procode8',1,NULL,'2017-10-26 11:20:43','2017-10-26 11:20:43',1),(9,'procode9',1,NULL,'2017-10-26 11:20:43','2017-10-26 11:20:43',1),(10,'procode10',0,NULL,'2017-10-26 11:20:43','2017-11-10 01:55:26',1),(11,'procode11',1,NULL,'2017-10-26 11:20:43','2017-10-26 11:20:43',1),(12,'procode12',1,NULL,'2017-10-26 11:20:43','2017-10-26 11:20:43',1),(13,'procode13',1,NULL,'2017-10-26 11:20:43','2017-10-26 11:20:43',1),(14,'procode14',1,NULL,'2017-10-26 11:20:43','2017-10-26 11:20:43',1),(15,'procode15',1,NULL,'2017-10-26 11:20:43','2017-10-26 11:20:43',1),(16,'procode16',1,NULL,'2017-10-26 11:20:43','2017-10-26 11:20:43',1),(17,'procode17',1,NULL,'2017-10-26 11:20:43','2017-10-26 11:20:43',1),(18,'procode18',1,NULL,'2017-10-26 11:20:43','2017-10-26 11:20:43',1),(19,'procode19',1,NULL,'2017-10-26 11:20:43','2017-10-26 11:20:43',1),(20,'procode20',1,NULL,'2017-10-26 11:20:43','2017-10-26 11:20:43',1),(21,'procode21',1,NULL,'2017-10-26 11:20:43','2017-10-26 11:20:43',1),(22,'procode22',1,NULL,'2017-10-26 11:20:43','2017-10-26 11:20:43',1),(23,'procode23',1,NULL,'2017-10-26 11:20:43','2017-10-26 11:20:43',1),(24,'procode24',1,NULL,'2017-10-26 11:20:43','2017-10-26 11:20:43',1),(25,'procode25',1,NULL,'2017-10-26 11:20:43','2017-10-26 11:20:43',1),(26,'procode26',1,NULL,'2017-10-26 11:20:43','2017-10-26 11:20:43',1),(27,'procode27',1,NULL,'2017-10-26 11:20:43','2017-10-26 11:20:43',1),(28,'procode28',1,NULL,'2017-10-26 11:20:43','2017-10-26 11:20:43',1),(29,'procode29',1,NULL,'2017-10-26 11:20:43','2017-10-26 11:20:43',1),(30,'procode30',1,NULL,'2017-10-26 11:20:43','2017-10-26 11:20:43',1),(31,'procode31',1,NULL,'2017-10-26 11:20:43','2017-10-26 11:20:43',1),(32,'procode32',1,NULL,'2017-10-26 11:20:43','2017-10-26 11:20:43',1),(33,'procode33',1,NULL,'2017-10-26 11:20:43','2017-10-26 11:20:43',1),(34,'procode34',1,NULL,'2017-10-26 11:20:43','2017-10-26 11:20:43',1),(35,'procode35',1,NULL,'2017-10-26 11:20:43','2017-10-26 11:20:43',1),(36,'procode36',1,NULL,'2017-10-26 11:20:43','2017-10-26 11:20:43',1),(37,'procode37',1,NULL,'2017-10-26 11:20:43','2017-10-26 11:20:43',1),(38,'procode38',1,NULL,'2017-10-26 11:20:43','2017-10-26 11:20:43',1),(39,'procode39',0,NULL,'2017-10-26 11:20:43','2017-11-10 02:10:27',1),(40,'procode40',1,NULL,'2017-10-26 11:20:43','2017-10-26 11:20:43',1),(41,'procode41',1,NULL,'2017-10-26 11:20:43','2017-10-26 11:20:43',1),(42,'procode42',1,NULL,'2017-10-26 11:20:43','2017-10-26 11:20:43',1),(43,'procode43',1,NULL,'2017-10-26 11:20:43','2017-10-26 11:20:43',1),(44,'procode44',1,NULL,'2017-10-26 11:20:43','2017-10-26 11:20:43',1),(45,'procode45',1,NULL,'2017-10-26 11:20:43','2017-10-26 11:20:43',1),(46,'procode46',1,NULL,'2017-10-26 11:20:43','2017-10-26 11:20:43',1),(47,'procode47',1,NULL,'2017-10-26 11:20:43','2017-10-26 11:20:43',1),(48,'procode48',1,NULL,'2017-10-26 11:20:43','2017-10-26 11:20:43',1),(49,'procode49',1,NULL,'2017-10-26 11:20:43','2017-10-26 11:20:43',1),(50,'procode50',1,NULL,'2017-10-26 11:20:43','2017-10-26 11:20:43',1),(51,'procode51',1,NULL,'2017-10-26 11:20:43','2017-10-26 11:20:43',1),(52,'procode52',1,NULL,'2017-10-26 11:20:43','2017-10-26 11:20:43',1),(53,'procode53',1,NULL,'2017-10-26 11:20:43','2017-10-26 11:20:43',1),(54,'procode54',1,NULL,'2017-10-26 11:20:43','2017-10-26 11:20:43',1),(55,'procode55',1,NULL,'2017-10-26 11:20:43','2017-10-26 11:20:43',1),(56,'procode56',1,NULL,'2017-10-26 11:20:43','2017-10-26 11:20:43',1),(57,'procode57',1,NULL,'2017-10-26 11:20:43','2017-10-26 11:20:43',1),(58,'procode58',1,NULL,'2017-10-26 11:20:43','2017-10-26 11:20:43',1),(59,'procode59',1,NULL,'2017-10-26 11:20:43','2017-10-26 11:20:43',1),(60,'procode60',1,NULL,'2017-10-26 11:20:43','2017-10-26 11:20:43',1),(61,'procode61',1,NULL,'2017-10-26 11:20:43','2017-10-26 11:20:43',1),(62,'procode62',1,NULL,'2017-10-26 11:20:43','2017-10-26 11:20:43',1),(63,'procode63',1,NULL,'2017-10-26 11:20:43','2017-10-26 11:20:43',1),(64,'procode64',1,NULL,'2017-10-26 11:20:43','2017-10-26 11:20:43',1),(65,'procode65',1,NULL,'2017-10-26 11:20:43','2017-10-26 11:20:43',1),(66,'procode66',1,NULL,'2017-10-26 11:20:43','2017-10-26 11:20:43',1),(67,'procode67',1,NULL,'2017-10-26 11:20:43','2017-10-26 11:20:43',1),(68,'procode68',1,NULL,'2017-10-26 11:20:43','2017-10-26 11:20:43',1),(69,'procode69',1,NULL,'2017-10-26 11:20:43','2017-10-26 11:20:43',1),(70,'procode70',1,NULL,'2017-10-26 11:20:43','2017-10-26 11:20:43',1),(71,'procode71',1,NULL,'2017-10-26 11:20:43','2017-10-26 11:20:43',1),(72,'procode72',1,NULL,'2017-10-26 11:20:43','2017-10-26 11:20:43',1),(73,'procode73',1,NULL,'2017-10-26 11:20:43','2017-10-26 11:20:43',1),(74,'procode74',1,NULL,'2017-10-26 11:20:43','2017-10-26 11:20:43',1),(75,'procode75',1,NULL,'2017-10-26 11:20:43','2017-10-26 11:20:43',1),(76,'procode76',1,NULL,'2017-10-26 11:20:43','2017-10-26 11:20:43',1),(77,'procode77',1,NULL,'2017-10-26 11:20:43','2017-10-26 11:20:43',1),(78,'procode78',1,NULL,'2017-10-26 11:20:43','2017-10-26 11:20:43',1),(79,'procode79',1,NULL,'2017-10-26 11:20:43','2017-10-26 11:20:43',1),(80,'procode80',1,NULL,'2017-10-26 11:20:43','2017-10-26 11:20:43',1),(81,'procode81',1,NULL,'2017-10-26 11:20:43','2017-10-26 11:20:43',1),(82,'procode82',1,NULL,'2017-10-26 11:20:43','2017-10-26 11:20:43',1),(83,'procode83',1,NULL,'2017-10-26 11:20:43','2017-10-26 11:20:43',1),(84,'procode84',1,NULL,'2017-10-26 11:20:43','2017-10-26 11:20:43',1),(85,'procode85',1,NULL,'2017-10-26 11:20:43','2017-10-26 11:20:43',1),(86,'procode86',1,NULL,'2017-10-26 11:20:43','2017-10-26 11:20:43',1),(87,'procode87',1,NULL,'2017-10-26 11:20:43','2017-10-26 11:20:43',1),(88,'procode88',1,NULL,'2017-10-26 11:20:43','2017-10-26 11:20:43',1),(89,'procode89',1,NULL,'2017-10-26 11:20:43','2017-10-26 11:20:43',1),(90,'procode90',1,NULL,'2017-10-26 11:20:43','2017-10-26 11:20:43',1),(91,'procode91',1,NULL,'2017-10-26 11:20:43','2017-10-26 11:20:43',1),(92,'procode92',1,NULL,'2017-10-26 11:20:43','2017-10-26 11:20:43',1),(93,'procode93',1,NULL,'2017-10-26 11:20:43','2017-10-26 11:20:43',1),(94,'procode94',1,NULL,'2017-10-26 11:20:43','2017-10-26 11:20:43',1),(95,'procode95',1,NULL,'2017-10-26 11:20:43','2017-10-26 11:20:43',1),(96,'procode96',1,NULL,'2017-10-26 11:20:43','2017-10-26 11:20:43',1),(97,'procode97',1,NULL,'2017-10-26 11:20:43','2017-10-26 11:20:43',1),(98,'procode98',1,NULL,'2017-10-26 11:20:43','2017-10-26 11:20:43',1),(99,'procode99',1,NULL,'2017-10-26 11:20:43','2017-10-26 11:20:43',1),(100,'procode100',1,NULL,'2017-10-26 11:20:43','2017-10-26 11:20:43',1),(101,'procode101',1,NULL,'2017-10-26 11:20:43','2017-10-26 11:20:43',1),(102,'procode102',1,NULL,'2017-10-26 11:20:43','2017-10-26 11:20:43',1),(103,'procode103',1,NULL,'2017-10-26 11:20:43','2017-10-26 11:20:43',1),(104,'procode104',1,NULL,'2017-10-26 11:20:43','2017-10-26 11:20:43',1),(105,'procode105',1,NULL,'2017-10-26 11:20:43','2017-10-26 11:20:43',1),(106,'procode106',1,NULL,'2017-10-26 11:20:43','2017-10-26 11:20:43',1),(107,'procode107',1,NULL,'2017-10-26 11:20:43','2017-10-26 11:20:43',1),(108,'procode108',1,NULL,'2017-10-26 11:20:43','2017-10-26 11:20:43',1),(109,'procode109',1,NULL,'2017-10-26 11:20:43','2017-10-26 11:20:43',1),(110,'procode110',1,NULL,'2017-10-26 11:20:43','2017-10-26 11:20:43',1),(111,'procode111',1,NULL,'2017-10-26 11:20:43','2017-10-26 11:20:43',1),(112,'procode112',1,NULL,'2017-10-26 11:20:43','2017-10-26 11:20:43',1),(113,'procode113',1,NULL,'2017-10-26 11:20:43','2017-10-26 11:20:43',1),(114,'procode114',1,NULL,'2017-10-26 11:20:43','2017-10-26 11:20:43',1),(115,'procode115',1,NULL,'2017-10-26 11:20:43','2017-10-26 11:20:43',1),(116,'procode116',1,NULL,'2017-10-26 11:20:43','2017-10-26 11:20:43',1),(117,'procode117',1,NULL,'2017-10-26 11:20:43','2017-10-26 11:20:43',1),(118,'procode118',1,NULL,'2017-10-26 11:20:43','2017-10-26 11:20:43',1),(119,'procode119',1,NULL,'2017-10-26 11:20:43','2017-10-26 11:20:43',1),(120,'procode120',1,NULL,'2017-10-26 11:20:43','2017-10-26 11:20:43',1),(121,'procode121',1,NULL,'2017-10-26 11:20:43','2017-10-26 11:20:43',1),(122,'procode122',1,NULL,'2017-10-26 11:20:43','2017-10-26 11:20:43',1),(123,'procode123',1,NULL,'2017-10-26 11:20:43','2017-10-26 11:20:43',1),(124,'procode124',1,NULL,'2017-10-26 11:20:43','2017-10-26 11:20:43',1),(125,'procode125',1,NULL,'2017-10-26 11:20:43','2017-10-26 11:20:43',1),(126,'procode126',1,NULL,'2017-10-26 11:20:43','2017-10-26 11:20:43',1),(127,'procode127',1,NULL,'2017-10-26 11:20:43','2017-10-26 11:20:43',1),(128,'procode128',1,NULL,'2017-10-26 11:20:43','2017-10-26 11:20:43',1),(129,'procode129',1,NULL,'2017-10-26 11:20:43','2017-10-26 11:20:43',1),(130,'procode130',1,NULL,'2017-10-26 11:20:43','2017-10-26 11:20:43',1),(131,'procode131',1,NULL,'2017-10-26 11:20:43','2017-10-26 11:20:43',1),(132,'procode132',1,NULL,'2017-10-26 11:20:43','2017-10-26 11:20:43',1),(133,'procode133',1,NULL,'2017-10-26 11:20:43','2017-10-26 11:20:43',1),(134,'procode134',1,NULL,'2017-10-26 11:20:43','2017-10-26 11:20:43',1),(135,'procode135',1,NULL,'2017-10-26 11:20:43','2017-10-26 11:20:43',1),(136,'procode136',1,NULL,'2017-10-26 11:20:43','2017-10-26 11:20:43',1),(137,'procode137',1,NULL,'2017-10-26 11:20:43','2017-10-26 11:20:43',1),(138,'procode138',1,NULL,'2017-10-26 11:20:43','2017-10-26 11:20:43',1),(139,'procode139',1,NULL,'2017-10-26 11:20:43','2017-10-26 11:20:43',1),(140,'procode140',1,NULL,'2017-10-26 11:20:43','2017-10-26 11:20:43',1),(141,'procode141',1,NULL,'2017-10-26 11:20:43','2017-10-26 11:20:43',1),(142,'procode142',1,NULL,'2017-10-26 11:20:43','2017-10-26 11:20:43',1),(143,'procode143',1,NULL,'2017-10-26 11:20:43','2017-10-26 11:20:43',1),(144,'procode144',1,NULL,'2017-10-26 11:20:43','2017-10-26 11:20:43',1),(145,'procode145',1,NULL,'2017-10-26 11:20:43','2017-10-26 11:20:43',1),(146,'procode146',1,NULL,'2017-10-26 11:20:43','2017-10-26 11:20:43',1),(147,'procode147',1,NULL,'2017-10-26 11:20:43','2017-10-26 11:20:43',1),(148,'procode148',1,NULL,'2017-10-26 11:20:43','2017-10-26 11:20:43',1),(149,'procode149',1,NULL,'2017-10-26 11:20:43','2017-10-26 11:20:43',1),(150,'procode150',1,NULL,'2017-10-26 11:20:43','2017-10-26 11:20:43',1),(151,'procode151',1,NULL,'2017-10-26 11:20:43','2017-10-26 11:20:43',1),(152,'procode152',1,NULL,'2017-10-26 11:20:43','2017-10-26 11:20:43',1),(153,'procode153',1,NULL,'2017-10-26 11:20:43','2017-10-26 11:20:43',1),(154,'procode154',1,NULL,'2017-10-26 11:20:43','2017-10-26 11:20:43',1),(155,'procode155',1,NULL,'2017-10-26 11:20:43','2017-10-26 11:20:43',1),(156,'procode156',1,NULL,'2017-10-26 11:20:43','2017-10-26 11:20:43',1),(157,'procode157',1,NULL,'2017-10-26 11:20:43','2017-10-26 11:20:43',1),(158,'procode158',1,NULL,'2017-10-26 11:20:43','2017-10-26 11:20:43',1),(159,'procode159',1,NULL,'2017-10-26 11:20:43','2017-10-26 11:20:43',1),(160,'procode160',1,NULL,'2017-10-26 11:20:43','2017-10-26 11:20:43',1),(161,'procode161',1,NULL,'2017-10-26 11:20:43','2017-10-26 11:20:43',1),(162,'procode162',1,NULL,'2017-10-26 11:20:43','2017-10-26 11:20:43',1),(163,'procode163',1,NULL,'2017-10-26 11:20:43','2017-10-26 11:20:43',1),(164,'procode164',1,NULL,'2017-10-26 11:20:43','2017-10-26 11:20:43',1),(165,'procode165',1,NULL,'2017-10-26 11:20:43','2017-10-26 11:20:43',1),(166,'procode166',1,NULL,'2017-10-26 11:20:43','2017-10-26 11:20:43',1),(167,'procode167',1,NULL,'2017-10-26 11:20:43','2017-10-26 11:20:43',1),(168,'procode168',1,NULL,'2017-10-26 11:20:43','2017-10-26 11:20:43',1),(169,'procode169',1,NULL,'2017-10-26 11:20:43','2017-10-26 11:20:43',1),(170,'procode170',1,NULL,'2017-10-26 11:20:43','2017-10-26 11:20:43',1),(171,'procode171',1,NULL,'2017-10-26 11:20:43','2017-10-26 11:20:43',1),(172,'procode172',1,NULL,'2017-10-26 11:20:43','2017-10-26 11:20:43',1),(173,'procode173',1,NULL,'2017-10-26 11:20:43','2017-10-26 11:20:43',1),(174,'procode174',1,NULL,'2017-10-26 11:20:43','2017-10-26 11:20:43',1),(175,'procode175',1,NULL,'2017-10-26 11:20:43','2017-10-26 11:20:43',1),(176,'procode176',1,NULL,'2017-10-26 11:20:43','2017-10-26 11:20:43',1),(177,'procode177',1,NULL,'2017-10-26 11:20:43','2017-10-26 11:20:43',1),(178,'procode178',1,NULL,'2017-10-26 11:20:43','2017-10-26 11:20:43',1),(179,'procode179',1,NULL,'2017-10-26 11:20:43','2017-10-26 11:20:43',1),(180,'procode180',1,NULL,'2017-10-26 11:20:43','2017-10-26 11:20:43',1),(181,'procode181',1,NULL,'2017-10-26 11:20:43','2017-10-26 11:20:43',1),(182,'procode182',1,NULL,'2017-10-26 11:20:43','2017-10-26 11:20:43',1),(183,'procode183',1,NULL,'2017-10-26 11:20:43','2017-10-26 11:20:43',1),(184,'procode184',1,NULL,'2017-10-26 11:20:43','2017-10-26 11:20:43',1),(185,'procode185',1,NULL,'2017-10-26 11:20:43','2017-10-26 11:20:43',1),(186,'procode186',1,NULL,'2017-10-26 11:20:43','2017-10-26 11:20:43',1),(187,'procode187',1,NULL,'2017-10-26 11:20:43','2017-10-26 11:20:43',1),(188,'procode188',1,NULL,'2017-10-26 11:20:43','2017-10-26 11:20:43',1),(189,'procode189',1,NULL,'2017-10-26 11:20:43','2017-10-26 11:20:43',1),(190,'procode190',1,NULL,'2017-10-26 11:20:43','2017-10-26 11:20:43',1),(191,'procode191',1,NULL,'2017-10-26 11:20:43','2017-10-26 11:20:43',1),(192,'procode192',1,NULL,'2017-10-26 11:20:43','2017-10-26 11:20:43',1),(193,'procode193',1,NULL,'2017-10-26 11:20:43','2017-10-26 11:20:43',1),(194,'procode194',1,NULL,'2017-10-26 11:20:43','2017-10-26 11:20:43',1),(195,'procode195',1,NULL,'2017-10-26 11:20:43','2017-10-26 11:20:43',1),(196,'procode196',1,NULL,'2017-10-26 11:20:43','2017-10-26 11:20:43',1),(197,'procode197',1,NULL,'2017-10-26 11:20:43','2017-10-26 11:20:43',1),(198,'procode198',1,NULL,'2017-10-26 11:20:43','2017-10-26 11:20:43',1),(199,'procode199',1,NULL,'2017-10-26 11:20:43','2017-10-26 11:20:43',1),(200,'procode200',1,NULL,'2017-10-26 11:20:43','2017-10-26 11:20:43',1),(201,'procode201',1,NULL,'2017-10-26 11:20:43','2017-10-26 11:20:43',1),(202,'procode202',1,NULL,'2017-10-26 11:20:43','2017-10-26 11:20:43',1),(203,'procode203',1,NULL,'2017-10-26 11:20:43','2017-10-26 11:20:43',1),(204,'procode204',1,NULL,'2017-10-26 11:20:43','2017-10-26 11:20:43',1),(205,'procode205',1,NULL,'2017-10-26 11:20:43','2017-10-26 11:20:43',1),(206,'procode206',1,NULL,'2017-10-26 11:20:43','2017-10-26 11:20:43',1),(207,'procode207',1,NULL,'2017-10-26 11:20:43','2017-10-26 11:20:43',1),(208,'procode208',1,NULL,'2017-10-26 11:20:43','2017-10-26 11:20:43',1),(209,'procode209',1,NULL,'2017-10-26 11:20:43','2017-10-26 11:20:43',1),(210,'procode210',1,NULL,'2017-10-26 11:20:43','2017-10-26 11:20:43',1),(211,'procode211',1,NULL,'2017-10-26 11:20:43','2017-10-26 11:20:43',1),(212,'procode212',1,NULL,'2017-10-26 11:20:43','2017-10-26 11:20:43',1),(213,'procode213',1,NULL,'2017-10-26 11:20:43','2017-10-26 11:20:43',1),(214,'procode214',1,NULL,'2017-10-26 11:20:43','2017-10-26 11:20:43',1),(215,'procode215',1,NULL,'2017-10-26 11:20:43','2017-10-26 11:20:43',1),(216,'procode216',1,NULL,'2017-10-26 11:20:43','2017-10-26 11:20:43',1),(217,'procode217',1,NULL,'2017-10-26 11:20:43','2017-10-26 11:20:43',1),(218,'procode218',1,NULL,'2017-10-26 11:20:43','2017-10-26 11:20:43',1),(219,'procode219',1,NULL,'2017-10-26 11:20:43','2017-10-26 11:20:43',1),(220,'procode220',1,NULL,'2017-10-26 11:20:43','2017-10-26 11:20:43',1),(221,'procode221',1,NULL,'2017-10-26 11:20:43','2017-10-26 11:20:43',1),(222,'procode222',1,NULL,'2017-10-26 11:20:43','2017-10-26 11:20:43',1),(223,'procode223',1,NULL,'2017-10-26 11:20:43','2017-10-26 11:20:43',1),(224,'procode224',1,NULL,'2017-10-26 11:20:43','2017-10-26 11:20:43',1),(225,'procode225',1,NULL,'2017-10-26 11:20:43','2017-10-26 11:20:43',1),(226,'procode226',1,NULL,'2017-10-26 11:20:43','2017-10-26 11:20:43',1),(227,'procode227',1,NULL,'2017-10-26 11:20:43','2017-10-26 11:20:43',1),(228,'procode228',1,NULL,'2017-10-26 11:20:43','2017-10-26 11:20:43',1),(229,'procode229',1,NULL,'2017-10-26 11:20:43','2017-10-26 11:20:43',1),(230,'procode230',1,NULL,'2017-10-26 11:20:43','2017-10-26 11:20:43',1),(231,'procode231',1,NULL,'2017-10-26 11:20:43','2017-10-26 11:20:43',1),(232,'procode232',1,NULL,'2017-10-26 11:20:43','2017-10-26 11:20:43',1),(233,'procode233',1,NULL,'2017-10-26 11:20:43','2017-10-26 11:20:43',1),(234,'procode234',1,NULL,'2017-10-26 11:20:43','2017-10-26 11:20:43',1),(235,'procode235',1,NULL,'2017-10-26 11:20:43','2017-10-26 11:20:43',1),(236,'procode236',1,NULL,'2017-10-26 11:20:43','2017-10-26 11:20:43',1),(237,'procode237',1,NULL,'2017-10-26 11:20:43','2017-10-26 11:20:43',1),(238,'procode238',1,NULL,'2017-10-26 11:20:43','2017-10-26 11:20:43',1),(239,'procode239',1,NULL,'2017-10-26 11:20:43','2017-10-26 11:20:43',1),(240,'procode240',1,NULL,'2017-10-26 11:20:43','2017-10-26 11:20:43',1),(241,'procode241',1,NULL,'2017-10-26 11:20:43','2017-10-26 11:20:43',1),(242,'procode242',1,NULL,'2017-10-26 11:20:43','2017-10-26 11:20:43',1),(243,'procode243',1,NULL,'2017-10-26 11:20:43','2017-10-26 11:20:43',1),(244,'procode244',1,NULL,'2017-10-26 11:20:43','2017-10-26 11:20:43',1),(245,'procode245',1,NULL,'2017-10-26 11:20:43','2017-10-26 11:20:43',1),(246,'procode246',1,NULL,'2017-10-26 11:20:43','2017-10-26 11:20:43',1),(247,'procode247',1,NULL,'2017-10-26 11:20:43','2017-10-26 11:20:43',1),(248,'procode248',1,NULL,'2017-10-26 11:20:43','2017-10-26 11:20:43',1),(249,'procode249',1,NULL,'2017-10-26 11:20:43','2017-10-26 11:20:43',1),(250,'procode250',1,NULL,'2017-10-26 11:20:43','2017-10-26 11:20:43',1),(251,'procode251',1,NULL,'2017-10-26 11:20:43','2017-10-26 11:20:43',1),(252,'procode252',1,NULL,'2017-10-26 11:20:43','2017-10-26 11:20:43',1),(253,'procode253',1,NULL,'2017-10-26 11:20:43','2017-10-26 11:20:43',1),(254,'procode254',1,NULL,'2017-10-26 11:20:43','2017-10-26 11:20:43',1),(255,'procode255',1,NULL,'2017-10-26 11:20:43','2017-10-26 11:20:43',1),(256,'procode256',1,NULL,'2017-10-26 11:20:43','2017-10-26 11:20:43',1),(257,'procode257',1,NULL,'2017-10-26 11:20:43','2017-10-26 11:20:43',1),(258,'procode258',1,NULL,'2017-10-26 11:20:43','2017-10-26 11:20:43',1),(259,'procode259',1,NULL,'2017-10-26 11:20:43','2017-10-26 11:20:43',1),(260,'procode260',1,NULL,'2017-10-26 11:20:43','2017-10-26 11:20:43',1),(261,'procode261',1,NULL,'2017-10-26 11:20:43','2017-10-26 11:20:43',1),(262,'procode262',1,NULL,'2017-10-26 11:20:43','2017-10-26 11:20:43',1),(263,'procode263',1,NULL,'2017-10-26 11:20:43','2017-10-26 11:20:43',1),(264,'procode264',1,NULL,'2017-10-26 11:20:43','2017-10-26 11:20:43',1),(265,'procode265',1,NULL,'2017-10-26 11:20:43','2017-10-26 11:20:43',1),(266,'procode266',1,NULL,'2017-10-26 11:20:43','2017-10-26 11:20:43',1),(267,'procode267',0,NULL,'2017-10-26 11:20:43','2017-11-03 10:44:44',1),(268,'procode268',0,NULL,'2017-10-26 11:20:43','2017-11-03 10:47:01',1),(269,'procode269',1,NULL,'2017-10-26 11:20:43','2017-10-26 11:20:43',1),(270,'procode270',1,NULL,'2017-10-26 11:20:43','2017-10-26 11:20:43',1),(271,'procode271',1,NULL,'2017-10-26 11:20:43','2017-10-26 11:20:43',1),(272,'procode272',1,NULL,'2017-10-26 11:20:43','2017-10-26 11:20:43',1),(273,'procode273',1,NULL,'2017-10-26 11:20:43','2017-10-26 11:20:43',1),(274,'procode274',1,NULL,'2017-10-26 11:20:43','2017-10-26 11:20:43',1),(275,'procode275',1,NULL,'2017-10-26 11:20:43','2017-10-26 11:20:43',1),(276,'procode276',1,NULL,'2017-10-26 11:20:43','2017-10-26 11:20:43',1),(277,'procode277',1,NULL,'2017-10-26 11:20:43','2017-10-26 11:20:43',1),(278,'procode278',1,NULL,'2017-10-26 11:20:43','2017-10-26 11:20:43',1),(279,'procode279',1,NULL,'2017-10-26 11:20:43','2017-10-26 11:20:43',1),(280,'procode280',1,NULL,'2017-10-26 11:20:43','2017-10-26 11:20:43',1),(281,'procode281',1,NULL,'2017-10-26 11:20:43','2017-10-26 11:20:43',1),(282,'procode282',1,NULL,'2017-10-26 11:20:43','2017-10-26 11:20:43',1),(283,'procode283',1,NULL,'2017-10-26 11:20:43','2017-10-26 11:20:43',1),(284,'procode284',1,NULL,'2017-10-26 11:20:43','2017-10-26 11:20:43',1),(285,'procode285',1,NULL,'2017-10-26 11:20:43','2017-10-26 11:20:43',1),(286,'procode286',1,NULL,'2017-10-26 11:20:43','2017-10-26 11:20:43',1),(287,'procode287',1,NULL,'2017-10-26 11:20:43','2017-10-26 11:20:43',1),(288,'procode288',1,NULL,'2017-10-26 11:20:43','2017-10-26 11:20:43',1),(289,'procode289',1,NULL,'2017-10-26 11:20:43','2017-10-26 11:20:43',1),(290,'procode290',1,NULL,'2017-10-26 11:20:43','2017-10-26 11:20:43',1),(291,'procode291',1,NULL,'2017-10-26 11:20:43','2017-10-26 11:20:43',1),(292,'procode292',1,NULL,'2017-10-26 11:20:43','2017-10-26 11:20:43',1),(293,'procode293',1,NULL,'2017-10-26 11:20:43','2017-10-26 11:20:43',1),(294,'procode294',1,NULL,'2017-10-26 11:20:43','2017-10-26 11:20:43',1),(295,'procode295',1,NULL,'2017-10-26 11:20:43','2017-10-26 11:20:43',1),(296,'procode296',1,NULL,'2017-10-26 11:20:43','2017-10-26 11:20:43',1),(297,'procode297',1,NULL,'2017-10-26 11:20:43','2017-10-26 11:20:43',1),(298,'procode298',1,NULL,'2017-10-26 11:20:43','2017-10-26 11:20:43',1),(299,'procode299',1,NULL,'2017-10-26 11:20:43','2017-10-26 11:20:43',1),(300,'procode300',1,NULL,'2017-10-26 11:20:43','2017-10-26 11:20:43',1),(301,'procode301',1,NULL,'2017-10-26 11:20:43','2017-10-26 11:20:43',1),(302,'procode302',1,NULL,'2017-10-26 11:20:43','2017-10-26 11:20:43',1),(303,'procode303',1,NULL,'2017-10-26 11:20:43','2017-10-26 11:20:43',1),(304,'procode304',1,NULL,'2017-10-26 11:20:43','2017-10-26 11:20:43',1),(305,'procode305',1,NULL,'2017-10-26 11:20:43','2017-10-26 11:20:43',1),(306,'procode306',1,NULL,'2017-10-26 11:20:43','2017-10-26 11:20:43',1),(307,'procode307',1,NULL,'2017-10-26 11:20:43','2017-10-26 11:20:43',1),(308,'procode308',1,NULL,'2017-10-26 11:20:43','2017-10-26 11:20:43',1),(309,'procode309',1,NULL,'2017-10-26 11:20:43','2017-10-26 11:20:43',1),(310,'procode310',1,NULL,'2017-10-26 11:20:43','2017-10-26 11:20:43',1),(311,'procode311',1,NULL,'2017-10-26 11:20:43','2017-10-26 11:20:43',1),(312,'procode312',1,NULL,'2017-10-26 11:20:43','2017-10-26 11:20:43',1),(313,'procode313',1,NULL,'2017-10-26 11:20:43','2017-10-26 11:20:43',1),(314,'procode314',1,NULL,'2017-10-26 11:20:43','2017-10-26 11:20:43',1),(315,'procode315',1,NULL,'2017-10-26 11:20:43','2017-10-26 11:20:43',1),(316,'procode316',1,NULL,'2017-10-26 11:20:43','2017-10-26 11:20:43',1),(317,'procode317',1,NULL,'2017-10-26 11:20:43','2017-10-26 11:20:43',1),(318,'procode318',1,NULL,'2017-10-26 11:20:43','2017-10-26 11:20:43',1),(319,'procode319',1,NULL,'2017-10-26 11:20:43','2017-10-26 11:20:43',1),(320,'procode320',1,NULL,'2017-10-26 11:20:43','2017-10-26 11:20:43',1),(321,'procode321',1,NULL,'2017-10-26 11:20:43','2017-10-26 11:20:43',1),(322,'procode322',1,NULL,'2017-10-26 11:20:43','2017-10-26 11:20:43',1),(323,'procode323',1,NULL,'2017-10-26 11:20:43','2017-10-26 11:20:43',1),(324,'procode324',1,NULL,'2017-10-26 11:20:43','2017-10-26 11:20:43',1),(325,'procode325',1,NULL,'2017-10-26 11:20:43','2017-10-26 11:20:43',1),(326,'procode326',1,NULL,'2017-10-26 11:20:43','2017-10-26 11:20:43',1),(327,'procode327',1,NULL,'2017-10-26 11:20:43','2017-10-26 11:20:43',1),(328,'procode328',1,NULL,'2017-10-26 11:20:43','2017-10-26 11:20:43',1),(329,'procode329',1,NULL,'2017-10-26 11:20:43','2017-10-26 11:20:43',1),(330,'procode330',1,NULL,'2017-10-26 11:20:43','2017-10-26 11:20:43',1),(331,'procode331',1,NULL,'2017-10-26 11:20:43','2017-10-26 11:20:43',1),(332,'procode332',1,NULL,'2017-10-26 11:20:43','2017-10-26 11:20:43',1),(333,'procode333',1,NULL,'2017-10-26 11:20:43','2017-10-26 11:20:43',1),(334,'procode334',1,NULL,'2017-10-26 11:20:43','2017-10-26 11:20:43',1),(335,'procode335',1,NULL,'2017-10-26 11:20:43','2017-10-26 11:20:43',1),(336,'procode336',1,NULL,'2017-10-26 11:20:43','2017-10-26 11:20:43',1),(337,'procode337',1,NULL,'2017-10-26 11:20:43','2017-10-26 11:20:43',1),(338,'procode338',1,NULL,'2017-10-26 11:20:43','2017-10-26 11:20:43',1),(339,'procode339',1,NULL,'2017-10-26 11:20:43','2017-10-26 11:20:43',1),(340,'procode340',1,NULL,'2017-10-26 11:20:43','2017-10-26 11:20:43',1),(341,'procode341',1,NULL,'2017-10-26 11:20:43','2017-10-26 11:20:43',1),(342,'procode342',1,NULL,'2017-10-26 11:20:43','2017-10-26 11:20:43',1),(343,'procode343',1,NULL,'2017-10-26 11:20:43','2017-10-26 11:20:43',1),(344,'procode344',1,NULL,'2017-10-26 11:20:43','2017-10-26 11:20:43',1),(345,'procode345',1,NULL,'2017-10-26 11:20:43','2017-10-26 11:20:43',1),(346,'procode346',1,NULL,'2017-10-26 11:20:43','2017-10-26 11:20:43',1),(347,'procode347',1,NULL,'2017-10-26 11:20:43','2017-10-26 11:20:43',1),(348,'procode348',1,NULL,'2017-10-26 11:20:43','2017-10-26 11:20:43',1),(349,'procode349',1,NULL,'2017-10-26 11:20:43','2017-10-26 11:20:43',1),(350,'procode350',1,NULL,'2017-10-26 11:20:43','2017-10-26 11:20:43',1),(351,'procode351',1,NULL,'2017-10-26 11:20:43','2017-10-26 11:20:43',1),(352,'procode352',1,NULL,'2017-10-26 11:20:43','2017-10-26 11:20:43',1),(353,'procode353',1,NULL,'2017-10-26 11:20:43','2017-10-26 11:20:43',1),(354,'procode354',1,NULL,'2017-10-26 11:20:43','2017-10-26 11:20:43',1),(355,'procode355',1,NULL,'2017-10-26 11:20:43','2017-10-26 11:20:43',1),(356,'procode356',1,NULL,'2017-10-26 11:20:43','2017-10-26 11:20:43',1),(357,'procode357',1,NULL,'2017-10-26 11:20:43','2017-10-26 11:20:43',1),(358,'procode358',1,NULL,'2017-10-26 11:20:43','2017-10-26 11:20:43',1),(359,'procode359',1,NULL,'2017-10-26 11:20:43','2017-10-26 11:20:43',1),(360,'procode360',1,NULL,'2017-10-26 11:20:43','2017-10-26 11:20:43',1),(361,'procode361',1,NULL,'2017-10-26 11:20:43','2017-10-26 11:20:43',1),(362,'procode362',1,NULL,'2017-10-26 11:20:43','2017-10-26 11:20:43',1),(363,'procode363',1,NULL,'2017-10-26 11:20:43','2017-10-26 11:20:43',1),(364,'procode364',1,NULL,'2017-10-26 11:20:43','2017-10-26 11:20:43',1),(365,'procode365',1,NULL,'2017-10-26 11:20:43','2017-10-26 11:20:43',1),(366,'procode366',1,NULL,'2017-10-26 11:20:43','2017-10-26 11:20:43',1),(367,'procode367',1,NULL,'2017-10-26 11:20:43','2017-10-26 11:20:43',1),(368,'procode368',1,NULL,'2017-10-26 11:20:43','2017-10-26 11:20:43',1),(369,'procode369',1,NULL,'2017-10-26 11:20:43','2017-10-26 11:20:43',1),(370,'procode370',1,NULL,'2017-10-26 11:20:43','2017-10-26 11:20:43',1),(371,'procode371',1,NULL,'2017-10-26 11:20:43','2017-10-26 11:20:43',1),(372,'procode372',1,NULL,'2017-10-26 11:20:43','2017-10-26 11:20:43',1),(373,'procode373',1,NULL,'2017-10-26 11:20:43','2017-10-26 11:20:43',1),(374,'procode374',1,NULL,'2017-10-26 11:20:43','2017-10-26 11:20:43',1),(375,'procode375',1,NULL,'2017-10-26 11:20:43','2017-10-26 11:20:43',1),(376,'procode376',1,NULL,'2017-10-26 11:20:43','2017-10-26 11:20:43',1),(377,'procode377',1,NULL,'2017-10-26 11:20:43','2017-10-26 11:20:43',1),(378,'procode378',1,NULL,'2017-10-26 11:20:43','2017-10-26 11:20:43',1),(379,'procode379',1,NULL,'2017-10-26 11:20:43','2017-10-26 11:20:43',1),(380,'procode380',1,NULL,'2017-10-26 11:20:43','2017-10-26 11:20:43',1),(381,'procode381',1,NULL,'2017-10-26 11:20:43','2017-10-26 11:20:43',1),(382,'procode382',1,NULL,'2017-10-26 11:20:43','2017-10-26 11:20:43',1),(383,'procode383',1,NULL,'2017-10-26 11:20:43','2017-10-26 11:20:43',1),(384,'procode384',1,NULL,'2017-10-26 11:20:43','2017-10-26 11:20:43',1),(385,'procode385',1,NULL,'2017-10-26 11:20:43','2017-10-26 11:20:43',1),(386,'procode386',1,NULL,'2017-10-26 11:20:43','2017-10-26 11:20:43',1),(387,'procode387',1,NULL,'2017-10-26 11:20:43','2017-10-26 11:20:43',1),(388,'procode388',1,NULL,'2017-10-26 11:20:43','2017-10-26 11:20:43',1),(389,'procode389',1,NULL,'2017-10-26 11:20:43','2017-10-26 11:20:43',1),(390,'procode390',1,NULL,'2017-10-26 11:20:43','2017-10-26 11:20:43',1),(391,'procode391',1,NULL,'2017-10-26 11:20:43','2017-10-26 11:20:43',1),(392,'procode392',1,NULL,'2017-10-26 11:20:43','2017-10-26 11:20:43',1),(393,'procode393',1,NULL,'2017-10-26 11:20:43','2017-10-26 11:20:43',1),(394,'procode394',1,NULL,'2017-10-26 11:20:43','2017-10-26 11:20:43',1),(395,'procode395',1,NULL,'2017-10-26 11:20:43','2017-10-26 11:20:43',1),(396,'procode396',1,NULL,'2017-10-26 11:20:43','2017-10-26 11:20:43',1),(397,'procode397',1,NULL,'2017-10-26 11:20:43','2017-10-26 11:20:43',1),(398,'procode398',1,NULL,'2017-10-26 11:20:43','2017-10-26 11:20:43',1),(399,'procode399',1,NULL,'2017-10-26 11:20:43','2017-10-26 11:20:43',1),(400,'procode400',1,NULL,'2017-10-26 11:20:43','2017-10-26 11:20:43',1),(401,'procode401',1,NULL,'2017-10-26 11:20:43','2017-10-26 11:20:43',1),(402,'procode402',1,NULL,'2017-10-26 11:20:43','2017-10-26 11:20:43',1),(403,'procode403',1,NULL,'2017-10-26 11:20:43','2017-10-26 11:20:43',1),(404,'procode404',1,NULL,'2017-10-26 11:20:43','2017-10-26 11:20:43',1),(405,'procode405',1,NULL,'2017-10-26 11:20:43','2017-10-26 11:20:43',1),(406,'procode406',1,NULL,'2017-10-26 11:20:43','2017-10-26 11:20:43',1),(407,'procode407',1,NULL,'2017-10-26 11:20:43','2017-10-26 11:20:43',1),(408,'procode408',1,NULL,'2017-10-26 11:20:43','2017-10-26 11:20:43',1),(409,'procode409',1,NULL,'2017-10-26 11:20:43','2017-10-26 11:20:43',1),(410,'procode410',1,NULL,'2017-10-26 11:20:43','2017-10-26 11:20:43',1),(411,'procode411',1,NULL,'2017-10-26 11:20:43','2017-10-26 11:20:43',1),(412,'procode412',1,NULL,'2017-10-26 11:20:43','2017-10-26 11:20:43',1),(413,'procode413',1,NULL,'2017-10-26 11:20:43','2017-10-26 11:20:43',1),(414,'procode414',1,NULL,'2017-10-26 11:20:43','2017-10-26 11:20:43',1),(415,'procode415',1,NULL,'2017-10-26 11:20:43','2017-10-26 11:20:43',1),(416,'procode416',1,NULL,'2017-10-26 11:20:43','2017-10-26 11:20:43',1),(417,'procode417',1,NULL,'2017-10-26 11:20:43','2017-10-26 11:20:43',1),(418,'procode418',1,NULL,'2017-10-26 11:20:43','2017-10-26 11:20:43',1),(419,'procode419',1,NULL,'2017-10-26 11:20:43','2017-10-26 11:20:43',1),(420,'procode420',1,NULL,'2017-10-26 11:20:43','2017-10-26 11:20:43',1),(421,'procode421',1,NULL,'2017-10-26 11:20:43','2017-10-26 11:20:43',1),(422,'procode422',1,NULL,'2017-10-26 11:20:43','2017-10-26 11:20:43',1),(423,'procode423',1,NULL,'2017-10-26 11:20:43','2017-10-26 11:20:43',1),(424,'procode424',1,NULL,'2017-10-26 11:20:43','2017-10-26 11:20:43',1),(425,'procode425',1,NULL,'2017-10-26 11:20:43','2017-10-26 11:20:43',1),(426,'procode426',1,NULL,'2017-10-26 11:20:43','2017-10-26 11:20:43',1),(427,'procode427',1,NULL,'2017-10-26 11:20:43','2017-10-26 11:20:43',1),(428,'procode428',1,NULL,'2017-10-26 11:20:43','2017-10-26 11:20:43',1),(429,'procode429',1,NULL,'2017-10-26 11:20:43','2017-10-26 11:20:43',1),(430,'procode430',1,NULL,'2017-10-26 11:20:43','2017-10-26 11:20:43',1),(431,'procode431',1,NULL,'2017-10-26 11:20:43','2017-10-26 11:20:43',1),(432,'procode432',1,NULL,'2017-10-26 11:20:43','2017-10-26 11:20:43',1),(433,'procode433',1,NULL,'2017-10-26 11:20:43','2017-10-26 11:20:43',1),(434,'procode434',1,NULL,'2017-10-26 11:20:43','2017-10-26 11:20:43',1),(435,'procode435',1,NULL,'2017-10-26 11:20:43','2017-10-26 11:20:43',1),(436,'procode436',1,NULL,'2017-10-26 11:20:43','2017-10-26 11:20:43',1),(437,'procode437',1,NULL,'2017-10-26 11:20:43','2017-10-26 11:20:43',1),(438,'procode438',1,NULL,'2017-10-26 11:20:43','2017-10-26 11:20:43',1),(439,'procode439',1,NULL,'2017-10-26 11:20:43','2017-10-26 11:20:43',1),(440,'procode440',1,NULL,'2017-10-26 11:20:43','2017-10-26 11:20:43',1),(441,'procode441',1,NULL,'2017-10-26 11:20:43','2017-10-26 11:20:43',1),(442,'procode442',1,NULL,'2017-10-26 11:20:43','2017-10-26 11:20:43',1),(443,'procode443',1,NULL,'2017-10-26 11:20:43','2017-10-26 11:20:43',1),(444,'procode444',1,NULL,'2017-10-26 11:20:43','2017-10-26 11:20:43',1),(445,'procode445',1,NULL,'2017-10-26 11:20:43','2017-10-26 11:20:43',1),(446,'procode446',1,NULL,'2017-10-26 11:20:43','2017-10-26 11:20:43',1),(447,'procode447',1,NULL,'2017-10-26 11:20:43','2017-10-26 11:20:43',1),(448,'procode448',1,NULL,'2017-10-26 11:20:43','2017-10-26 11:20:43',1),(449,'procode449',1,NULL,'2017-10-26 11:20:43','2017-10-26 11:20:43',1),(450,'procode450',1,NULL,'2017-10-26 11:20:43','2017-10-26 11:20:43',1),(451,'procode451',1,NULL,'2017-10-26 11:20:43','2017-10-26 11:20:43',1),(452,'procode452',1,NULL,'2017-10-26 11:20:43','2017-10-26 11:20:43',1),(453,'procode453',1,NULL,'2017-10-26 11:20:43','2017-10-26 11:20:43',1),(454,'procode454',1,NULL,'2017-10-26 11:20:43','2017-10-26 11:20:43',1),(455,'procode455',1,NULL,'2017-10-26 11:20:43','2017-10-26 11:20:43',1),(456,'procode456',1,NULL,'2017-10-26 11:20:43','2017-10-26 11:20:43',1),(457,'procode457',1,NULL,'2017-10-26 11:20:43','2017-10-26 11:20:43',1),(458,'procode458',1,NULL,'2017-10-26 11:20:43','2017-10-26 11:20:43',1),(459,'procode459',1,NULL,'2017-10-26 11:20:43','2017-10-26 11:20:43',1),(460,'procode460',1,NULL,'2017-10-26 11:20:43','2017-10-26 11:20:43',1),(461,'procode461',1,NULL,'2017-10-26 11:20:43','2017-10-26 11:20:43',1),(462,'procode462',1,NULL,'2017-10-26 11:20:43','2017-10-26 11:20:43',1),(463,'procode463',1,NULL,'2017-10-26 11:20:43','2017-10-26 11:20:43',1),(464,'procode464',1,NULL,'2017-10-26 11:20:43','2017-10-26 11:20:43',1),(465,'procode465',1,NULL,'2017-10-26 11:20:43','2017-10-26 11:20:43',1),(466,'procode466',1,NULL,'2017-10-26 11:20:43','2017-10-26 11:20:43',1),(467,'procode467',1,NULL,'2017-10-26 11:20:43','2017-10-26 11:20:43',1),(468,'procode468',1,NULL,'2017-10-26 11:20:43','2017-10-26 11:20:43',1),(469,'procode469',1,NULL,'2017-10-26 11:20:43','2017-10-26 11:20:43',1),(470,'procode470',1,NULL,'2017-10-26 11:20:43','2017-10-26 11:20:43',1),(471,'procode471',1,NULL,'2017-10-26 11:20:43','2017-10-26 11:20:43',1),(472,'procode472',1,NULL,'2017-10-26 11:20:43','2017-10-26 11:20:43',1),(473,'procode473',1,NULL,'2017-10-26 11:20:43','2017-10-26 11:20:43',1),(474,'procode474',1,NULL,'2017-10-26 11:20:43','2017-10-26 11:20:43',1),(475,'procode475',1,NULL,'2017-10-26 11:20:43','2017-10-26 11:20:43',1),(476,'procode476',1,NULL,'2017-10-26 11:20:43','2017-10-26 11:20:43',1),(477,'procode477',1,NULL,'2017-10-26 11:20:43','2017-10-26 11:20:43',1),(478,'procode478',1,NULL,'2017-10-26 11:20:43','2017-10-26 11:20:43',1),(479,'procode479',1,NULL,'2017-10-26 11:20:43','2017-10-26 11:20:43',1),(480,'procode480',1,NULL,'2017-10-26 11:20:43','2017-10-26 11:20:43',1),(481,'procode481',1,NULL,'2017-10-26 11:20:43','2017-10-26 11:20:43',1),(482,'procode482',1,NULL,'2017-10-26 11:20:43','2017-10-26 11:20:43',1),(483,'procode483',1,NULL,'2017-10-26 11:20:43','2017-10-26 11:20:43',1),(484,'procode484',1,NULL,'2017-10-26 11:20:43','2017-10-26 11:20:43',1),(485,'procode485',1,NULL,'2017-10-26 11:20:43','2017-10-26 11:20:43',1),(486,'procode486',1,NULL,'2017-10-26 11:20:43','2017-10-26 11:20:43',1),(487,'procode487',1,NULL,'2017-10-26 11:20:43','2017-10-26 11:20:43',1),(488,'procode488',1,NULL,'2017-10-26 11:20:43','2017-10-26 11:20:43',1),(489,'procode489',1,NULL,'2017-10-26 11:20:43','2017-10-26 11:20:43',1),(490,'procode490',1,NULL,'2017-10-26 11:20:43','2017-10-26 11:20:43',1),(491,'procode491',1,NULL,'2017-10-26 11:20:43','2017-10-26 11:20:43',1),(492,'procode492',1,NULL,'2017-10-26 11:20:43','2017-10-26 11:20:43',1),(493,'procode493',1,NULL,'2017-10-26 11:20:43','2017-10-26 11:20:43',1),(494,'procode494',1,NULL,'2017-10-26 11:20:43','2017-10-26 11:20:43',1),(495,'procode495',1,NULL,'2017-10-26 11:20:43','2017-10-26 11:20:43',1),(496,'procode496',1,NULL,'2017-10-26 11:20:43','2017-10-26 11:20:43',1),(497,'procode497',1,NULL,'2017-10-26 11:20:43','2017-10-26 11:20:43',1),(498,'procode498',1,NULL,'2017-10-26 11:20:43','2017-10-26 11:20:43',1),(499,'procode499',1,NULL,'2017-10-26 11:20:43','2017-10-26 11:20:43',1),(500,'procode500',1,NULL,'2017-10-26 11:20:43','2017-10-26 11:20:43',1),(501,'procode501',1,NULL,'2017-10-26 11:20:43','2017-10-26 11:20:43',1),(502,'procode502',1,NULL,'2017-10-26 11:20:43','2017-10-26 11:20:43',1),(503,'procode503',1,NULL,'2017-10-26 11:20:43','2017-10-26 11:20:43',1),(504,'procode504',1,NULL,'2017-10-26 11:20:43','2017-10-26 11:20:43',1),(505,'procode505',1,NULL,'2017-10-26 11:20:43','2017-10-26 11:20:43',1),(506,'procode506',1,NULL,'2017-10-26 11:20:43','2017-10-26 11:20:43',1),(507,'WELCOME10',1,NULL,'2017-10-26 11:20:43','2017-10-26 11:20:43',NULL),(508,'FREESHIPPING',1,NULL,'2017-10-26 11:20:43','2017-10-26 11:20:43',4),(509,'S9217590A',1,NULL,'2017-11-09 01:46:13','2017-11-09 01:46:13',NULL),(510,'S1445149H',1,NULL,'2017-11-09 01:46:13','2017-11-09 01:46:13',NULL),(511,'S9428722G',1,NULL,'2017-11-09 01:46:13','2017-11-09 01:46:13',NULL),(512,'S8922161G',1,NULL,'2017-11-09 01:46:13','2017-11-09 01:46:13',NULL),(513,'S9643875C',1,NULL,'2017-11-09 01:46:13','2017-11-09 01:46:13',NULL),(514,'S9313599G',1,NULL,'2017-11-09 01:46:13','2017-11-09 01:46:13',NULL),(515,'S9140195I',1,NULL,'2017-11-09 01:46:13','2017-11-09 01:46:13',NULL),(516,'S9048825B',1,NULL,'2017-11-09 01:46:13','2017-11-09 01:46:13',NULL),(517,'S9303682D',1,NULL,'2017-11-09 01:46:13','2017-11-09 01:46:13',NULL),(518,'S9343294J',1,NULL,'2017-11-09 01:46:13','2017-11-09 01:46:13',NULL),(519,'S9422690B',1,NULL,'2017-11-09 01:46:14','2017-11-09 01:46:14',NULL),(520,'S9820707D',1,NULL,'2017-11-09 01:46:14','2017-11-09 01:46:14',NULL),(521,'S9829847I',1,NULL,'2017-11-09 01:46:14','2017-11-09 01:46:14',NULL),(522,'S9410627C',1,NULL,'2017-11-09 01:46:14','2017-11-09 01:46:14',NULL),(523,'S9217961C',1,NULL,'2017-11-09 01:46:14','2017-11-09 01:46:14',NULL),(524,'S8218307H',1,NULL,'2017-11-09 01:46:14','2017-11-09 01:46:14',NULL),(525,'S8900771B',1,NULL,'2017-11-09 01:46:14','2017-11-09 01:46:14',NULL),(526,'S9146115C',1,NULL,'2017-11-09 01:46:14','2017-11-09 01:46:14',NULL),(527,'S9121654Z',1,NULL,'2017-11-09 01:46:14','2017-11-09 01:46:14',NULL),(528,'S8207236E',1,NULL,'2017-11-09 01:46:14','2017-11-09 01:46:14',NULL),(529,'S7909562A',1,NULL,'2017-11-09 01:46:14','2017-11-09 01:46:14',NULL),(530,'S9347985H',1,NULL,'2017-11-09 01:46:14','2017-11-09 01:46:14',NULL),(531,'S9332027A',1,NULL,'2017-11-09 01:46:14','2017-11-09 01:46:14',NULL),(532,'S8716307E',1,NULL,'2017-11-09 01:46:14','2017-11-09 01:46:14',NULL),(533,'S9728294C',1,NULL,'2017-11-09 01:46:14','2017-11-09 01:46:14',NULL),(534,'S9370038D',1,NULL,'2017-11-09 01:46:14','2017-11-09 01:46:14',NULL),(535,'S9035550C',1,NULL,'2017-11-09 01:46:14','2017-11-09 01:46:14',NULL),(536,'S8828076H',1,NULL,'2017-11-09 01:46:14','2017-11-09 01:46:14',NULL),(537,'S9324837F',1,NULL,'2017-11-09 01:46:14','2017-11-09 01:46:14',NULL),(538,'S8607685C',1,NULL,'2017-11-09 01:46:14','2017-11-09 01:46:14',NULL),(539,'S9637105E',1,NULL,'2017-11-09 01:46:14','2017-11-09 01:46:14',NULL),(540,'S9543123B',1,NULL,'2017-11-09 01:46:14','2017-11-09 01:46:14',NULL),(541,'S8436839C',1,NULL,'2017-11-09 01:46:14','2017-11-09 01:46:14',NULL),(542,'S7426681I',1,NULL,'2017-11-09 01:46:14','2017-11-09 01:46:14',NULL),(543,'S9374377F',1,NULL,'2017-11-09 01:46:14','2017-11-09 01:46:14',NULL),(544,'S9334436G',1,NULL,'2017-11-09 01:46:14','2017-11-09 01:46:14',NULL),(545,'S6817789H',1,NULL,'2017-11-09 01:46:14','2017-11-09 01:46:14',NULL),(546,'S8612965E',1,NULL,'2017-11-09 01:46:14','2017-11-09 01:46:14',NULL),(547,'S7606135A',1,NULL,'2017-11-09 01:46:14','2017-11-09 01:46:14',NULL),(548,'S9111063F',1,NULL,'2017-11-09 01:46:14','2017-11-09 01:46:14',NULL),(549,'S9370617Z',1,NULL,'2017-11-09 01:46:14','2017-11-09 01:46:14',NULL),(550,'S7789642B',1,NULL,'2017-11-09 01:46:14','2017-11-09 01:46:14',NULL),(551,'S8432105B',1,NULL,'2017-11-09 01:46:14','2017-11-09 01:46:14',NULL),(552,'S9640157D',1,NULL,'2017-11-09 01:46:14','2017-11-09 01:46:14',NULL),(553,'S8306052B',1,NULL,'2017-11-09 01:46:14','2017-11-09 01:46:14',NULL),(554,'S8532141B',1,NULL,'2017-11-09 01:46:14','2017-11-09 01:46:14',NULL),(555,'S8825443J',1,NULL,'2017-11-09 01:46:15','2017-11-09 01:46:15',NULL),(556,'S9672522A',1,NULL,'2017-11-09 01:46:15','2017-11-09 01:46:15',NULL),(557,'S9313260B',1,NULL,'2017-11-09 01:46:15','2017-11-09 01:46:15',NULL),(558,'S9120687J',1,NULL,'2017-11-09 01:46:15','2017-11-09 01:46:15',NULL),(559,'T0110368C',1,NULL,'2017-11-09 01:46:15','2017-11-09 01:46:15',NULL),(560,'S9338229C',1,NULL,'2017-11-09 01:46:15','2017-11-09 01:46:15',NULL),(561,'S9742833F',1,NULL,'2017-11-09 01:46:15','2017-11-09 01:46:15',NULL),(562,'S1670952B',1,NULL,'2017-11-09 01:46:15','2017-11-09 01:46:15',NULL),(563,'S9533703A',1,NULL,'2017-11-09 01:46:15','2017-11-09 01:46:15',NULL),(564,'S8819238I',1,NULL,'2017-11-09 01:46:15','2017-11-09 01:46:15',NULL),(565,'S9423939G',1,NULL,'2017-11-09 01:46:15','2017-11-09 01:46:15',NULL),(566,'S9231695E',1,NULL,'2017-11-09 01:46:15','2017-11-09 01:46:15',NULL),(567,'S8118780J',1,NULL,'2017-11-09 01:46:15','2017-11-09 01:46:15',NULL),(568,'S8733948C',1,NULL,'2017-11-09 01:46:15','2017-11-09 01:46:15',NULL),(569,'S9338955G',1,NULL,'2017-11-09 01:46:15','2017-11-09 01:46:15',NULL),(570,'IMBACK15',1,NULL,'2017-11-10 00:09:17','2017-11-10 00:09:17',NULL),(571,'WELCOME10',1,NULL,'2017-11-10 02:09:12','2017-11-10 02:09:12',67),(572,'JAG15OFF',1,NULL,'2017-11-10 02:12:05','2017-11-10 02:12:05',68),(573,'JAG20OFF',1,NULL,'2017-11-10 02:14:50','2017-11-10 02:14:50',69),(574,'IMBACK15',1,NULL,'2017-11-10 02:17:39','2017-11-10 02:17:39',70),(575,'IMBACK15',1,NULL,'2017-11-10 02:18:52','2017-11-10 02:18:52',71),(576,'S9217590A',1,NULL,'2017-11-10 04:09:21','2017-11-10 04:09:21',72),(577,'S1445149H',1,NULL,'2017-11-10 04:09:21','2017-11-10 04:09:21',73),(578,'S9428722G',1,NULL,'2017-11-10 04:09:21','2017-11-10 04:09:21',74),(579,'S8922161G',1,NULL,'2017-11-10 04:09:21','2017-11-10 04:09:21',75),(580,'S9643875C',1,NULL,'2017-11-10 04:09:21','2017-11-10 04:09:21',76),(581,'S9313599G',1,NULL,'2017-11-10 04:09:21','2017-11-10 04:09:21',77),(582,'S9140195I',1,NULL,'2017-11-10 04:09:21','2017-11-10 04:09:21',78),(583,'S9048825B',1,NULL,'2017-11-10 04:09:21','2017-11-10 04:09:21',79),(584,'S9303682D',1,NULL,'2017-11-10 04:09:21','2017-11-10 04:09:21',80),(585,'S9343294J',1,NULL,'2017-11-10 04:09:21','2017-11-10 04:09:21',81),(586,'S9422690B',1,NULL,'2017-11-10 04:09:21','2017-11-10 04:09:21',82),(587,'S9820707D',1,NULL,'2017-11-10 04:09:22','2017-11-10 04:09:22',83),(588,'S9829847I',1,NULL,'2017-11-10 04:09:22','2017-11-10 04:09:22',84),(589,'S9410627C',1,NULL,'2017-11-10 04:09:22','2017-11-10 04:09:22',85),(590,'S9217961C',1,NULL,'2017-11-10 04:09:22','2017-11-10 04:09:22',86),(591,'S8218307H',1,NULL,'2017-11-10 04:09:22','2017-11-10 04:09:22',87),(592,'S8900771B',1,NULL,'2017-11-10 04:09:22','2017-11-10 04:09:22',88),(593,'S9146115C',1,NULL,'2017-11-10 04:09:22','2017-11-10 04:09:22',89),(594,'S9121654Z',1,NULL,'2017-11-10 04:09:22','2017-11-10 04:09:22',90),(595,'S8207236E',1,NULL,'2017-11-10 04:09:22','2017-11-10 04:09:22',91),(596,'S7909562A',1,NULL,'2017-11-10 04:09:22','2017-11-10 04:09:22',92),(597,'S9347985H',1,NULL,'2017-11-10 04:09:22','2017-11-10 04:09:22',93),(598,'S9332027A',1,NULL,'2017-11-10 04:09:22','2017-11-10 04:09:22',94),(599,'S8716307E',1,NULL,'2017-11-10 04:09:22','2017-11-10 04:09:22',95),(600,'S9728294C',1,NULL,'2017-11-10 04:09:22','2017-11-10 04:09:22',96),(601,'S9370038D',1,NULL,'2017-11-10 04:09:22','2017-11-10 04:09:22',97),(602,'S9035550C',1,NULL,'2017-11-10 04:09:22','2017-11-10 04:09:22',98),(603,'S8828076H',1,NULL,'2017-11-10 04:09:22','2017-11-10 04:09:22',99),(604,'S9324837F',1,NULL,'2017-11-10 04:09:22','2017-11-10 04:09:22',100),(605,'S8607685C',1,NULL,'2017-11-10 04:09:22','2017-11-10 04:09:22',101),(606,'S9637105E',1,NULL,'2017-11-10 04:09:22','2017-11-10 04:09:22',102),(607,'S9543123B',1,NULL,'2017-11-10 04:09:22','2017-11-10 04:09:22',103),(608,'S8436839C',1,NULL,'2017-11-10 04:09:22','2017-11-10 04:09:22',104),(609,'S7426681I',1,NULL,'2017-11-10 04:09:22','2017-11-10 04:09:22',105),(610,'S9374377F',1,NULL,'2017-11-10 04:09:22','2017-11-10 04:09:22',106),(611,'S9334436G',1,NULL,'2017-11-10 04:09:22','2017-11-10 04:09:22',107),(612,'S6817789H',1,NULL,'2017-11-10 04:09:22','2017-11-10 04:09:22',108),(613,'S8612965E',1,NULL,'2017-11-10 04:09:22','2017-11-10 04:09:22',109),(614,'S7606135A',1,NULL,'2017-11-10 04:09:22','2017-11-10 04:09:22',110),(615,'S9111063F',1,NULL,'2017-11-10 04:09:22','2017-11-10 04:09:22',111),(616,'S9370617Z',1,NULL,'2017-11-10 04:09:22','2017-11-10 04:09:22',112),(617,'S7789642B',1,NULL,'2017-11-10 04:09:22','2017-11-10 04:09:22',113),(618,'S8432105B',1,NULL,'2017-11-10 04:09:22','2017-11-10 04:09:22',114),(619,'S9640157D',1,NULL,'2017-11-10 04:09:22','2017-11-10 04:09:22',115),(620,'S8306052B',1,NULL,'2017-11-10 04:09:22','2017-11-10 04:09:22',116),(621,'S8532141B',1,NULL,'2017-11-10 04:09:22','2017-11-10 04:09:22',117),(622,'S8825443J',1,NULL,'2017-11-10 04:09:22','2017-11-10 04:09:22',118),(623,'S9672522A',1,NULL,'2017-11-10 04:09:22','2017-11-10 04:09:22',119),(624,'S9313260B',1,NULL,'2017-11-10 04:09:22','2017-11-10 04:09:22',120),(625,'S9120687J',1,NULL,'2017-11-10 04:09:22','2017-11-10 04:09:22',121),(626,'T0110368C',1,NULL,'2017-11-10 04:09:22','2017-11-10 04:09:22',122),(627,'S9338229C',1,NULL,'2017-11-10 04:09:23','2017-11-10 04:09:23',123),(628,'S9742833F',1,NULL,'2017-11-10 04:09:23','2017-11-10 04:09:23',124),(629,'S1670952B',1,NULL,'2017-11-10 04:09:23','2017-11-10 04:09:23',125),(630,'S9533703A',1,NULL,'2017-11-10 04:09:23','2017-11-10 04:09:23',126),(631,'S8819238I',1,NULL,'2017-11-10 04:09:23','2017-11-10 04:09:23',127),(632,'S9423939G',1,NULL,'2017-11-10 04:09:23','2017-11-10 04:09:23',128),(633,'S9231695E',1,NULL,'2017-11-10 04:09:23','2017-11-10 04:09:23',129),(634,'S8118780J',1,NULL,'2017-11-10 04:09:23','2017-11-10 04:09:23',130),(635,'S8733948C',1,NULL,'2017-11-10 04:09:23','2017-11-10 04:09:23',131),(636,'S9338955G',1,NULL,'2017-11-10 04:09:23','2017-11-10 04:09:23',132);
/*!40000 ALTER TABLE `PromotionCodes` ENABLE KEYS */;
UNLOCK TABLES;

--
-- Table structure for table `PromotionProducts`
--

DROP TABLE IF EXISTS `PromotionProducts`;
/*!40101 SET @saved_cs_client     = @@character_set_client */;
/*!40101 SET character_set_client = utf8 */;
CREATE TABLE `PromotionProducts` (
  `id` int(11) NOT NULL AUTO_INCREMENT,
  `planIds` text,
  `productCountryIds` text,
  `PromotionId` int(11) DEFAULT NULL,
  PRIMARY KEY (`id`),
  KEY `PromotionId` (`PromotionId`),
  CONSTRAINT `PromotionProducts_ibfk_1` FOREIGN KEY (`PromotionId`) REFERENCES `Promotions` (`id`) ON DELETE SET NULL ON UPDATE CASCADE
) ENGINE=InnoDB DEFAULT CHARSET=utf8;
/*!40101 SET character_set_client = @saved_cs_client */;

--
-- Dumping data for table `PromotionProducts`
--

LOCK TABLES `PromotionProducts` WRITE;
/*!40000 ALTER TABLE `PromotionProducts` DISABLE KEYS */;
/*!40000 ALTER TABLE `PromotionProducts` ENABLE KEYS */;
UNLOCK TABLES;

--
-- Table structure for table `PromotionTranslates`
--

DROP TABLE IF EXISTS `PromotionTranslates`;
/*!40101 SET @saved_cs_client     = @@character_set_client */;
/*!40101 SET character_set_client = utf8 */;
CREATE TABLE `PromotionTranslates` (
  `id` int(11) NOT NULL AUTO_INCREMENT,
  `name` varchar(30) NOT NULL,
  `description` text NOT NULL,
  `langCode` varchar(2) NOT NULL,
  `PromotionId` int(11) DEFAULT NULL,
  PRIMARY KEY (`id`),
  KEY `PromotionId` (`PromotionId`),
  CONSTRAINT `PromotionTranslates_ibfk_1` FOREIGN KEY (`PromotionId`) REFERENCES `Promotions` (`id`) ON DELETE SET NULL ON UPDATE CASCADE
) ENGINE=InnoDB AUTO_INCREMENT=73 DEFAULT CHARSET=utf8;
/*!40101 SET character_set_client = @saved_cs_client */;

--
-- Dumping data for table `PromotionTranslates`
--

LOCK TABLES `PromotionTranslates` WRITE;
/*!40000 ALTER TABLE `PromotionTranslates` DISABLE KEYS */;
INSERT INTO `PromotionTranslates` VALUES (1,'thank you','discount for next purchasing','EN',1),(2,'new year','discount for new year vacation','EN',2),(3,'wellcome','wellcome new member','EN',NULL),(4,'freeshipping','free shipping for first order','EN',4),(5,'Existing users 15% off','Existing users 15% off','en',NULL),(6,'Welcome 10% Malaysia','One-time use only\r\nMalaysia\r\nWelcome 10% off \r\nApplicable to ALL products & plans\r\nMin spend RM50\r\nMax spend None (removed 10 Nov)','en',67),(7,'JAG 15% Malaysia','15% off for JAG Employees\r\nUnlimited usage\r\nno min spend\r\nno max discount\r\napply to all products','en',68),(8,'JAG 20% Malaysia','20% off for JAG Employees\r\n Unlimited usage\r\n Min spend RM50\r\n no max discount\r\n apply to all products','en',69),(9,'Existing Users 15%off MY','Generic code for existing users (send via eDM)\r\n1 time use only\r\nApplicable for ALL products\r\n\r\nFor revamp site launch','en',70),(10,'Existing Users 15%off SG','Generic code for existing users (send via eDM)\r\n 1 time use only\r\n Applicable for ALL products\r\n \r\n For revamp site launch','en',71),(11,'BA-App promotion','promotion for S9217590A','EN',72),(12,'BA-App promotion','promotion for S1445149H','EN',73),(13,'BA-App promotion','promotion for S9428722G','EN',74),(14,'BA-App promotion','promotion for S8922161G','EN',75),(15,'BA-App promotion','promotion for S9643875C','EN',76),(16,'BA-App promotion','promotion for S9313599G','EN',77),(17,'BA-App promotion','promotion for S9140195I','EN',78),(18,'BA-App promotion','promotion for S9048825B','EN',79),(19,'BA-App promotion','promotion for S9303682D','EN',80),(20,'BA-App promotion','promotion for S9343294J','EN',81),(21,'BA-App promotion','promotion for S9422690B','EN',82),(22,'BA-App promotion','promotion for S9820707D','EN',83),(23,'BA-App promotion','promotion for S9829847I','EN',84),(24,'BA-App promotion','promotion for S9410627C','EN',85),(25,'BA-App promotion','promotion for S9217961C','EN',86),(26,'BA-App promotion','promotion for S8218307H','EN',87),(27,'BA-App promotion','promotion for S8900771B','EN',88),(28,'BA-App promotion','promotion for S9146115C','EN',89),(29,'BA-App promotion','promotion for S9121654Z','EN',90),(30,'BA-App promotion','promotion for S8207236E','EN',91),(31,'BA-App promotion','promotion for S7909562A','EN',92),(32,'BA-App promotion','promotion for S9347985H','EN',93),(33,'BA-App promotion','promotion for S9332027A','EN',94),(34,'BA-App promotion','promotion for S8716307E','EN',95),(35,'BA-App promotion','promotion for S9728294C','EN',96),(36,'BA-App promotion','promotion for S9370038D','EN',97),(37,'BA-App promotion','promotion for S9035550C','EN',98),(38,'BA-App promotion','promotion for S8828076H','EN',99),(39,'BA-App promotion','promotion for S9324837F','EN',100),(40,'BA-App promotion','promotion for S8607685C','EN',101),(41,'BA-App promotion','promotion for S9637105E','EN',102),(42,'BA-App promotion','promotion for S9543123B','EN',103),(43,'BA-App promotion','promotion for S8436839C','EN',104),(44,'BA-App promotion','promotion for S7426681I','EN',105),(45,'BA-App promotion','promotion for S9374377F','EN',106),(46,'BA-App promotion','promotion for S9334436G','EN',107),(47,'BA-App promotion','promotion for S6817789H','EN',108),(48,'BA-App promotion','promotion for S8612965E','EN',109),(49,'BA-App promotion','promotion for S7606135A','EN',110),(50,'BA-App promotion','promotion for S9111063F','EN',111),(51,'BA-App promotion','promotion for S9370617Z','EN',112),(52,'BA-App promotion','promotion for S7789642B','EN',113),(53,'BA-App promotion','promotion for S8432105B','EN',114),(54,'BA-App promotion','promotion for S9640157D','EN',115),(55,'BA-App promotion','promotion for S8306052B','EN',116),(56,'BA-App promotion','promotion for S8532141B','EN',117),(57,'BA-App promotion','promotion for S8825443J','EN',118),(58,'BA-App promotion','promotion for S9672522A','EN',119),(59,'BA-App promotion','promotion for S9313260B','EN',120),(60,'BA-App promotion','promotion for S9120687J','EN',121),(61,'BA-App promotion','promotion for T0110368C','EN',122),(62,'BA-App promotion','promotion for S9338229C','EN',123),(63,'BA-App promotion','promotion for S9742833F','EN',124),(64,'BA-App promotion','promotion for S1670952B','EN',125),(65,'BA-App promotion','promotion for S9533703A','EN',126),(66,'BA-App promotion','promotion for S8819238I','EN',127),(67,'BA-App promotion','promotion for S9423939G','EN',128),(68,'BA-App promotion','promotion for S9231695E','EN',129),(69,'BA-App promotion','promotion for S8118780J','EN',130),(70,'BA-App promotion','promotion for S8733948C','EN',131),(71,'BA-App promotion','promotion for S9338955G','EN',132),(72,'Test promotion','123','en',133);
/*!40000 ALTER TABLE `PromotionTranslates` ENABLE KEYS */;
UNLOCK TABLES;

--
-- Table structure for table `Promotions`
--

DROP TABLE IF EXISTS `Promotions`;
/*!40101 SET @saved_cs_client     = @@character_set_client */;
/*!40101 SET character_set_client = utf8 */;
CREATE TABLE `Promotions` (
  `id` int(11) NOT NULL AUTO_INCREMENT,
  `discount` int(11) DEFAULT '0',
  `bannerUrl` varchar(200) DEFAULT NULL,
  `emailTemplateId` varchar(50) DEFAULT NULL,
  `emailTemplateOptions` text,
  `expiredAt` date NOT NULL,
  `activeAt` date NOT NULL DEFAULT '2017-10-26',
  `minSpend` decimal(10,2) DEFAULT NULL,
  `maxDiscount` decimal(10,2) DEFAULT NULL,
  `planIds` text,
  `productCountryIds` text,
  `planCountryIds` text,
  `isGeneric` tinyint(1) DEFAULT '0',
  `timePerUser` int(11) DEFAULT '1',
  `totalUsage` int(11) DEFAULT NULL,
  `appliedTo` text,
  `isFreeShipping` tinyint(1) DEFAULT '0',
  `createdAt` datetime NOT NULL,
  `updatedAt` datetime NOT NULL,
  `CountryId` int(11) DEFAULT NULL,
  PRIMARY KEY (`id`),
  KEY `CountryId` (`CountryId`),
  CONSTRAINT `Promotions_ibfk_1` FOREIGN KEY (`CountryId`) REFERENCES `Countries` (`id`) ON DELETE SET NULL ON UPDATE CASCADE
) ENGINE=InnoDB AUTO_INCREMENT=134 DEFAULT CHARSET=utf8;
/*!40101 SET character_set_client = @saved_cs_client */;

--
-- Dumping data for table `Promotions`
--

LOCK TABLES `Promotions` WRITE;
/*!40000 ALTER TABLE `Promotions` DISABLE KEYS */;
INSERT INTO `Promotions` VALUES (1,10,'https://smart-shaves-development.s3-ap-southeast-1.amazonaws.com/product-images/bca86860-8b99-11e7-a6cf-65e786dcfa6c.png',NULL,NULL,'2020-10-10','2017-10-26',NULL,NULL,NULL,'all','all',0,1,NULL,NULL,0,'2017-10-26 11:20:43','2017-10-26 11:20:43',1),(2,20,'https://smart-shaves-development.s3-ap-southeast-1.amazonaws.com/product-images/bca86860-8b99-11e7-a6cf-65e786dcfa6c.png',NULL,NULL,'2020-10-10','2017-10-26',NULL,NULL,NULL,'[2,3]','[1]',0,1,NULL,NULL,0,'2017-10-26 11:20:43','2017-10-26 11:20:43',1),(4,0,'https://smart-shaves-development.s3-ap-southeast-1.amazonaws.com/product-images/bca86860-8b99-11e7-a6cf-65e786dcfa6c.png',NULL,NULL,'2020-10-10','2017-10-26',NULL,NULL,NULL,'all','all',1,1,NULL,NULL,1,'2017-10-26 11:20:43','2017-10-26 11:20:43',1),(67,10,'https://smart-shaves-development.s3-ap-southeast-1.amazonaws.com/product-images/25278540-c5bc-11e7-93d1-dd9c444469ad.png',NULL,NULL,'2018-12-31','2017-11-10',50.00,NULL,NULL,'all','all',1,1,NULL,'{\"1\":1,\"172\":1,\"undefined\":1}',0,'2017-11-10 02:09:12','2017-11-10 13:07:18',1),(68,15,'https://smart-shaves-development.s3-ap-southeast-1.amazonaws.com/product-images/8bc81a80-c5bc-11e7-93d1-dd9c444469ad.png',NULL,NULL,'2018-12-31','2017-11-10',NULL,NULL,NULL,'all','all',1,1,NULL,'{\"172\":1,\"undefined\":1}',0,'2017-11-10 02:12:05','2017-11-10 11:00:04',1),(69,20,'https://smart-shaves-development.s3-ap-southeast-1.amazonaws.com/product-images/ee52d960-c5bc-11e7-93d1-dd9c444469ad.png',NULL,NULL,'2018-12-31','2017-11-10',50.00,NULL,NULL,'all','all',1,1,NULL,'{\"undefined\":1}',0,'2017-11-10 02:14:50','2017-11-10 11:29:24',1),(70,15,'https://smart-shaves-development.s3-ap-southeast-1.amazonaws.com/product-images/53404060-c5bd-11e7-93d1-dd9c444469ad.png',NULL,NULL,'2018-12-31','2017-11-10',NULL,NULL,NULL,'all','all',1,1,NULL,'{\"172\":1}',0,'2017-11-10 02:17:39','2017-11-10 11:18:12',1),(71,15,'https://smart-shaves-development.s3-ap-southeast-1.amazonaws.com/product-images/7e783f30-c5bd-11e7-93d1-dd9c444469ad.png',NULL,NULL,'2018-12-31','2017-11-10',NULL,NULL,NULL,'all','all',1,1,NULL,NULL,0,'2017-11-10 02:18:51','2017-11-10 02:18:51',1),(72,10,NULL,NULL,NULL,'2017-11-11','2017-11-10',NULL,NULL,NULL,'all','all',1,1000,NULL,NULL,0,'2017-11-10 04:09:21','2017-11-10 04:09:21',7),(73,10,NULL,NULL,NULL,'2017-11-11','2017-11-10',NULL,NULL,NULL,'all','all',1,1000,NULL,NULL,0,'2017-11-10 04:09:21','2017-11-10 04:09:21',7),(74,10,NULL,NULL,NULL,'2017-11-11','2017-11-10',NULL,NULL,NULL,'all','all',1,1000,NULL,NULL,0,'2017-11-10 04:09:21','2017-11-10 04:09:21',7),(75,10,NULL,NULL,NULL,'2017-11-11','2017-11-10',NULL,NULL,NULL,'all','all',1,1000,NULL,NULL,0,'2017-11-10 04:09:21','2017-11-10 04:09:21',7),(76,10,NULL,NULL,NULL,'2017-11-11','2017-11-10',NULL,NULL,NULL,'all','all',1,1000,NULL,NULL,0,'2017-11-10 04:09:21','2017-11-10 04:09:21',7),(77,10,NULL,NULL,NULL,'2017-11-11','2017-11-10',NULL,NULL,NULL,'all','all',1,1000,NULL,NULL,0,'2017-11-10 04:09:21','2017-11-10 04:09:21',7),(78,10,NULL,NULL,NULL,'2017-11-11','2017-11-10',NULL,NULL,NULL,'all','all',1,1000,NULL,NULL,0,'2017-11-10 04:09:21','2017-11-10 04:09:21',7),(79,10,NULL,NULL,NULL,'2017-11-11','2017-11-10',NULL,NULL,NULL,'all','all',1,1000,NULL,NULL,0,'2017-11-10 04:09:21','2017-11-10 04:09:21',7),(80,10,NULL,NULL,NULL,'2017-11-11','2017-11-10',NULL,NULL,NULL,'all','all',1,1000,NULL,NULL,0,'2017-11-10 04:09:21','2017-11-10 04:09:21',7),(81,10,NULL,NULL,NULL,'2017-11-11','2017-11-10',NULL,NULL,NULL,'all','all',1,1000,NULL,NULL,0,'2017-11-10 04:09:21','2017-11-10 04:09:21',7),(82,10,NULL,NULL,NULL,'2017-11-11','2017-11-10',NULL,NULL,NULL,'all','all',1,1000,NULL,NULL,0,'2017-11-10 04:09:21','2017-11-10 04:09:21',7),(83,10,NULL,NULL,NULL,'2017-11-11','2017-11-10',NULL,NULL,NULL,'all','all',1,1000,NULL,NULL,0,'2017-11-10 04:09:22','2017-11-10 04:09:22',7),(84,10,NULL,NULL,NULL,'2017-11-11','2017-11-10',NULL,NULL,NULL,'all','all',1,1000,NULL,NULL,0,'2017-11-10 04:09:22','2017-11-10 04:09:22',7),(85,10,NULL,NULL,NULL,'2017-11-11','2017-11-10',NULL,NULL,NULL,'all','all',1,1000,NULL,NULL,0,'2017-11-10 04:09:22','2017-11-10 04:09:22',7),(86,10,NULL,NULL,NULL,'2017-11-11','2017-11-10',NULL,NULL,NULL,'all','all',1,1000,NULL,NULL,0,'2017-11-10 04:09:22','2017-11-10 04:09:22',7),(87,10,NULL,NULL,NULL,'2017-11-11','2017-11-10',NULL,NULL,NULL,'all','all',1,1000,NULL,NULL,0,'2017-11-10 04:09:22','2017-11-10 04:09:22',7),(88,10,NULL,NULL,NULL,'2017-11-11','2017-11-10',NULL,NULL,NULL,'all','all',1,1000,NULL,NULL,0,'2017-11-10 04:09:22','2017-11-10 04:09:22',7),(89,10,NULL,NULL,NULL,'2017-11-11','2017-11-10',NULL,NULL,NULL,'all','all',1,1000,NULL,NULL,0,'2017-11-10 04:09:22','2017-11-10 04:09:22',7),(90,10,NULL,NULL,NULL,'2017-11-11','2017-11-10',NULL,NULL,NULL,'all','all',1,1000,NULL,NULL,0,'2017-11-10 04:09:22','2017-11-10 04:09:22',7),(91,10,NULL,NULL,NULL,'2017-11-11','2017-11-10',NULL,NULL,NULL,'all','all',1,1000,NULL,NULL,0,'2017-11-10 04:09:22','2017-11-10 04:09:22',7),(92,10,NULL,NULL,NULL,'2017-11-11','2017-11-10',NULL,NULL,NULL,'all','all',1,1000,NULL,NULL,0,'2017-11-10 04:09:22','2017-11-10 04:09:22',7),(93,10,NULL,NULL,NULL,'2017-11-11','2017-11-10',NULL,NULL,NULL,'all','all',1,1000,NULL,NULL,0,'2017-11-10 04:09:22','2017-11-10 04:09:22',7),(94,10,NULL,NULL,NULL,'2017-11-11','2017-11-10',NULL,NULL,NULL,'all','all',1,1000,NULL,NULL,0,'2017-11-10 04:09:22','2017-11-10 04:09:22',7),(95,10,NULL,NULL,NULL,'2017-11-11','2017-11-10',NULL,NULL,NULL,'all','all',1,1000,NULL,NULL,0,'2017-11-10 04:09:22','2017-11-10 04:09:22',7),(96,10,NULL,NULL,NULL,'2017-11-11','2017-11-10',NULL,NULL,NULL,'all','all',1,1000,NULL,NULL,0,'2017-11-10 04:09:22','2017-11-10 04:09:22',7),(97,10,NULL,NULL,NULL,'2017-11-11','2017-11-10',NULL,NULL,NULL,'all','all',1,1000,NULL,NULL,0,'2017-11-10 04:09:22','2017-11-10 04:09:22',7),(98,10,NULL,NULL,NULL,'2017-11-11','2017-11-10',NULL,NULL,NULL,'all','all',1,1000,NULL,NULL,0,'2017-11-10 04:09:22','2017-11-10 04:09:22',7),(99,10,NULL,NULL,NULL,'2017-11-11','2017-11-10',NULL,NULL,NULL,'all','all',1,1000,NULL,NULL,0,'2017-11-10 04:09:22','2017-11-10 04:09:22',7),(100,10,NULL,NULL,NULL,'2017-11-11','2017-11-10',NULL,NULL,NULL,'all','all',1,1000,NULL,NULL,0,'2017-11-10 04:09:22','2017-11-10 04:09:22',7),(101,10,NULL,NULL,NULL,'2017-11-11','2017-11-10',NULL,NULL,NULL,'all','all',1,1000,NULL,NULL,0,'2017-11-10 04:09:22','2017-11-10 04:09:22',7),(102,10,NULL,NULL,NULL,'2017-11-11','2017-11-10',NULL,NULL,NULL,'all','all',1,1000,NULL,NULL,0,'2017-11-10 04:09:22','2017-11-10 04:09:22',7),(103,10,NULL,NULL,NULL,'2017-11-11','2017-11-10',NULL,NULL,NULL,'all','all',1,1000,NULL,NULL,0,'2017-11-10 04:09:22','2017-11-10 04:09:22',7),(104,10,NULL,NULL,NULL,'2017-11-11','2017-11-10',NULL,NULL,NULL,'all','all',1,1000,NULL,NULL,0,'2017-11-10 04:09:22','2017-11-10 04:09:22',7),(105,10,NULL,NULL,NULL,'2017-11-11','2017-11-10',NULL,NULL,NULL,'all','all',1,1000,NULL,NULL,0,'2017-11-10 04:09:22','2017-11-10 04:09:22',7),(106,10,NULL,NULL,NULL,'2017-11-11','2017-11-10',NULL,NULL,NULL,'all','all',1,1000,NULL,NULL,0,'2017-11-10 04:09:22','2017-11-10 04:09:22',7),(107,10,NULL,NULL,NULL,'2017-11-11','2017-11-10',NULL,NULL,NULL,'all','all',1,1000,NULL,NULL,0,'2017-11-10 04:09:22','2017-11-10 04:09:22',7),(108,10,NULL,NULL,NULL,'2017-11-11','2017-11-10',NULL,NULL,NULL,'all','all',1,1000,NULL,NULL,0,'2017-11-10 04:09:22','2017-11-10 04:09:22',7),(109,10,NULL,NULL,NULL,'2017-11-11','2017-11-10',NULL,NULL,NULL,'all','all',1,1000,NULL,NULL,0,'2017-11-10 04:09:22','2017-11-10 04:09:22',7),(110,10,NULL,NULL,NULL,'2017-11-11','2017-11-10',NULL,NULL,NULL,'all','all',1,1000,NULL,NULL,0,'2017-11-10 04:09:22','2017-11-10 04:09:22',7),(111,10,NULL,NULL,NULL,'2017-11-11','2017-11-10',NULL,NULL,NULL,'all','all',1,1000,NULL,NULL,0,'2017-11-10 04:09:22','2017-11-10 04:09:22',7),(112,10,NULL,NULL,NULL,'2017-11-11','2017-11-10',NULL,NULL,NULL,'all','all',1,1000,NULL,NULL,0,'2017-11-10 04:09:22','2017-11-10 04:09:22',7),(113,10,NULL,NULL,NULL,'2017-11-11','2017-11-10',NULL,NULL,NULL,'all','all',1,1000,NULL,NULL,0,'2017-11-10 04:09:22','2017-11-10 04:09:22',7),(114,10,NULL,NULL,NULL,'2017-11-11','2017-11-10',NULL,NULL,NULL,'all','all',1,1000,NULL,NULL,0,'2017-11-10 04:09:22','2017-11-10 04:09:22',7),(115,10,NULL,NULL,NULL,'2017-11-11','2017-11-10',NULL,NULL,NULL,'all','all',1,1000,NULL,NULL,0,'2017-11-10 04:09:22','2017-11-10 04:09:22',7),(116,10,NULL,NULL,NULL,'2017-11-11','2017-11-10',NULL,NULL,NULL,'all','all',1,1000,NULL,NULL,0,'2017-11-10 04:09:22','2017-11-10 04:09:22',7),(117,10,NULL,NULL,NULL,'2017-11-11','2017-11-10',NULL,NULL,NULL,'all','all',1,1000,NULL,NULL,0,'2017-11-10 04:09:22','2017-11-10 04:09:22',7),(118,10,NULL,NULL,NULL,'2017-11-11','2017-11-10',NULL,NULL,NULL,'all','all',1,1000,NULL,NULL,0,'2017-11-10 04:09:22','2017-11-10 04:09:22',7),(119,10,NULL,NULL,NULL,'2017-11-11','2017-11-10',NULL,NULL,NULL,'all','all',1,1000,NULL,NULL,0,'2017-11-10 04:09:22','2017-11-10 04:09:22',7),(120,10,NULL,NULL,NULL,'2017-11-11','2017-11-10',NULL,NULL,NULL,'all','all',1,1000,NULL,NULL,0,'2017-11-10 04:09:22','2017-11-10 04:09:22',7),(121,10,NULL,NULL,NULL,'2017-11-11','2017-11-10',NULL,NULL,NULL,'all','all',1,1000,NULL,NULL,0,'2017-11-10 04:09:22','2017-11-10 04:09:22',7),(122,10,NULL,NULL,NULL,'2017-11-11','2017-11-10',NULL,NULL,NULL,'all','all',1,1000,NULL,NULL,0,'2017-11-10 04:09:22','2017-11-10 04:09:22',7),(123,10,NULL,NULL,NULL,'2017-11-11','2017-11-10',NULL,NULL,NULL,'all','all',1,1000,NULL,NULL,0,'2017-11-10 04:09:23','2017-11-10 04:09:23',7),(124,10,NULL,NULL,NULL,'2017-11-11','2017-11-10',NULL,NULL,NULL,'all','all',1,1000,NULL,NULL,0,'2017-11-10 04:09:23','2017-11-10 04:09:23',7),(125,10,NULL,NULL,NULL,'2017-11-11','2017-11-10',NULL,NULL,NULL,'all','all',1,1000,NULL,NULL,0,'2017-11-10 04:09:23','2017-11-10 04:09:23',7),(126,10,NULL,NULL,NULL,'2017-11-11','2017-11-10',NULL,NULL,NULL,'all','all',1,1000,NULL,NULL,0,'2017-11-10 04:09:23','2017-11-10 04:09:23',7),(127,10,NULL,NULL,NULL,'2017-11-11','2017-11-10',NULL,NULL,NULL,'all','all',1,1000,NULL,NULL,0,'2017-11-10 04:09:23','2017-11-10 04:09:23',7),(128,10,NULL,NULL,NULL,'2017-11-11','2017-11-10',NULL,NULL,NULL,'all','all',1,1000,NULL,NULL,0,'2017-11-10 04:09:23','2017-11-10 04:09:23',7),(129,10,NULL,NULL,NULL,'2017-11-11','2017-11-10',NULL,NULL,NULL,'all','all',1,1000,NULL,NULL,0,'2017-11-10 04:09:23','2017-11-10 04:09:23',7),(130,10,NULL,NULL,NULL,'2017-11-11','2017-11-10',NULL,NULL,NULL,'all','all',1,1000,NULL,NULL,0,'2017-11-10 04:09:23','2017-11-10 04:09:23',7),(131,10,NULL,NULL,NULL,'2017-11-11','2017-11-10',NULL,NULL,NULL,'all','all',1,1000,NULL,NULL,0,'2017-11-10 04:09:23','2017-11-10 04:09:23',7),(132,10,NULL,NULL,NULL,'2017-11-11','2017-11-10',NULL,NULL,NULL,'all','all',1,1000,NULL,NULL,0,'2017-11-10 04:09:23','2017-11-10 04:09:23',7),(133,10,'https://smart-shaves-development.s3-ap-southeast-1.amazonaws.com/product-images/ed303410-c5f8-11e7-acf4-5744fec5cf42.png',NULL,NULL,'2017-11-10','2017-11-10',100.00,50.00,NULL,'all','all',0,12,NULL,NULL,0,'2017-11-10 09:24:18','2017-11-10 09:24:18',1);
/*!40000 ALTER TABLE `Promotions` ENABLE KEYS */;
UNLOCK TABLES;

--
-- Table structure for table `Receipts`
--

DROP TABLE IF EXISTS `Receipts`;
/*!40101 SET @saved_cs_client     = @@character_set_client */;
/*!40101 SET character_set_client = utf8 */;
CREATE TABLE `Receipts` (
  `id` int(11) NOT NULL AUTO_INCREMENT,
  `chargeId` varchar(30) DEFAULT NULL,
  `last4` varchar(4) DEFAULT NULL,
  `branchName` varchar(20) DEFAULT NULL,
  `expiredYear` varchar(4) DEFAULT NULL,
  `expiredMonth` varchar(2) DEFAULT NULL,
  `chargeFee` decimal(10,2) DEFAULT '0.00',
  `chargeCurrency` varchar(5) DEFAULT NULL,
  `subTotalPrice` decimal(10,2) DEFAULT '0.00',
  `discountAmount` decimal(10,2) DEFAULT '0.00',
  `shippingFee` decimal(10,2) DEFAULT '0.00',
  `taxAmount` decimal(10,2) DEFAULT '0.00',
  `totalPrice` decimal(10,2) DEFAULT '0.00',
  `currency` varchar(5) NOT NULL,
  `createdAt` datetime NOT NULL,
  `updatedAt` datetime NOT NULL,
  `OrderId` varchar(12) DEFAULT NULL,
  `originPrice` decimal(10,2) DEFAULT '0.00',
  PRIMARY KEY (`id`),
  KEY `OrderId` (`OrderId`),
  CONSTRAINT `Receipts_ibfk_1` FOREIGN KEY (`OrderId`) REFERENCES `Orders` (`id`) ON DELETE SET NULL ON UPDATE CASCADE
) ENGINE=InnoDB AUTO_INCREMENT=508 DEFAULT CHARSET=utf8;
/*!40101 SET character_set_client = @saved_cs_client */;

--
-- Dumping data for table `Receipts`
--

LOCK TABLES `Receipts` WRITE;
/*!40000 ALTER TABLE `Receipts` DISABLE KEYS */;
INSERT INTO `Receipts` VALUES (1,NULL,NULL,NULL,NULL,NULL,0.00,NULL,18.00,0.00,0.00,0.00,18.00,'MYR','2017-10-26 11:21:21','2017-11-10 05:35:54','rkYNBBJAZ',18.00),(2,NULL,NULL,NULL,NULL,NULL,0.00,NULL,18.00,0.00,0.00,0.00,18.00,'MYR','2017-10-26 11:21:29','2017-11-10 05:35:54','SyZBBryAb',18.00),(3,'ch_1BHAIsIPTYF0fPcNRQbxKTQk','4242','Visa','2018','12',305.00,'sgd',238.00,0.00,0.00,0.00,238.00,'MYR','2017-10-26 12:17:44','2017-11-10 05:35:54','Hk0vMLJAZ',238.00),(4,'ch_1BHALxIPTYF0fPcNOghBxrYr','4242','Visa','2018','12',86.00,'sgd',27.00,0.00,6.50,0.00,33.50,'MYR','2017-10-26 12:20:54','2017-11-10 05:35:54','ByhQmU1Cb',27.00),(5,'ch_1BHAUcIPTYF0fPcNH12eJ8xI','4242','Visa','2023','12',95.00,'sgd',36.00,0.00,6.50,0.00,42.50,'MYR','2017-10-26 12:29:52','2017-11-10 05:35:54','SyLSBI1Rb',36.00),(6,'ch_1BHAmKIPTYF0fPcNdpTOBxeQ','4242','Visa','2023','12',128.00,'sgd',73.00,0.00,0.00,0.00,73.00,'MYR','2017-10-26 12:48:09','2017-11-10 05:35:54','B1yqKUyCW',73.00),(7,'ch_1BHCpZIPTYF0fPcNTaTJ2i4w','4242','Visa','2023','12',94.00,'sgd',41.08,0.00,0.00,0.00,41.08,'MYR','2017-10-26 14:59:38','2017-11-10 05:35:54','SylDO_kRb',41.08),(8,'ch_1BHDHzIPTYF0fPcNO9w9mWr9','4242','Visa','2023','12',361.00,'sgd',290.00,10.00,0.00,0.00,290.00,'MYR','2017-10-26 15:29:01','2017-11-10 05:35:54','SJ7BJKyCW',300.00),(9,'ch_1BHE8MIPTYF0fPcNjVXzuE79','4242','Visa','2019','12',99.00,'sgd',39.00,0.00,6.50,0.00,45.50,'MYR','2017-10-26 16:23:07','2017-11-10 05:35:54','BkZxhtJC-',39.00),(10,NULL,NULL,NULL,NULL,NULL,0.00,NULL,64.80,7.20,0.00,0.00,64.80,'MYR','2017-10-27 01:26:27','2017-11-10 05:35:54','HysSjWeRZ',72.00),(11,NULL,NULL,NULL,NULL,NULL,0.00,NULL,64.80,7.20,0.00,0.00,64.80,'MYR','2017-10-27 01:27:05','2017-11-10 05:35:54','Hyf_ibeR-',72.00),(12,'ch_1BHMn4IPTYF0fPcNutKkMlYd','4242','Visa','2023','12',69.00,'sgd',18.00,0.00,0.00,0.00,18.00,'MYR','2017-10-27 01:37:43','2017-11-10 05:35:54','Ska10-eAb',18.00),(13,NULL,NULL,NULL,NULL,NULL,0.00,NULL,18.00,0.00,0.00,0.00,18.00,'MYR','2017-10-27 01:58:32','2017-11-10 05:35:54','rJxCfGxAZ',18.00),(14,NULL,NULL,NULL,NULL,NULL,0.00,NULL,18.00,0.00,0.00,0.00,18.00,'MYR','2017-10-27 01:59:10','2017-11-10 05:35:54','r1Ix7zlCZ',18.00),(15,NULL,NULL,NULL,NULL,NULL,0.00,NULL,18.00,0.00,0.00,0.00,18.00,'MYR','2017-10-27 01:59:13','2017-11-10 05:35:54','B1cemGlCW',18.00),(16,'ch_1BHNAhIPTYF0fPcNelrCrpuk','4242','Visa','2023','12',64.00,'sgd',13.00,0.00,0.00,0.00,13.00,'MYR','2017-10-27 02:02:08','2017-11-10 05:35:54','HyDsQfeRZ',13.00),(17,NULL,NULL,NULL,NULL,NULL,0.00,NULL,115.00,10.00,0.00,0.00,115.00,'MYR','2017-10-27 02:02:45','2017-11-10 05:35:54','Bkp6mGlRb',125.00),(18,NULL,NULL,NULL,NULL,NULL,0.00,NULL,115.00,10.00,0.00,0.00,115.00,'MYR','2017-10-27 02:02:47','2017-11-10 05:35:54','HkxRQGlA-',125.00),(19,'ch_1BHNBeIPTYF0fPcNect9y81H','4444','MasterCard','2055','11',174.00,'sgd',115.00,10.00,0.00,0.00,115.00,'MYR','2017-10-27 02:03:07','2017-11-10 05:35:54','Hyb1VzxCZ',125.00),(20,NULL,NULL,NULL,NULL,NULL,0.00,NULL,18.00,0.00,0.00,0.00,18.00,'MYR','2017-10-27 02:05:35','2017-11-10 05:35:54','r1_d4Ml0b',18.00),(21,'ch_1BHNLPIPTYF0fPcN3hEPDQnq','4242','Visa','2019','11',135.00,'sgd',72.90,8.10,6.50,0.00,79.40,'MYR','2017-10-27 02:13:12','2017-11-10 05:35:54','rJ0NUMe0b',81.00),(22,'ch_1BHNPvIPTYF0fPcNPyXDcbRi','4242','Visa','2022','11',287.00,'sgd',220.00,0.00,0.00,0.00,220.00,'MYR','2017-10-27 02:17:52','2017-11-10 05:35:54','HkP8vGg0W',220.00),(23,NULL,NULL,NULL,NULL,NULL,0.00,NULL,31.00,0.00,0.00,0.00,31.00,'MYR','2017-10-27 02:20:39','2017-11-10 05:35:54','S1JZuzgC-',31.00),(24,'ch_1BHNU3IPTYF0fPcNQ7WxmJpI','4242','Visa','2019','11',112.00,'sgd',51.30,5.70,6.50,0.00,57.80,'MYR','2017-10-27 02:22:08','2017-11-10 05:35:54','HkL8_GxRW',57.00),(25,NULL,NULL,NULL,NULL,NULL,0.00,NULL,64.80,7.20,0.00,0.00,64.80,'MYR','2017-10-27 02:31:03','2017-11-10 05:35:54','S1k_5zlCW',72.00),(26,'ch_1BHNd5IPTYF0fPcNixKBBqe2','4444','MasterCard','2023','12',76.00,'sgd',18.00,0.00,6.50,0.00,24.50,'MYR','2017-10-27 02:31:28','2017-11-10 05:35:54','Byvt9MlRZ',18.00),(27,'ch_1BHO8KIPTYF0fPcN3f3otZjv','4444','MasterCard','2019','12',103.00,'sgd',49.50,5.50,0.00,0.00,49.50,'MYR','2017-10-27 03:03:46','2017-11-10 05:35:54','SJuzf7gC-',55.00),(28,'ch_1BHODgIPTYF0fPcNyiPTEY7j','4242','Visa','2023','12',99.00,'sgd',39.00,0.00,6.50,0.00,45.50,'MYR','2017-10-27 03:09:17','2017-11-10 05:35:54','SJQPX7eAZ',39.00),(29,'ch_1BHOEnIPTYF0fPcNo09rV9CP','4242','Visa','2018','12',287.00,'sgd',220.00,0.00,0.00,0.00,220.00,'MYR','2017-10-27 03:10:26','2017-11-10 05:35:54','rytiXXg0b',220.00),(30,'ch_1BHOc5IPTYF0fPcN7UCMdM7y','4242','Visa','2019','11',306.00,'sgd',238.00,0.00,0.00,0.00,238.00,'MYR','2017-10-27 03:34:30','2017-11-10 05:35:54','H1pHYmeCb',238.00),(31,'ch_1BHOsfIPTYF0fPcNcOXO2giA','4444','MasterCard','2019','11',129.00,'sgd',73.00,0.00,0.00,0.00,73.00,'MYR','2017-10-27 03:51:38','2017-11-10 05:35:54','H1lIamxRW',73.00),(32,'ch_1BHOw7IPTYF0fPcNLiZSmUdc','4444','MasterCard','2023','12',392.00,'sgd',318.00,0.00,0.00,0.00,318.00,'MYR','2017-10-27 03:55:12','2017-11-10 05:35:54','SkwX07l0-',318.00),(33,'ch_1BHOwXIPTYF0fPcNs2XoEThF','4242','Visa','2023','12',76.00,'sgd',18.00,0.00,6.50,0.00,24.50,'MYR','2017-10-27 03:55:38','2017-11-10 05:35:54','ry-HC7lAW',18.00),(34,'ch_1BHOwnIPTYF0fPcNmuk0lPO7','4242','Visa','2023','12',75.00,'sgd',23.08,0.00,0.00,0.00,23.08,'MYR','2017-10-27 03:55:54','2017-11-10 05:35:54','HkZLCXlRZ',23.08),(35,'ch_1BHOx3IPTYF0fPcNXFTek81i','4242','Visa','2023','12',58.00,'sgd',1.00,0.00,6.50,0.00,7.50,'MYR','2017-10-27 03:56:10','2017-11-10 05:35:54','BJWDCQgAZ',1.00),(36,'ch_1BHP0JIPTYF0fPcNy0SqpX7n','4242','Visa','2023','12',458.00,'sgd',379.08,0.00,0.00,0.00,379.08,'MYR','2017-10-27 03:59:33','2017-11-10 05:35:54','HJsQ14gCZ',379.08),(37,NULL,NULL,NULL,NULL,NULL,0.00,NULL,18.00,0.00,0.00,0.00,18.00,'MYR','2017-10-27 05:33:18','2017-11-10 05:35:54','SkDXSBxCW',18.00),(38,'ch_1BHRZxIPTYF0fPcNOXuWI20G','4242','Visa','2019','12',76.00,'sgd',18.00,0.00,6.50,0.00,24.50,'MYR','2017-10-27 06:44:31','2017-11-10 05:35:54','SkBRB8g0b',18.00),(39,'ch_1BHRatIPTYF0fPcNx9D69ktO','4242','Visa','2019','12',128.00,'sgd',66.00,0.00,6.50,0.00,72.50,'MYR','2017-10-27 06:45:29','2017-11-10 05:35:54','H1kf88lAb',66.00),(40,'ch_1BHRdGIPTYF0fPcNkLN8aznX','4242','Visa','2019','12',114.00,'sgd',53.00,0.00,6.50,0.00,59.50,'MYR','2017-10-27 06:47:55','2017-11-10 05:35:54','SkGoLIeA-',53.00),(41,'ch_1BHRgDIPTYF0fPcNpFWKfPQF','4242','Visa','2019','12',76.00,'sgd',18.00,0.00,6.50,0.00,24.50,'MYR','2017-10-27 06:50:58','2017-11-10 05:35:54','SytLwIgRb',18.00),(42,'ch_1BHRiYIPTYF0fPcNU6OekOrU','4242','Visa','2019','12',96.00,'sgd',36.00,0.00,6.50,0.00,42.50,'MYR','2017-10-27 06:53:23','2017-11-10 05:35:54','r19JO8xRb',36.00),(43,'ch_1BHRryIPTYF0fPcNx3P1oCVB','4444','MasterCard','2023','12',188.00,'sgd',128.08,10.00,0.00,0.00,128.08,'MYR','2017-10-27 07:03:08','2017-11-10 05:35:54','SJf45IlRZ',138.08),(44,'ch_1BHRtdIPTYF0fPcNUj04jIRS','3222','MasterCard','2020','11',121.00,'sgd',65.70,7.30,0.00,0.00,65.70,'MYR','2017-10-27 07:04:51','2017-11-10 05:35:54','BkY55IeRb',73.00),(45,'ch_1BHSC1IPTYF0fPcNum9mUizb','4242','Visa','2018','12',110.00,'sgd',49.00,0.00,6.50,0.00,55.50,'MYR','2017-10-27 07:23:51','2017-11-10 05:35:54','Hya-1DlAZ',49.00),(46,'ch_1BHSEMIPTYF0fPcNPvePm7iZ','4242','Visa','2018','12',69.00,'sgd',18.00,0.00,0.00,0.00,18.00,'MYR','2017-10-27 07:26:15','2017-11-10 05:35:54','rkA9kvxRZ',18.00),(47,'ch_1BHSWAIPTYF0fPcNFrQfee5M','4242','Visa','2018','12',139.00,'sgd',76.00,0.00,6.50,0.00,82.50,'MYR','2017-10-27 07:44:40','2017-11-10 05:35:54','S1RkNvl0Z',76.00),(48,'ch_1BHSWbIPTYF0fPcNJj4Mnvnk','4242','Visa','2019','12',97.00,'sgd',37.00,0.00,6.50,0.00,43.50,'MYR','2017-10-27 07:45:07','2017-11-10 05:35:54','S1KWNPl0-',37.00),(49,'ch_1BHSqKIPTYF0fPcNx4257Fvx','4242','Visa','2020','9',127.00,'sgd',64.80,7.20,6.50,0.00,71.30,'MYR','2017-10-27 08:05:30','2017-11-10 05:35:54','BJxROwg0W',72.00),(50,'ch_1BHTxVIPTYF0fPcNSNN3jV7A','4242','Visa','2023','12',115.00,'sgd',54.00,0.00,6.50,0.00,60.50,'MYR','2017-10-27 09:16:59','2017-11-10 05:35:54','H1-9Kdl0b',54.00),(51,'ch_1BHUNmIPTYF0fPcNz0vnu0m3','4242','Visa','2020','9',91.00,'sgd',37.87,4.21,0.00,0.00,37.87,'MYR','2017-10-27 09:44:07','2017-11-10 05:35:54','SyAJxYgR-',42.08),(52,'ch_1BHUSIIPTYF0fPcNgaZZhZZS','4242','Visa','2022','11',76.00,'sgd',18.00,0.00,6.50,0.00,24.50,'MYR','2017-10-27 09:48:48','2017-11-10 05:35:54','BJLbWFe0W',18.00),(53,'ch_1BHUxmIPTYF0fPcNeAc1WDGR','4242','Visa','2018','12',64.00,'sgd',13.00,0.00,0.00,0.00,13.00,'MYR','2017-10-27 10:21:19','2017-11-10 05:35:54','HyHj_YeA-',13.00),(54,'ch_1BHVDvIPTYF0fPcNTKBQXJWj','4242','Visa','2018','12',69.00,'sgd',18.00,0.00,0.00,0.00,18.00,'MYR','2017-10-27 10:38:01','2017-11-10 05:35:54','Sk1q2YlC-',18.00),(55,'ch_1BHVdDIPTYF0fPcNk9DN8U0k','4242','Visa','2022','11',147.00,'sgd',90.00,0.00,0.00,0.00,90.00,'MYR','2017-10-27 11:04:08','2017-11-10 05:35:54','rykhz9gCW',90.00),(56,NULL,NULL,NULL,NULL,NULL,0.00,NULL,18.00,0.00,0.00,0.00,18.00,'MYR','2017-10-27 11:10:24','2017-11-10 05:35:54','B1tXV9gAZ',18.00),(57,'ch_1BHWgRIPTYF0fPcNiyt4EEop','4242','Visa','2018','2',69.00,'sgd',18.00,0.00,0.00,0.00,18.00,'MYR','2017-10-27 12:11:33','2017-11-10 05:35:54','rJsdMsxR-',18.00),(58,'ch_1BHkaqIPTYF0fPcNas8sCScu','4242','Visa','2023','12',260.00,'sgd',196.00,10.00,0.00,0.00,196.00,'MYR','2017-10-28 03:02:42','2017-11-10 05:35:54','Hy_8X_-0b',206.00),(59,'ch_1BHknCIPTYF0fPcNwVK7clvg','4242','Visa','2018','12',76.00,'sgd',18.00,0.00,6.50,0.00,24.50,'MYR','2017-10-28 03:15:28','2017-11-10 05:35:54','Hy8L8_ZRW',18.00),(60,'ch_1BHknWIPTYF0fPcN5RM0aAtW','4242','Visa','2018','12',76.00,'sgd',18.00,0.00,6.50,0.00,24.50,'MYR','2017-10-28 03:15:48','2017-11-10 05:35:54','SJcwUuWAW',18.00),(61,'ch_1BHknjIPTYF0fPcN75boEii5','4242','Visa','2018','12',71.00,'sgd',13.00,0.00,6.50,0.00,19.50,'MYR','2017-10-28 03:16:00','2017-11-10 05:35:54','Skw_U_ZAb',13.00),(62,'ch_1BHko6IPTYF0fPcN6rj2TYyP','4242','Visa','2018','12',77.00,'sgd',19.00,0.00,6.50,0.00,25.50,'MYR','2017-10-28 03:16:23','2017-11-10 05:35:54','Hy0FU_-Rb',19.00),(63,'ch_1BHkoLIPTYF0fPcNmFhEI3Rz','4242','Visa','2018','12',86.00,'sgd',27.00,0.00,6.50,0.00,33.50,'MYR','2017-10-28 03:16:38','2017-11-10 05:35:54','BJp9Uu-0Z',27.00),(64,'ch_1BHkofIPTYF0fPcNjoIPYTXy','4242','Visa','2018','12',99.00,'sgd',39.00,0.00,6.50,0.00,45.50,'MYR','2017-10-28 03:16:59','2017-11-10 05:35:54','ByW3U_Z0Z',39.00),(65,'ch_1BHkp6IPTYF0fPcNibETZErK','4242','Visa','2018','12',156.00,'sgd',99.00,0.00,0.00,0.00,99.00,'MYR','2017-10-28 03:17:25','2017-11-10 05:35:54','Hk26UOZRZ',99.00),(66,'ch_1BHkv6IPTYF0fPcNYuLYBzJC','4242','Visa','2019','4',83.00,'sgd',31.00,0.00,0.00,0.00,31.00,'MYR','2017-10-28 03:23:37','2017-11-10 05:35:54','HkeBuO-0b',31.00),(67,'ch_1BHkyzIPTYF0fPcN3DLciyqo','4242','Visa','2018','4',69.00,'sgd',18.00,0.00,0.00,0.00,18.00,'MYR','2017-10-28 03:27:38','2017-11-10 05:35:54','H1ZVKOWAZ',18.00),(68,'ch_1BHm2RIPTYF0fPcNtyMBYvfU','4444','MasterCard','2023','12',125.00,'sgd',70.00,0.00,0.00,0.00,70.00,'MYR','2017-10-28 04:35:17','2017-11-10 05:35:54','S1jbKFZ0-',70.00),(69,'ch_1BHmvGIPTYF0fPcNBCwktddG','4242','Visa','2018','12',96.00,'sgd',36.00,0.00,6.50,0.00,42.50,'MYR','2017-10-28 05:31:55','2017-11-10 05:35:54','rJbLI5Z0-',36.00),(70,'ch_1BHoLkIPTYF0fPcNZnXIQWD3','4242','Visa','2018','12',69.00,'sgd',18.00,0.00,0.00,0.00,18.00,'MYR','2017-10-28 07:03:21','2017-11-10 05:35:54','H1xTis-AW',18.00),(71,'ch_1BHoclIPTYF0fPcNnOk5rPOO','4242','Visa','2019','12',93.00,'sgd',40.00,0.00,0.00,0.00,40.00,'MYR','2017-10-28 07:20:56','2017-11-10 05:35:54','SkJye2-CZ',40.00),(72,'ch_1BHotqIPTYF0fPcNyiPivH2o','4242','Visa','2018','11',98.00,'sgd',45.00,0.00,0.00,0.00,45.00,'MYR','2017-10-28 07:38:35','2017-11-10 05:35:54','Sy-bVnZC-',45.00),(73,'ch_1BHpD1IPTYF0fPcN9pGjEqOl','4242','Visa','2023','12',103.00,'sgd',49.08,0.00,0.00,0.00,49.08,'MYR','2017-10-28 07:58:24','2017-11-10 05:35:54','rJDo_2ZRb',49.08),(74,'ch_1BHpQxIPTYF0fPcNeObUr0oD','4242','Visa','2023','12',64.00,'sgd',13.00,0.00,0.00,0.00,13.00,'MYR','2017-10-28 08:12:48','2017-11-10 05:35:54','ByvW3hWCZ',13.00),(75,'ch_1BHpqGIPTYF0fPcN55hsZrXu','4444','MasterCard','2018','12',83.00,'sgd',31.00,0.00,0.00,0.00,31.00,'MYR','2017-10-28 08:38:57','2017-11-10 05:35:54','S1dmzTZ0Z',31.00),(76,'ch_1BHptqIPTYF0fPcNrxywy929','4242','Visa','2018','12',109.00,'sgd',55.00,0.00,0.00,0.00,55.00,'MYR','2017-10-28 08:42:40','2017-11-10 05:35:54','rJLZ7TbC-',55.00),(77,'ch_1BHpuoIPTYF0fPcNYXOcDw6d','4242','Visa','2018','12',69.00,'sgd',18.00,0.00,0.00,0.00,18.00,'MYR','2017-10-28 08:43:39','2017-11-10 05:35:54','SkWH76b0b',18.00),(78,'ch_1BHpvEIPTYF0fPcN44i2fhB4','4242','Visa','2065','10',247.00,'sgd',184.00,0.00,0.00,0.00,184.00,'MYR','2017-10-28 08:44:06','2017-11-10 05:35:54','BJhLQabCW',184.00),(79,'ch_1BHqA7IPTYF0fPcNwrdMUr5j','4242','Visa','2019','12',134.00,'sgd',72.00,0.00,6.50,0.00,78.50,'MYR','2017-10-28 08:59:28','2017-11-10 05:35:54','H1IgvpW0W',72.00),(80,'ch_1BHqBKIPTYF0fPcN3Wb5drwh','4242','Visa','2020','11',76.00,'sgd',18.00,0.00,6.50,0.00,24.50,'MYR','2017-10-28 09:00:43','2017-11-10 05:35:54','SkbBva-CW',18.00),(81,'ch_1BHqFPIPTYF0fPcN3GDP1DuT','4242','Visa','2019','12',96.00,'sgd',36.00,0.00,6.50,0.00,42.50,'MYR','2017-10-28 09:04:56','2017-11-10 05:35:54','H11H_TZCZ',36.00),(82,'ch_1BHqfWIPTYF0fPcNL9huT2DR','4242','Visa','2018','12',286.00,'sgd',220.00,0.00,0.00,0.00,220.00,'MYR','2017-10-28 09:31:55','2017-11-10 05:35:54','BJW90a-RZ',220.00),(83,'ch_1BHqi5IPTYF0fPcNaIsXQcDu','4444','MasterCard','2018','9',100.00,'sgd',40.00,0.00,6.50,0.00,46.50,'MYR','2017-10-28 09:34:34','2017-11-10 05:35:54','r1lEk0WRW',40.00),(84,'ch_1BHsHLIPTYF0fPcNO203UGFr','4242','Visa','2017','12',134.00,'sgd',78.30,8.70,0.00,0.00,78.30,'RM','2017-10-28 11:15:04','2017-11-10 05:35:54','H1A381fAZ',87.00),(85,'ch_1BHsLwIPTYF0fPcNWBlgQDl6','4242','Visa','2017','12',120.00,'sgd',65.70,7.30,0.00,0.00,65.70,'RM','2017-10-28 11:19:50','2017-11-10 05:35:54','S1h0vkfA-',73.00),(86,'ch_1BHseAIPTYF0fPcNIsyzgdp1','4242','Visa','2018','12',403.00,'sgd',329.00,0.00,0.00,0.00,329.00,'RM','2017-10-28 11:38:39','2017-11-10 05:35:54','Hk8H31MA-',329.00),(87,'ch_1BHsf6IPTYF0fPcNm8NGRIpP','4242','Visa','2025','2',145.00,'sgd',88.27,9.81,0.00,0.00,88.27,'RM','2017-10-28 11:39:37','2017-11-10 05:35:54','SkxK3kf0-',98.08),(88,'ch_1BHshKIPTYF0fPcN2v6CkYio','4242','Visa','2017','12',105.00,'sgd',45.00,0.00,6.50,0.00,51.50,'RM','2017-10-28 11:41:55','2017-11-10 05:35:54','SycbpkfC-',45.00),(89,'ch_1BHsirIPTYF0fPcN7JGAoc5s','4444','MasterCard','2022','11',106.00,'sgd',52.20,5.80,0.00,0.00,52.20,'RM','2017-10-28 11:43:31','2017-11-10 05:35:54','SJFvpyMCZ',58.00),(90,NULL,NULL,NULL,NULL,NULL,0.00,NULL,18.00,0.00,0.00,0.00,18.00,'RM','2017-10-28 11:47:02','2017-11-10 05:35:54','SyyB0yGCZ',18.00),(91,'ch_1BHt1NIPTYF0fPcNJERlhdAl','4242','Visa','2022','11',286.00,'sgd',220.00,0.00,0.00,0.00,220.00,'RM','2017-10-28 12:02:38','2017-11-10 05:35:54','S1NkzxzA-',220.00),(92,'ch_1BHtnpIPTYF0fPcNCEaoHnNE','4242','Visa','2022','11',76.00,'sgd',18.00,0.00,6.50,0.00,24.50,'RM','2017-10-28 12:52:42','2017-11-10 05:35:54','BylsagMAb',18.00),(93,'ch_1BHxByIPTYF0fPcNLGODzWgz','4242','Visa','2021','6',405.00,'sgd',331.00,0.00,0.00,0.00,331.00,'RM','2017-10-28 16:29:51','2017-11-10 05:35:54','S1rtlNfAW',331.00),(94,'ch_1BHxEuIPTYF0fPcNAkpqp742','4242','Visa','2021','6',77.00,'sgd',19.00,0.00,6.50,0.00,25.50,'RM','2017-10-28 16:32:53','2017-11-10 05:35:54','rkhN-VMRb',19.00),(95,NULL,NULL,NULL,NULL,NULL,0.00,NULL,22.00,0.00,0.00,0.00,22.00,'RM','2017-10-29 04:24:17','2017-11-10 05:35:54','BJtl_CzR-',22.00),(96,'ch_1BI8MsIPTYF0fPcNy7YrTfdX','4242','Visa','2023','12',76.00,'sgd',18.00,0.00,6.50,0.00,24.50,'RM','2017-10-29 04:25:51','2017-11-10 05:35:54','SkIId0fCW',18.00),(97,'ch_1BI8QkIPTYF0fPcNrW4NDUjg','4242','Visa','2023','12',103.00,'sgd',49.50,5.50,0.00,0.00,49.50,'RM','2017-10-29 04:29:52','2017-11-10 05:35:54','ryUHFAG0b',55.00),(98,'ch_1BI8R6IPTYF0fPcNOuhDxb4D','4242','Visa','2022','11',109.00,'sgd',55.00,0.00,0.00,0.00,55.00,'RM','2017-10-29 04:30:13','2017-11-10 05:35:54','H13LYCfCZ',55.00),(99,'ch_1BI8RtIPTYF0fPcNqwzegrrp','4242','Visa','2023','12',372.00,'sgd',300.00,0.00,0.00,0.00,300.00,'RM','2017-10-29 04:31:02','2017-11-10 05:35:54','B1aKYCfRW',300.00),(100,'ch_1BI8YCIPTYF0fPcN8hWJf6PY','4444','MasterCard','2023','12',264.00,'sgd',200.00,0.00,0.00,0.00,200.00,'RM','2017-10-29 04:37:33','2017-11-10 05:35:54','HJ7zsRfRW',200.00),(101,'ch_1BI8eSIPTYF0fPcNYZQgOl33','4444','MasterCard','2023','12',76.00,'sgd',18.00,0.00,6.50,0.00,24.50,'RM','2017-10-29 04:44:02','2017-11-10 05:35:54','Sy_q2CfRW',18.00),(102,'ch_1BI8gCIPTYF0fPcNLbj8evEX','4242','Visa','2023','12',350.00,'sgd',280.00,0.00,0.00,0.00,280.00,'RM','2017-10-29 04:45:49','2017-11-10 05:35:54','B14WaAzC-',280.00),(103,'ch_1BI8iXIPTYF0fPcNt7uUiL8x','4242','Visa','2022','11',350.00,'sgd',280.00,0.00,0.00,0.00,280.00,'RM','2017-10-29 04:48:15','2017-11-10 05:35:54','H1Hca0GCW',280.00),(104,'ch_1BI8jBIPTYF0fPcNQhzhVDQC','4444','MasterCard','2023','12',130.00,'sgd',75.00,0.00,0.00,0.00,75.00,'RM','2017-10-29 04:48:54','2017-11-10 05:35:54','BJ32TAMCZ',75.00),(105,'ch_1BIASZIPTYF0fPcNux4HmaJQ','4242','Visa','2017','12',102.00,'sgd',48.60,5.40,0.00,0.00,48.60,'RM','2017-10-29 06:39:52','2017-11-10 05:35:54','Sk0hweXR-',54.00),(106,'ch_1BIB7MIPTYF0fPcNN7dtkXIl','4444','MasterCard','2020','12',135.00,'sgd',79.20,8.80,0.00,0.00,79.20,'RM','2017-10-29 07:22:01','2017-11-10 05:35:54','rJ1ob-Q0W',88.00),(107,NULL,NULL,NULL,NULL,NULL,0.00,NULL,64.80,7.20,0.00,0.00,64.80,'RM','2017-10-29 07:30:34','2017-11-10 05:35:54','SkQombmC-',72.00),(108,'ch_1BICt3IPTYF0fPcNeWfo8CSG','4444','MasterCard','2019','12',115.00,'sgd',54.00,0.00,6.50,0.00,60.50,'RM','2017-10-29 09:15:22','2017-11-10 05:35:54','BkbVnGQ0W',54.00),(109,'ch_1BIDB0IPTYF0fPcNor6AL547','4444','MasterCard','2019','12',118.00,'sgd',63.00,7.00,0.00,0.00,63.00,'RM','2017-10-29 09:33:56','2017-11-10 05:35:54','S1cFeQm0W',70.00),(110,'ch_1BIDG2IPTYF0fPcN432QvOYn','4444','MasterCard','2018','12',116.00,'sgd',61.20,6.80,0.00,0.00,61.20,'RM','2017-10-29 09:39:07','2017-11-10 05:35:54','H1ba-Q7Cb',68.00),(111,'ch_1BIJV5IPTYF0fPcNrvuWyHSM','4444','MasterCard','2033','12',86.00,'sgd',10.70,0.00,0.00,0.70,10.70,'S$','2017-10-29 16:19:05','2017-11-10 05:35:54','SykY1YmAb',10.70),(112,'ch_1BIKJmIPTYF0fPcNyHc05myH','4242','Visa','2018','12',2368.00,'sgd',2161.00,0.00,0.00,0.00,2161.00,'RM','2017-10-29 17:11:27','2017-11-10 05:35:54','HJ8aoYmCb',2161.00),(113,'ch_1BIKKWIPTYF0fPcNgTKt65QG','4444','MasterCard','2032','12',167.00,'sgd',109.00,0.00,0.00,0.00,109.00,'RM','2017-10-29 17:12:13','2017-11-10 05:35:54','ry4ehFmAW',109.00),(114,'ch_1BIKgXIPTYF0fPcNM8tpWzev','4242','Visa','2018','12',115.00,'sgd',54.00,0.00,6.50,0.00,60.50,'RM','2017-10-29 17:34:58','2017-11-10 05:35:54','rJdHW5XAW',54.00),(115,'ch_1BISLIIPTYF0fPcN2hFcAnH5','4444','MasterCard','2023','12',109.00,'sgd',55.00,0.00,0.00,0.00,55.00,'RM','2017-10-30 01:45:33','2017-11-10 05:35:54','rkVSNbVCb',55.00),(116,NULL,NULL,NULL,NULL,NULL,0.00,NULL,52.20,5.80,0.00,0.00,52.20,'RM','2017-10-30 01:46:56','2017-11-10 05:35:54','BkO5NW4AW',58.00),(117,'ch_1BIScuIPTYF0fPcNNx2CPP79','4242','Visa','2018','12',321.00,'sgd',252.00,0.00,0.00,0.00,252.00,'RM','2017-10-30 02:03:45','2017-11-10 05:35:54','HywYuZ4R-',252.00),(118,'ch_1BISt3IPTYF0fPcNbTifX70M','4444','MasterCard','2022','11',131.00,'sgd',75.60,8.40,0.00,0.00,75.60,'RM','2017-10-30 02:20:26','2017-11-10 05:35:54','ryZO3bERb',84.00),(119,'ch_1BITBGIPTYF0fPcN0rRd3pmL','4444','MasterCard','2033','12',286.00,'sgd',220.00,0.00,0.00,0.00,220.00,'RM','2017-10-30 02:39:15','2017-11-10 05:35:54','Hk9AefNAW',220.00),(120,'ch_1BITEOIPTYF0fPcNef69LKjB','4242','Visa','2018','12',231.00,'sgd',169.00,10.00,0.00,0.00,169.00,'RM','2017-10-30 02:42:29','2017-11-10 05:35:54','Skj9-zV0Z',179.00),(121,'ch_1BITO2IPTYF0fPcNirMl7bwt','4444','MasterCard','2018','12',293.00,'sgd',226.00,0.00,0.00,0.00,226.00,'RM','2017-10-30 02:52:27','2017-11-10 05:35:54','SkZg4GV0W',226.00),(122,'ch_1BITSGIPTYF0fPcNSPCEeplf','4444','MasterCard','2019','12',96.00,'sgd',36.00,0.00,6.50,0.00,42.50,'RM','2017-10-30 02:56:49','2017-11-10 05:35:54','S1DerMVRb',36.00),(123,'ch_1BITvKIPTYF0fPcNVMlT4HeP','4444','MasterCard','2023','12',109.00,'sgd',55.00,0.00,0.00,0.00,55.00,'RM','2017-10-30 03:26:51','2017-11-10 05:35:54','SkG-2MNA-',55.00),(124,'ch_1BIUKXIPTYF0fPcNo24c88rd','4242','Visa','2022','8',186.00,'sgd',127.00,0.00,0.00,0.00,127.00,'RM','2017-10-30 03:52:55','2017-11-10 05:35:54','rkTMzQ4Cb',127.00),(125,'ch_1BIUhqIPTYF0fPcNexL7nAl7','4242','Visa','2022','3',167.00,'sgd',109.00,0.00,0.00,0.00,109.00,'RM','2017-10-30 04:17:00','2017-11-10 05:35:54','r1MpwQVC-',109.00),(126,'ch_1BIUpEIPTYF0fPcNrDjdNm0q','4242','Visa','2019','11',117.00,'sgd',62.00,0.00,0.00,0.00,62.00,'RM','2017-10-30 04:24:37','2017-11-10 05:35:54','r13YtXVCW',62.00),(127,'ch_1BIUtEIPTYF0fPcNl71zEw2u','4444','MasterCard','2018','12',96.00,'sgd',36.00,0.00,6.50,0.00,42.50,'RM','2017-10-30 04:28:45','2017-11-10 05:35:54','ryEt9m4CW',36.00),(128,'ch_1BIUyNIPTYF0fPcNBvQ22IkY','4242','Visa','2022','11',86.00,'sgd',27.00,0.00,6.50,0.00,33.50,'RM','2017-10-30 04:34:04','2017-11-10 05:35:54','ByQpjXV0Z',27.00),(129,NULL,NULL,NULL,NULL,NULL,0.00,NULL,140.00,0.00,0.00,0.00,140.00,'RM','2017-10-30 05:37:47','2017-11-10 05:35:54','SyV2cVNCb',140.00),(130,'ch_1BIWsYIPTYF0fPcNZVwDZPgz','4242','Visa','2018','12',138.00,'sgd',82.00,0.00,0.00,0.00,82.00,'RM','2017-10-30 06:36:12','2017-11-10 05:35:54','r1zPdBVCb',82.00),(131,'ch_1BIYOlIPTYF0fPcN0HvovBky','4242','Visa','2018','9',167.00,'sgd',109.00,0.00,0.00,0.00,109.00,'RM','2017-10-30 08:13:32','2017-11-10 05:35:54','HyM4kvNA-',109.00),(132,'ch_1BIYcVIPTYF0fPcNOqAcq2xR','4242','Visa','2018','12',286.00,'sgd',220.00,0.00,0.00,0.00,220.00,'RM','2017-10-30 08:27:44','2017-11-10 05:35:54','ByPKfDNRb',220.00),(133,NULL,NULL,NULL,NULL,NULL,0.00,NULL,26.00,0.00,0.00,0.00,26.00,'RM','2017-10-30 08:33:38','2017-11-10 05:35:54','HkckVDVRW',26.00),(134,'ch_1BIZsbIPTYF0fPcNSEyQE6kJ','4242','Visa','2019','12',76.00,'sgd',18.00,0.00,6.50,0.00,24.50,'RM','2017-10-30 09:48:26','2017-11-10 05:35:54','r1b_H_VC-',18.00),(135,'ch_1BIZtHIPTYF0fPcNj8yAxuMd','4444','MasterCard','2019','12',76.00,'sgd',18.00,0.00,6.50,0.00,24.50,'RM','2017-10-30 09:49:08','2017-11-10 05:35:54','SJs9SO4Rb',18.00),(136,'ch_1BIZwsIPTYF0fPcNnAqZw7Ou','4444','MasterCard','2019','12',142.00,'sgd',86.00,0.00,0.00,0.00,86.00,'RM','2017-10-30 09:52:52','2017-11-10 05:35:54','SJ9OUuN0b',86.00),(137,'ch_1BIa4bIPTYF0fPcNCCzxe80w','4444','MasterCard','2023','12',89.00,'sgd',36.00,0.00,0.00,0.00,36.00,'RM','2017-10-30 10:00:50','2017-11-10 05:35:54','rJu8OOV0-',36.00),(138,'ch_1BIa55IPTYF0fPcN6gkQBvT9','4444','MasterCard','2018','12',139.00,'sgd',82.80,9.20,0.00,0.00,82.80,'RM','2017-10-30 10:01:20','2017-11-10 05:35:54','S18uu_VC-',92.00),(139,'ch_1BIa7KIPTYF0fPcN5TmgBOY9','4444','MasterCard','2023','12',286.00,'sgd',220.00,0.00,0.00,0.00,220.00,'RM','2017-10-30 10:03:39','2017-11-10 05:35:54','HkbbK_ECZ',220.00),(140,'ch_1BIaFvIPTYF0fPcNPBxckNzS','4242','Visa','2018','12',372.00,'sgd',300.00,0.00,0.00,0.00,300.00,'RM','2017-10-30 10:12:32','2017-11-10 05:35:54','ByPfi_VAW',300.00),(141,'ch_1BIaaZIPTYF0fPcNEcPnjfbn','4242','Visa','2019','11',137.00,'sgd',81.00,0.00,0.00,0.00,81.00,'RM','2017-10-30 10:33:52','2017-11-10 05:35:54','H18MxYERZ',81.00),(142,'ch_1BIaqlIPTYF0fPcNvyhDYviQ','4242','Visa','2023','12',251.00,'sgd',59.00,0.00,0.00,0.00,59.00,'S$','2017-10-30 10:50:36','2017-11-10 05:35:54','SkzZEF4Ab',59.00),(143,'ch_1BIb0fIPTYF0fPcNAHOPk03g','4242','Visa','2023','12',217.00,'sgd',49.00,0.00,0.00,0.00,49.00,'S$','2017-10-30 11:00:50','2017-11-10 05:35:54','H1_PLKEC-',49.00),(144,'ch_1BIbAwIPTYF0fPcNAZrtnEjh','4242','Visa','2023','12',109.00,'sgd',55.00,0.00,0.00,0.00,55.00,'RM','2017-10-30 11:11:28','2017-11-10 05:35:54','HkI1KKNRZ',55.00),(145,'ch_1BId9tIPTYF0fPcNjwbboegS','4444','MasterCard','2019','12',90.00,'sgd',31.00,0.00,6.50,0.00,37.50,'RM','2017-10-30 13:18:31','2017-11-10 05:35:54','BJpsIiNRb',31.00),(146,'ch_1BIeJ2IPTYF0fPcNQgDugt45','4242','Visa','2018','12',359.00,'sgd',288.00,10.00,0.00,0.00,288.00,'RM','2017-10-30 14:32:02','2017-11-10 05:35:54','S1dJ_2NCb',298.00),(147,'ch_1BIeOPIPTYF0fPcNoES3sNhv','4444','MasterCard','2023','12',96.00,'sgd',36.00,0.00,6.50,0.00,42.50,'RM','2017-10-30 14:37:34','2017-11-10 05:35:54','H1N4tnVR-',36.00),(148,'ch_1BIeQ0IPTYF0fPcNER6SnCLu','4444','MasterCard','2018','8',118.00,'sgd',57.00,0.00,6.50,0.00,63.50,'RM','2017-10-30 14:39:13','2017-11-10 05:35:54','rywqFnEAZ',57.00),(149,'ch_1BIeXsIPTYF0fPcN7aSbHxGE','4444','MasterCard','2019','3',113.00,'sgd',52.00,0.00,6.50,0.00,58.50,'RM','2017-10-30 14:47:21','2017-11-10 05:35:54','ryxFo34AW',52.00),(150,'ch_1BIejrIPTYF0fPcN5t1S1cXI','4242','Visa','2018','12',142.00,'sgd',85.50,9.50,0.00,0.00,85.50,'RM','2017-10-30 14:59:44','2017-11-10 05:35:54','HyDwAh4RZ',95.00),(151,'ch_1BInPXIPTYF0fPcNurXVtJAy','4242','Visa','2018','12',167.00,'sgd',109.00,0.00,0.00,0.00,109.00,'RM','2017-10-31 00:15:20','2017-11-10 05:35:54','BJJjlHrA-',109.00),(152,'ch_1BIpQ2IPTYF0fPcNLJcSma41','4242','Visa','2019','10',90.00,'sgd',31.00,0.00,6.50,0.00,37.50,'RM','2017-10-31 02:23:59','2017-11-10 05:35:54','r1Bp0ISRW',31.00),(153,'ch_1BIpX9IPTYF0fPcNBDMDfQvr','4242','Visa','2019','12',76.00,'sgd',18.00,0.00,6.50,0.00,24.50,'RM','2017-10-31 02:31:20','2017-11-10 05:35:54','SykFxvBA-',18.00),(154,'ch_1BIpXfIPTYF0fPcNuSai4uTo','4242','Visa','2018','12',205.00,'sgd',145.00,0.00,0.00,0.00,145.00,'RM','2017-10-31 02:31:52','2017-11-10 05:35:54','HyJolvBRW',145.00),(155,'ch_1BIpYvIPTYF0fPcNRHHgb9Kb','4242','Visa','2020','11',167.00,'sgd',109.00,0.00,0.00,0.00,109.00,'RM','2017-10-31 02:33:10','2017-11-10 05:35:54','H1pJ-wr0b',109.00),(156,'ch_1BIpk1IPTYF0fPcNSbU7s1Zd','4242','Visa','2020','11',167.00,'sgd',109.00,0.00,0.00,0.00,109.00,'RM','2017-10-31 02:44:39','2017-11-10 05:35:54','ry29QvrC-',109.00),(157,'ch_1BIpnJIPTYF0fPcNzgqqwm0H','4444','MasterCard','2019','8',142.00,'sgd',79.00,0.00,6.50,0.00,85.50,'RM','2017-10-31 02:48:02','2017-11-10 05:35:54','SyOwVDBRW',79.00),(158,'ch_1BIpviIPTYF0fPcNi7fLk7xl','4444','MasterCard','2023','12',125.00,'sgd',70.00,0.00,0.00,0.00,70.00,'RM','2017-10-31 02:56:43','2017-11-10 05:35:54','HkZuUDr0b',70.00),(159,'ch_1BIqCSIPTYF0fPcNrztpsUiw','4242','Visa','2018','7',113.00,'sgd',52.00,0.00,6.50,0.00,58.50,'RM','2017-10-31 03:14:01','2017-11-10 05:35:54','HklK9PSAb',52.00),(160,'ch_1BIqEBIPTYF0fPcNqmUDnaMD','4242','Visa','2023','12',167.00,'sgd',109.00,0.00,0.00,0.00,109.00,'RM','2017-10-31 03:15:49','2017-11-10 05:35:54','rysJoDB0Z',109.00),(161,'ch_1BIqRFIPTYF0fPcNh1CBnpbE','4444','MasterCard','2018','8',144.00,'sgd',88.00,0.00,0.00,0.00,88.00,'RM','2017-10-31 03:29:19','2017-11-10 05:35:54','HySGRwS0Z',88.00),(162,'ch_1BIqZmIPTYF0fPcNHtL56vtW','4444','MasterCard','2018','8',147.00,'sgd',84.00,0.00,6.50,0.00,90.50,'RM','2017-10-31 03:38:08','2017-11-10 05:35:54','B1LmxdHRb',84.00),(163,'ch_1BIqd0IPTYF0fPcNgTTGZp2t','4242','Visa','2018','12',114.00,'sgd',53.10,5.90,6.50,0.00,59.60,'RM','2017-10-31 03:41:28','2017-11-10 05:35:54','SJRyWuBC-',59.00),(164,'ch_1BIr3lIPTYF0fPcN4wOOyWFt','4444','MasterCard','2023','12',167.00,'sgd',109.00,0.00,0.00,0.00,109.00,'RM','2017-10-31 04:09:06','2017-11-10 05:35:54','rJdPP_SR-',109.00),(165,'ch_1BIr6oIPTYF0fPcN5prdvIvi','4242','Visa','2018','12',125.00,'sgd',64.00,0.00,6.50,0.00,70.50,'RM','2017-10-31 04:12:15','2017-11-10 05:35:54','ryL7_dr0Z',64.00),(166,'ch_1BIrNsIPTYF0fPcNatfc4aHR','4242','Visa','2018','12',134.00,'sgd',72.00,0.00,6.50,0.00,78.50,'RM','2017-10-31 04:29:53','2017-11-10 05:35:54','BkwSn_H0W',72.00),(167,'ch_1BIrXbIPTYF0fPcNs3DJ0eUN','4242','Visa','2018','12',132.00,'sgd',70.00,0.00,6.50,0.00,76.50,'RM','2017-10-31 04:39:57','2017-11-10 05:35:54','Bk7iCur0b',70.00),(168,'ch_1BItdMIPTYF0fPcNMBTKgqOO','4444','MasterCard','2018','7',57.00,'sgd',0.00,0.00,6.50,0.00,6.50,'RM','2017-10-31 06:54:01','2017-11-10 05:35:54','B1yz09SAW',0.00),(169,'ch_1BItinIPTYF0fPcNMDEp6vnu','4242','Visa','2020','1',57.00,'sgd',0.00,0.00,6.50,0.00,6.50,'RM','2017-10-31 06:59:38','2017-11-10 05:35:54','r1gwyirAZ',0.00),(170,'ch_1BItliIPTYF0fPcNNmvVLzDn','4444','MasterCard','2018','7',303.00,'sgd',236.00,0.00,0.00,0.00,236.00,'RM','2017-10-31 07:02:40','2017-11-10 05:35:54','SJ8zgiBCW',236.00),(171,'ch_1BItmmIPTYF0fPcNdbtafTV9','4242','Visa','2019','3',186.00,'sgd',127.00,0.00,0.00,0.00,127.00,'RM','2017-10-31 07:03:45','2017-11-10 05:35:54','SkvUeiSCZ',127.00),(172,'ch_1BItnNIPTYF0fPcNJ0x3ZQ87','4242','Visa','2025','2',77.00,'sgd',19.00,0.00,6.50,0.00,25.50,'RM','2017-10-31 07:04:23','2017-11-10 05:35:54','rkadesBAW',19.00),(173,'ch_1BItspIPTYF0fPcNh504Jzl4','4242','Visa','2019','5',171.00,'sgd',113.00,0.00,0.00,0.00,113.00,'RM','2017-10-31 07:10:01','2017-11-10 05:35:54','HJkAboH0b',113.00),(174,'ch_1BItsrIPTYF0fPcNUnF3eA0t','4242','Visa','2025','2',91.00,'sgd',32.00,0.00,6.50,0.00,38.50,'RM','2017-10-31 07:10:02','2017-11-10 05:35:54','S1lR-jHC-',32.00),(175,'ch_1BItu0IPTYF0fPcNKNiXi3p1','4444','MasterCard','2018','7',171.00,'sgd',113.00,0.00,0.00,0.00,113.00,'RM','2017-10-31 07:11:14','2017-11-10 05:35:54','BkuMfiBRb',113.00),(176,'ch_1BItxEIPTYF0fPcN9GLgXyPd','4242','Visa','2018','12',285.00,'sgd',220.00,0.00,0.00,0.00,220.00,'RM','2017-10-31 07:14:33','2017-11-10 05:35:54','r1gyXiH0-',220.00),(177,'ch_1BIuRDIPTYF0fPcNPhzYtYyc','4242','Visa','2018','12',195.00,'sgd',135.00,0.00,0.00,0.00,135.00,'RM','2017-10-31 07:45:32','2017-11-10 05:35:54','HkXX5sHAW',135.00),(178,'ch_1BIy8FIPTYF0fPcNhWHcjGgu','4242','Visa','2018','12',303.00,'sgd',236.00,0.00,0.00,0.00,236.00,'RM','2017-10-31 11:42:13','2017-11-10 05:35:54','r1j5WkIAZ',236.00),(179,'ch_1BIyMqIPTYF0fPcN6ZTnS7wM','4444','MasterCard','2022','11',285.00,'sgd',220.00,0.00,0.00,0.00,220.00,'RM','2017-10-31 11:57:17','2017-11-10 05:35:54','ByNmryIRZ',220.00),(180,'ch_1BIyOXIPTYF0fPcNdS9Nlutj','4444','MasterCard','2022','11',130.00,'sgd',75.00,0.00,0.00,0.00,75.00,'RM','2017-10-31 11:59:02','2017-11-10 05:35:54','ryptBJLA-',75.00),(181,NULL,NULL,NULL,NULL,NULL,0.00,NULL,0.00,0.00,0.00,0.00,0.00,'RM','2017-10-31 13:24:53','2017-11-10 05:35:54','B1pstlLR-',0.00),(182,NULL,NULL,NULL,NULL,NULL,0.00,NULL,172.00,0.00,0.00,0.00,172.00,'RM','2017-11-01 01:32:48','2017-11-10 05:35:54','rk_S4iU0W',172.00),(183,'ch_1BJBIGIPTYF0fPcNpWRaygE6','4242','Visa','2018','6',89.00,'sgd',30.00,0.00,6.50,0.00,36.50,'RM','2017-11-01 01:45:25','2017-11-10 05:35:54','Hkh4vjU0b',30.00),(184,'ch_1BJBSxIPTYF0fPcNvwpVnvUa','5556','Visa','2019','12',159.00,'sgd',102.00,10.00,0.00,0.00,102.00,'RM','2017-11-01 01:56:29','2017-11-10 05:35:54','SkQ0KoLRW',112.00),(185,NULL,NULL,NULL,NULL,NULL,0.00,NULL,26.00,0.00,0.00,0.00,26.00,'RM','2017-11-01 01:56:42','2017-11-10 05:35:54','ryQ1csIRb',26.00),(186,'ch_1BJCbdIPTYF0fPcNUUfsnJZy','4444','MasterCard','2023','12',286.00,'sgd',220.00,0.00,0.00,0.00,220.00,'RM','2017-11-01 03:09:31','2017-11-10 05:35:54','ByWgonLRW',220.00),(187,'ch_1BJD4wIPTYF0fPcNGeS5g4Fu','4242','Visa','2023','12',98.00,'sgd',45.00,0.00,0.00,0.00,45.00,'RM','2017-11-01 03:39:47','2017-11-10 05:35:54','SkKZMTI0Z',45.00),(188,'ch_1BJDDrIPTYF0fPcNY9cTUayD','4444','MasterCard','2023','12',125.00,'sgd',70.00,0.00,0.00,0.00,70.00,'RM','2017-11-01 03:49:00','2017-11-10 05:35:54','H1GVNaURW',70.00),(189,NULL,NULL,NULL,NULL,NULL,0.00,NULL,36.00,0.00,0.00,0.00,36.00,'RM','2017-11-01 04:31:43','2017-11-10 05:35:54','S1D4ATLR-',36.00),(190,'ch_1BJDysIPTYF0fPcN5eoYrubg','4444','MasterCard','2019','12',90.00,'sgd',31.00,0.00,6.50,0.00,37.50,'RM','2017-11-01 04:37:35','2017-11-10 05:35:54','S1UcyA80-',31.00),(191,'ch_1BJE6nIPTYF0fPcNpaZOBEPG','4444','MasterCard','2023','12',91.00,'sgd',32.00,0.00,6.50,0.00,38.50,'RM','2017-11-01 04:45:46','2017-11-10 05:35:54','SkgtbAU0b',32.00),(192,'ch_1BJEEXIPTYF0fPcNQSso3DHX','4242','Visa','2023','12',130.00,'sgd',75.00,0.00,0.00,0.00,75.00,'RM','2017-11-01 04:53:47','2017-11-10 05:35:54','rybPXRIC-',75.00),(193,'ch_1BJEhSIPTYF0fPcNm6p0LNDP','4242','Visa','2021','1',76.00,'sgd',18.00,0.00,6.50,0.00,24.50,'RM','2017-11-01 05:23:39','2017-11-10 05:35:54','ryGD5RLR-',18.00),(194,'ch_1BJElrIPTYF0fPcNGpB04LeB','4242','Visa','2020','5',167.00,'sgd',109.00,0.00,0.00,0.00,109.00,'RM','2017-11-01 05:28:12','2017-11-10 05:35:54','rkQuoAL0Z',109.00),(195,'ch_1BJEu4IPTYF0fPcN8JCOymzk','4242','Visa','2021','1',100.00,'sgd',40.00,0.00,6.50,0.00,46.50,'RM','2017-11-01 05:36:41','2017-11-10 05:35:54','rJxOpR80-',40.00),(196,NULL,NULL,NULL,NULL,NULL,0.00,NULL,122.00,0.00,0.00,0.00,122.00,'RM','2017-11-01 06:03:53','2017-11-10 05:35:54','HyfRXJPAZ',122.00),(197,'ch_1BJFxPIPTYF0fPcNCaXu5aM6','4242','Visa','2019','11',148.00,'sgd',91.00,10.00,0.00,0.00,91.00,'RM','2017-11-01 06:44:13','2017-11-10 05:35:54','SJmHpkvRW',101.00),(198,'ch_1BJGf8IPTYF0fPcN7cRgXPnw','4242','Visa','2020','5',167.00,'sgd',109.00,0.00,0.00,0.00,109.00,'RM','2017-11-01 07:29:23','2017-11-10 05:35:54','rJ90PlDCZ',109.00),(199,'ch_1BJGjDIPTYF0fPcNhZDQbPrg','5556','Visa','2021','10',245.00,'sgd',182.00,10.00,0.00,0.00,182.00,'RM','2017-11-01 07:33:36','2017-11-10 05:35:54','SyICOeD0W',192.00),(200,'ch_1BJGr8IPTYF0fPcNnzzCw0IX','4242','Visa','2023','5',758.00,'sgd',660.00,0.00,0.00,0.00,660.00,'RM','2017-11-01 07:41:48','2017-11-10 05:35:54','SkfaqlvAZ',660.00),(201,'ch_1BJHLZIPTYF0fPcNAW79CeWW','4444','MasterCard','2019','8',135.00,'sgd',79.20,8.80,0.00,0.00,79.20,'RM','2017-11-01 08:13:15','2017-11-10 05:35:54','SJZmMbwCW',88.00),(202,'ch_1BJHweIPTYF0fPcNWq5vDNEG','5556','Visa','2021','10',91.00,'sgd',32.00,0.00,6.50,0.00,38.50,'RM','2017-11-01 08:51:33','2017-11-10 05:35:54','BknfobDA-',32.00),(203,'ch_1BJIGDIPTYF0fPcN0JTlbgAW','4444','MasterCard','2020','8',462.00,'sgd',384.00,10.00,0.00,0.00,384.00,'RM','2017-11-01 09:11:47','2017-11-10 05:35:54','r1FRkfwAZ',394.00),(204,'ch_1BJJUjIPTYF0fPcN1rRYjcfh','4444','MasterCard','2023','12',22064.00,'sgd',20531.00,0.00,0.00,0.00,20531.00,'RM','2017-11-01 10:30:50','2017-11-10 05:35:54','HylvM7w0-',20531.00),(205,'ch_1BJJYzIPTYF0fPcNn4bVJYOR','4444','MasterCard','2020','9',331.00,'sgd',262.00,10.00,0.00,0.00,262.00,'RM','2017-11-01 10:35:15','2017-11-10 05:35:54','ByYDQ7wRb',272.00),(206,'ch_1BJJeFIPTYF0fPcNMTO4K5cY','4444','MasterCard','2019','10',83.00,'sgd',31.00,0.00,0.00,0.00,31.00,'RM','2017-11-01 10:40:41','2017-11-10 05:35:54','B1k2V7v0b',31.00),(207,'ch_1BJJilIPTYF0fPcNz6ytq5Qo','4444','MasterCard','2019','12',144.00,'sgd',87.30,9.70,0.00,0.00,87.30,'RM','2017-11-01 10:45:21','2017-11-10 05:35:54','BkDaBXvAb',97.00),(208,'ch_1BJJoPIPTYF0fPcNHrsLwzkl','4444','MasterCard','2020','9',109.00,'sgd',55.00,0.00,0.00,0.00,55.00,'RM','2017-11-01 10:51:11','2017-11-10 05:35:54','HkHXwmw0b',55.00),(209,'ch_1BJJqPIPTYF0fPcNXeak6pwy','4242','Visa','2019','9',130.00,'sgd',74.70,8.30,0.00,0.00,74.70,'RM','2017-11-01 10:53:15','2017-11-10 05:35:54','S1boPQwAW',83.00),(210,'ch_1BJXc7IPTYF0fPcNpoo4TsuA','4242','Visa','2025','2',130.00,'sgd',75.00,0.00,0.00,0.00,75.00,'RM','2017-11-02 01:35:24','2017-11-10 05:35:54','B17D8xORW',75.00),(211,'ch_1BJYLMIPTYF0fPcNmSqgyIze','4444','MasterCard','2023','12',118.00,'sgd',63.00,7.00,0.00,0.00,63.00,'RM','2017-11-02 02:22:09','2017-11-10 05:35:54','H1D8W-_Rb',70.00),(212,'ch_1BJYOEIPTYF0fPcNhUwk5huC','4444','MasterCard','2023','12',109.00,'sgd',55.00,0.00,0.00,0.00,55.00,'RM','2017-11-02 02:25:08','2017-11-10 05:35:54','ryq-M-O0-',55.00),(213,'ch_1BJZHpIPTYF0fPcN01udEanr','4242','Visa','2018','12',69.00,'sgd',18.00,0.00,0.00,0.00,18.00,'RM','2017-11-02 03:22:34','2017-11-10 05:35:54','r1btyGuRZ',18.00),(214,'ch_1BJZIqIPTYF0fPcN0e3Q3EfO','4242','Visa','2018','12',286.00,'sgd',220.00,0.00,0.00,0.00,220.00,'RM','2017-11-02 03:23:37','2017-11-10 05:35:54','H1gpkf_Ab',220.00),(215,'ch_1BJZbdIPTYF0fPcNQ09OUiKY','4444','MasterCard','2020','9',119.00,'sgd',64.80,7.20,0.00,0.00,64.80,'RM','2017-11-02 03:43:02','2017-11-10 05:35:54','S12rNf_CZ',72.00),(216,'ch_1BJZzuIPTYF0fPcNW50avT1s','4242','Visa','2020','10',126.00,'sgd',64.80,7.20,6.50,0.00,71.30,'RM','2017-11-02 04:08:07','2017-11-10 05:35:54','rkT79fO0Z',72.00),(217,'ch_1BJeh5IPTYF0fPcNHomDci1u','4444','MasterCard','2020','9',110.00,'sgd',49.50,5.50,6.50,0.00,56.00,'RM','2017-11-02 09:09:00','2017-11-10 05:35:54','rymhxDORb',55.00),(218,'ch_1BJgCUIPTYF0fPcNiLNzZv55','4242','Visa','2018','12',76.00,'sgd',18.00,0.00,6.50,0.00,24.50,'RM','2017-11-02 10:45:32','2017-11-10 05:35:54','S1MUv_dAZ',18.00),(219,'ch_1BJgUJIPTYF0fPcNi5mBD3Ew','4444','MasterCard','2023','12',286.00,'sgd',220.00,0.00,0.00,0.00,220.00,'RM','2017-11-02 11:03:56','2017-11-10 05:35:54','Sy7oiudC-',220.00),(220,NULL,NULL,NULL,NULL,NULL,0.00,NULL,13.00,0.00,0.00,0.00,13.00,'RM','2017-11-02 11:04:55','2017-11-10 05:35:54','r1lJ2_uRW',13.00),(221,'ch_1BJgnpIPTYF0fPcN57Kl7nOu','4444','MasterCard','2023','12',101.00,'sgd',10.00,0.00,5.00,0.00,15.00,'S$','2017-11-02 11:24:06','2017-11-10 05:35:54','Sy6IetOA-',10.00),(222,'ch_1BJgtmIPTYF0fPcN3KzW0Ko0','4242','Visa','2020','11',153.00,'sgd',96.00,10.00,0.00,0.00,96.00,'RM','2017-11-02 11:30:16','2017-11-10 05:35:54','SJCaWKd0-',106.00),(223,'ch_1BJgw2IPTYF0fPcNkU3GTV5H','4242','Visa','2019','10',144.00,'sgd',87.30,9.70,0.00,0.00,87.30,'RM','2017-11-02 11:32:36','2017-11-10 05:35:54','BJc8zt_C-',97.00),(224,'ch_1BJhAMIPTYF0fPcNsS1KQUDm','4444','MasterCard','2023','12',350.00,'sgd',280.00,0.00,0.00,0.00,280.00,'RM','2017-11-02 11:47:23','2017-11-10 05:35:54','rJzCHKOAZ',280.00),(225,'ch_1BJhDuIPTYF0fPcNfIuaZg58','4242','Visa','2018','12',118.00,'sgd',63.00,7.00,0.00,0.00,63.00,'RM','2017-11-02 11:51:03','2017-11-10 05:35:54','B1ajUtOCW',70.00),(226,'ch_1BJhO2IPTYF0fPcNcWuoDP7H','4242','Visa','2020','11',560.00,'sgd',476.00,0.00,0.00,0.00,476.00,'RM','2017-11-02 12:01:31','2017-11-10 05:35:54','ByMXYtuCb',476.00),(227,'ch_1BJhXtIPTYF0fPcN5hTL1QYi','4444','MasterCard','2019','12',328.00,'sgd',259.00,0.00,0.00,0.00,259.00,'RM','2017-11-02 12:11:43','2017-11-10 05:35:54','S1rtiY_Rb',259.00),(228,'ch_1BJhZNIPTYF0fPcNN4LV3qnA','4242','Visa','2020','11',186.00,'sgd',127.00,0.00,0.00,0.00,127.00,'RM','2017-11-02 12:13:14','2017-11-10 05:35:54','rJx1htO0-',127.00),(229,'ch_1BJhZwIPTYF0fPcNbsx397Sn','4242','Visa','2019','11',138.00,'sgd',81.90,9.10,0.00,0.00,81.90,'RM','2017-11-02 12:13:50','2017-11-10 05:35:54','S1NZ2tdR-',91.00),(230,'ch_1BJhkIIPTYF0fPcNxorILkXA','4242','Visa','2018','12',71.00,'sgd',13.00,0.00,6.50,0.00,19.50,'RM','2017-11-02 12:24:32','2017-11-10 05:35:54','BkUK0Yd0-',13.00),(231,'ch_1BJiFeIPTYF0fPcNhhn5zkuh','4242','Visa','2018','12',76.00,'sgd',18.00,0.00,6.50,0.00,24.50,'RM','2017-11-02 12:56:56','2017-11-10 05:35:54','Sk0fLc_0W',18.00),(232,NULL,NULL,NULL,NULL,NULL,0.00,NULL,13.00,0.00,0.00,0.00,13.00,'RM','2017-11-02 13:01:26','2017-11-10 05:35:54','B1yNw9ORb',13.00),(233,'ch_1BJiRlIPTYF0fPcNjJKE7pP8','4444','MasterCard','2018','12',122.00,'sgd',67.00,0.00,0.00,0.00,67.00,'RM','2017-11-02 13:09:27','2017-11-10 05:35:54','rJ6WYc_0b',67.00),(234,'ch_1BJj5UIPTYF0fPcN8PrgohFr','4242','Visa','2018','12',521.00,'sgd',440.00,0.00,0.00,0.00,440.00,'RM','2017-11-02 13:50:29','2017-11-10 05:35:54','SJnjGodRW',440.00),(235,'ch_1BJj7xIPTYF0fPcNxzn0mSXN','4242','Visa','2018','12',300.00,'sgd',233.00,0.00,0.00,0.00,233.00,'RM','2017-11-02 13:53:02','2017-11-10 05:35:54','Hk4r7iORW',233.00),(236,'ch_1BJjDwIPTYF0fPcNvijStwXB','4242','Visa','2018','12',69.00,'sgd',18.00,0.00,0.00,0.00,18.00,'RM','2017-11-02 13:59:14','2017-11-10 05:35:54','rk_2ViuRb',18.00),(237,'ch_1BJjHEIPTYF0fPcN65Ed44Bj','4242','Visa','2018','12',286.00,'sgd',220.00,0.00,0.00,0.00,220.00,'RM','2017-11-02 14:02:37','2017-11-10 05:35:54','HkEFBsOC-',220.00),(238,'ch_1BJjIPIPTYF0fPcNn6HLT4rf','4242','Visa','2018','12',305.00,'sgd',238.00,0.00,0.00,0.00,238.00,'RM','2017-11-02 14:03:51','2017-11-10 05:35:54','SkaaHiuAb',238.00),(239,NULL,NULL,NULL,NULL,NULL,0.00,NULL,31.00,0.00,0.00,0.00,31.00,'RM','2017-11-02 14:27:40','2017-11-10 05:35:54','rk4woouAW',31.00),(240,'ch_1BJkS9IPTYF0fPcNmGovNqJf','4242','Visa','2022','11',76.00,'sgd',18.00,0.00,6.50,0.00,24.50,'RM','2017-11-02 15:17:58','2017-11-10 05:35:54','r12QvhdRZ',18.00),(241,'ch_1BJkh7IPTYF0fPcNCqGT732f','4242','Visa','2019','12',286.00,'sgd',220.00,0.00,0.00,0.00,220.00,'RM','2017-11-02 15:33:26','2017-11-10 05:35:54','HJpp5hOAb',220.00),(242,'ch_1BJlIXIPTYF0fPcN6rSMJB7H','4242','Visa','2018','12',303.00,'sgd',236.00,0.00,0.00,0.00,236.00,'RM','2017-11-02 16:12:06','2017-11-10 05:35:54','Hy20QTu0Z',236.00),(243,'ch_1BJlRwIPTYF0fPcNQ8zNjzDo','4242','Visa','2019','12',388.00,'sgd',316.00,0.00,0.00,0.00,316.00,'RM','2017-11-02 16:21:49','2017-11-10 05:35:54','BkE7L6_CW',316.00),(244,'ch_1BJlToIPTYF0fPcN3oFAihwd','4242','Visa','2022','11',76.00,'sgd',18.00,0.00,6.50,0.00,24.50,'RM','2017-11-02 16:23:46','2017-11-10 05:35:54','By_qI6_0b',18.00),(245,'ch_1BJsTcIPTYF0fPcN7VTtwKGt','4242','Visa','2019','10',475.00,'sgd',397.00,10.00,0.00,0.00,397.00,'RM','2017-11-02 23:52:02','2017-11-10 05:35:54','Hk_syNFRW',407.00),(246,'ch_1BJtrkIPTYF0fPcNHqUBtrNW','4444','MasterCard','2019','12',433.00,'sgd',358.00,10.00,0.00,0.00,358.00,'RM','2017-11-03 01:21:01','2017-11-10 05:35:54','r1VtVBt0W',368.00),(247,'ch_1BJu3sIPTYF0fPcN7wbsPWNn','4242','Visa','2018','12',286.00,'sgd',220.00,0.00,0.00,0.00,220.00,'RM','2017-11-03 01:33:33','2017-11-10 05:35:54','SJQOwBtCW',220.00),(248,'ch_1BJv6kIPTYF0fPcN3PfF7sXU','4242','Visa','2020','9',117.00,'sgd',63.00,7.00,0.00,0.00,63.00,'RM','2017-11-03 02:40:35','2017-11-10 05:35:54','SyKmPUt0Z',70.00),(249,'ch_1BJvBsIPTYF0fPcNeyl89q2u','4242','Visa','2020','9',286.00,'sgd',220.00,0.00,0.00,0.00,220.00,'RM','2017-11-03 02:45:53','2017-11-10 05:35:54','Sy_PdUY0-',220.00),(250,'ch_1BJvOnIPTYF0fPcNpuYD0fDk','4444','MasterCard','2020','10',154.00,'sgd',97.00,10.00,0.00,0.00,97.00,'RM','2017-11-03 02:59:14','2017-11-10 05:35:54','r1OFiUKAb',107.00),(251,'ch_1BJvs8IPTYF0fPcNGI8ooP6p','4242','Visa','2020','10',154.00,'sgd',97.00,0.00,0.00,0.00,97.00,'RM','2017-11-03 03:29:33','2017-11-10 05:35:54','BkmsfDKCW',97.00),(252,'ch_1BJvxUIPTYF0fPcNJhrZCFrO','4242','Visa','2022','5',128.00,'sgd',66.00,0.00,6.50,0.00,72.50,'RM','2017-11-03 03:35:06','2017-11-10 05:35:54','HkgeEPt0Z',66.00),(253,'ch_1BJvyVIPTYF0fPcNtxjRxKJA','4242','Visa','2018','12',286.00,'sgd',220.00,0.00,0.00,0.00,220.00,'RM','2017-11-03 03:36:09','2017-11-10 05:35:54','rkkV4wKRb',220.00),(254,'ch_1BJw8sIPTYF0fPcN7CYN1PEt','4242','Visa','2020','11',125.00,'sgd',70.00,0.00,0.00,0.00,70.00,'RM','2017-11-03 03:46:51','2017-11-10 05:35:54','HyGhLvK0W',70.00),(255,'ch_1BJw8vIPTYF0fPcNdYRpJjLc','4444','MasterCard','2021','7',130.00,'sgd',74.70,8.30,0.00,0.00,74.70,'RM','2017-11-03 03:46:54','2017-11-10 05:35:54','B1rh8DF0Z',83.00),(256,'ch_1BJwBUIPTYF0fPcNAegZVPeI','4242','Visa','2019','10',344.00,'sgd',275.00,0.00,0.00,0.00,275.00,'RM','2017-11-03 03:49:33','2017-11-10 05:35:54','Sk4UPwY0Z',275.00),(257,'ch_1BJwE2IPTYF0fPcNUgNp8QXI','4242','Visa','2019','9',458.00,'sgd',381.00,0.00,0.00,0.00,381.00,'RM','2017-11-03 03:52:13','2017-11-10 05:35:54','SJWldwFRW',381.00),(258,'ch_1BJwMGIPTYF0fPcN1FogAAAj','4242','Visa','2020','2',366.00,'sgd',295.00,0.00,0.00,0.00,295.00,'RM','2017-11-03 04:00:41','2017-11-10 05:35:54','S1kxcvY0W',295.00),(259,'ch_1BJwULIPTYF0fPcN9m9Z6V0g','4242','Visa','2018','12',350.00,'sgd',280.00,0.00,0.00,0.00,280.00,'RM','2017-11-03 04:09:02','2017-11-10 05:35:54','HyBJnDF0W',280.00),(260,'ch_1BJwcsIPTYF0fPcN2E0eZkmB','4242','Visa','2018','12',585.00,'sgd',500.00,0.00,0.00,0.00,500.00,'RM','2017-11-03 04:17:52','2017-11-10 05:35:54','rkUl0DYAZ',500.00),(261,'ch_1BJweTIPTYF0fPcNDRodemJm','4242','Visa','2018','12',193.00,'sgd',134.00,0.00,0.00,0.00,134.00,'RM','2017-11-03 04:19:32','2017-11-10 05:35:54','SJFLAwYA-',134.00),(262,NULL,NULL,NULL,NULL,NULL,0.00,NULL,18.00,0.00,0.00,0.00,18.00,'RM','2017-11-03 04:25:04','2017-11-10 05:35:54','SkFoJuYAZ',18.00),(263,NULL,NULL,NULL,NULL,NULL,0.00,NULL,18.00,0.00,0.00,0.00,18.00,'RM','2017-11-03 04:31:27','2017-11-10 05:35:54','rkPXZuKAW',18.00),(264,'ch_1BJwtfIPTYF0fPcNF41R4PxU','4444','MasterCard','2018','12',76.00,'sgd',18.00,0.00,6.50,0.00,24.50,'RM','2017-11-03 04:35:12','2017-11-10 05:35:54','ByvZfOY0-',18.00),(265,NULL,NULL,NULL,NULL,NULL,0.00,NULL,18.00,0.00,0.00,0.00,18.00,'RM','2017-11-03 04:37:31','2017-11-10 05:35:54','rJN5MdtRZ',18.00),(266,'ch_1BJwyTIPTYF0fPcNnKSUY6AM','4242','Visa','2018','12',286.00,'sgd',220.00,0.00,0.00,0.00,220.00,'RM','2017-11-03 04:40:10','2017-11-10 05:35:54','SJl4QutRZ',220.00),(267,'ch_1BJxrgIPTYF0fPcN1Lnxm7RH','4444','MasterCard','2018','9',350.00,'sgd',280.00,0.00,0.00,0.00,280.00,'RM','2017-11-03 05:37:14','2017-11-10 05:35:54','Hyx5gYtC-',280.00),(268,'ch_1BJy8LIPTYF0fPcNjHUtPlTg','4242','Visa','2019','4',402.00,'sgd',329.00,0.00,0.00,0.00,329.00,'RM','2017-11-03 05:54:26','2017-11-10 05:35:54','HJKqNYKR-',329.00),(269,NULL,NULL,NULL,NULL,NULL,0.00,NULL,109.00,0.00,0.00,0.00,109.00,'RM','2017-11-03 06:00:29','2017-11-10 05:35:54','BkLWIttCW',109.00),(270,'ch_1BJyLPIPTYF0fPcNOGqpKs4x','4444','MasterCard','2019','6',167.00,'sgd',109.00,0.00,0.00,0.00,109.00,'RM','2017-11-03 06:07:56','2017-11-10 05:35:54','HyXTPtKCb',109.00),(271,'ch_1BJyMEIPTYF0fPcN8jS2Oix8','4444','MasterCard','2019','6',109.00,'sgd',55.00,0.00,0.00,0.00,55.00,'RM','2017-11-03 06:08:47','2017-11-10 05:35:54','SyIgdYFAb',55.00),(272,'ch_1BJyR3IPTYF0fPcNZ01xcylJ','4242','Visa','2019','11',350.00,'sgd',280.00,0.00,0.00,0.00,280.00,'RM','2017-11-03 06:13:46','2017-11-10 05:35:54','rJxXtFYAZ',280.00),(273,NULL,NULL,NULL,NULL,NULL,0.00,NULL,109.00,0.00,0.00,0.00,109.00,'RM','2017-11-03 06:17:43','2017-11-10 05:35:54','BJyG5FtAZ',109.00),(274,'ch_1BJyuQIPTYF0fPcNTeAQTK4P','4242','Visa','2019','12',314.00,'sgd',247.00,0.00,0.00,0.00,247.00,'RM','2017-11-03 06:44:07','2017-11-10 05:35:54','rJ0NlcK0-',247.00),(275,'ch_1BJzD7IPTYF0fPcN8INq7Ov8','4242','Visa','2018','12',607.00,'sgd',520.00,0.00,0.00,0.00,520.00,'RM','2017-11-03 07:03:26','2017-11-10 05:35:54','Hk46VqKC-',520.00),(276,'ch_1BJzOQIPTYF0fPcNtw8u4N2M','4242','Visa','2018','12',286.00,'sgd',220.00,0.00,0.00,0.00,220.00,'RM','2017-11-03 07:15:07','2017-11-10 05:35:54','r1zYvqtCW',220.00),(277,'ch_1BJzPGIPTYF0fPcNeHetEJpW','4242','Visa','2018','12',99.00,'sgd',39.00,0.00,6.50,0.00,45.50,'RM','2017-11-03 07:15:59','2017-11-10 05:35:54','SyI3vqK0Z',39.00),(278,'ch_1BJzQCIPTYF0fPcN3HIt6LR9','4242','Visa','2018','12',125.00,'sgd',70.00,0.00,0.00,0.00,70.00,'RM','2017-11-03 07:16:58','2017-11-10 05:35:54','SygeOcFRW',70.00),(279,'ch_1BJzTBIPTYF0fPcNnEo76kY2','4242','Visa','2018','12',305.00,'sgd',238.00,0.00,0.00,0.00,238.00,'RM','2017-11-03 07:20:03','2017-11-10 05:35:54','r1KjuqY0b',238.00),(280,'ch_1BJzW7IPTYF0fPcN7ioKbRSy','4242','Visa','2019','10',355.00,'sgd',285.00,10.00,0.00,0.00,285.00,'RM','2017-11-03 07:23:05','2017-11-10 05:35:54','BkkvKcKRZ',295.00),(281,'ch_1BJzZyIPTYF0fPcNelvrXXpy','4242','Visa','2018','12',76.00,'sgd',18.00,0.00,6.50,0.00,24.50,'RM','2017-11-03 07:27:04','2017-11-10 05:35:54','ry0r5qKCb',18.00),(282,'ch_1BJziMIPTYF0fPcN4SvZzsV7','4242','Visa','2018','12',76.00,'sgd',18.00,0.00,6.50,0.00,24.50,'RM','2017-11-03 07:35:44','2017-11-10 05:35:54','ry883qKRb',18.00),(283,'ch_1BK06EIPTYF0fPcNnp1O8pow','4242','Visa','2019','11',153.00,'sgd',96.00,10.00,0.00,0.00,96.00,'RM','2017-11-03 08:00:24','2017-11-10 05:35:54','Hy0Mzst0Z',106.00),(284,'ch_1BK0DvIPTYF0fPcNc8uAJnce','4444','MasterCard','2022','11',105.00,'sgd',51.30,5.70,0.00,0.00,51.30,'RM','2017-11-03 08:08:21','2017-11-10 05:35:54','B1jg4oKAb',57.00),(285,'ch_1BK0QKIPTYF0fPcNcSFpSEDW','4242','Visa','2018','12',1427.00,'sgd',1286.00,0.00,0.00,0.00,1286.00,'RM','2017-11-03 08:21:10','2017-11-10 05:35:54','rknlDjtCZ',1286.00),(286,'ch_1BK0pUIPTYF0fPcNccNxeZMQ','4242','Visa','2018','12',188.00,'sgd',129.00,0.00,0.00,0.00,129.00,'RM','2017-11-03 08:47:09','2017-11-10 05:35:54','SkNfTjFAW',129.00),(287,NULL,NULL,NULL,NULL,NULL,0.00,NULL,18.00,0.00,0.00,0.00,18.00,'RM','2017-11-03 08:51:36','2017-11-10 05:35:54','HyW7RiKAW',18.00),(288,'ch_1BK11dIPTYF0fPcNB2IcFGiY','4242','Visa','2022','11',83.00,'sgd',31.00,0.00,0.00,0.00,31.00,'RM','2017-11-03 08:59:43','2017-11-10 05:35:54','S1rWx3FAZ',31.00),(289,NULL,NULL,NULL,NULL,NULL,0.00,NULL,127.00,0.00,0.00,0.00,127.00,'RM','2017-11-03 09:01:22','2017-11-10 05:35:54','Byovl2FR-',127.00),(290,'ch_1BK15xIPTYF0fPcN58O1776A','4242','Visa','2019','11',138.00,'sgd',82.00,0.00,0.00,0.00,82.00,'RM','2017-11-03 09:04:10','2017-11-10 05:35:54','HJeMbnt0-',82.00),(291,'ch_1BK1CGIPTYF0fPcNARQiImbw','4242','Visa','2022','11',286.00,'sgd',220.00,0.00,0.00,0.00,220.00,'RM','2017-11-03 09:10:42','2017-11-10 05:35:54','S1u9M3YR-',220.00),(292,'ch_1BK1iLIPTYF0fPcN7JQx5ZMZ','4444','MasterCard','2019','11',130.00,'sgd',74.70,8.30,0.00,0.00,74.70,'RM','2017-11-03 09:43:50','2017-11-10 05:35:54','Sya8q3Y0-',83.00),(293,'ch_1BK22wIPTYF0fPcNC7KsKkQJ','4242','Visa','2019','11',699.00,'sgd',191.00,0.00,0.00,0.00,191.00,'S$','2017-11-03 10:05:08','2017-11-10 05:35:54','ry9L16K0W',191.00),(294,'ch_1BK2BKIPTYF0fPcNabfDftEh','4242','Visa','2019','11',215.00,'sgd',154.00,10.00,0.00,0.00,154.00,'RM','2017-11-03 10:13:48','2017-11-10 05:35:54','HkGv-6FAZ',164.00),(295,'ch_1BK2LbIPTYF0fPcNbW2mhhh8','4242','Visa','2018','12',1699.00,'sgd',1540.00,0.00,0.00,0.00,1540.00,'RM','2017-11-03 10:24:24','2017-11-10 05:35:54','S11kVptR-',1540.00),(296,NULL,NULL,NULL,NULL,NULL,0.00,NULL,18.00,0.00,0.00,0.00,18.00,'RM','2017-11-03 10:26:09','2017-11-10 05:35:54','BJcBVTKCW',18.00),(297,NULL,NULL,NULL,NULL,NULL,0.00,NULL,54.00,0.00,0.00,0.00,54.00,'RM','2017-11-03 10:27:39','2017-11-10 05:35:54','BJ4oNTt0-',54.00),(298,NULL,NULL,NULL,NULL,NULL,0.00,NULL,18.00,0.00,0.00,0.00,18.00,'RM','2017-11-03 10:29:48','2017-11-10 05:35:54','Byr7SaK0-',18.00),(299,'ch_1BK2TyIPTYF0fPcNKKPavsyx','4242','Visa','2020','11',125.00,'sgd',70.00,0.00,0.00,0.00,70.00,'RM','2017-11-03 10:33:04','2017-11-10 05:35:54','HJLkUpKAb',70.00),(300,'ch_1BK2fGIPTYF0fPcNiDPHJCGS','5556','Visa','2023','12',371.00,'sgd',300.00,0.00,0.00,0.00,300.00,'RM','2017-11-03 10:44:44','2017-11-10 05:35:54','rJfod6tAW',300.00),(301,NULL,NULL,NULL,NULL,NULL,0.00,NULL,18.00,0.00,0.00,0.00,18.00,'RM','2017-11-03 10:45:37','2017-11-10 05:35:54','rJqR_aKR-',18.00),(302,'ch_1BK2hUIPTYF0fPcN08J3uoGP','5556','Visa','2023','12',167.00,'sgd',109.00,0.00,0.00,0.00,109.00,'RM','2017-11-03 10:47:01','2017-11-10 05:35:54','Bkj7K6FCb',109.00),(303,NULL,NULL,NULL,NULL,NULL,0.00,NULL,18.00,0.00,0.00,0.00,18.00,'RM','2017-11-03 10:48:41','2017-11-10 05:35:54','r1G9t6KR-',18.00),(304,'ch_1BK32JIPTYF0fPcND2YPQaKy','4444','MasterCard','2018','9',167.00,'sgd',109.00,0.00,0.00,0.00,109.00,'RM','2017-11-03 11:08:32','2017-11-10 05:35:54','HJPNCTFRW',109.00),(305,'ch_1BK37IIPTYF0fPcN9FXx7d8N','4242','Visa','2019','8',101.00,'sgd',10.00,0.00,5.00,0.00,15.00,'S$','2017-11-03 11:13:41','2017-11-10 05:35:54','HJowJCFCW',10.00),(306,'ch_1BK38eIPTYF0fPcNWRYmsciQ','4444','MasterCard','2023','12',109.00,'sgd',55.00,0.00,0.00,0.00,55.00,'RM','2017-11-03 11:15:06','2017-11-10 05:35:54','SkeTyAK0b',55.00),(307,'ch_1BK3ZGIPTYF0fPcNrT5DV40L','4444','MasterCard','2022','11',200.00,'sgd',140.00,0.00,0.00,0.00,140.00,'RM','2017-11-03 11:42:36','2017-11-10 05:35:54','SJz480KC-',140.00),(308,'ch_1BK3eWIPTYF0fPcNXMaAiDdp','4444','MasterCard','2020','1',241.00,'sgd',178.00,0.00,0.00,0.00,178.00,'RM','2017-11-03 11:48:01','2017-11-10 05:35:54','HJd_w0YRZ',188.00),(309,NULL,NULL,NULL,NULL,NULL,0.00,NULL,109.00,0.00,0.00,0.00,109.00,'RM','2017-11-03 12:38:06','2017-11-10 05:35:54','HyUEXk5AZ',109.00),(310,NULL,NULL,NULL,NULL,NULL,0.00,NULL,18.00,0.00,6.50,0.00,24.50,'RM','2017-11-04 01:16:50','2017-11-10 05:35:54','rJcWS550W',18.00),(311,NULL,NULL,NULL,NULL,NULL,0.00,NULL,18.00,0.00,6.50,0.00,24.50,'RM','2017-11-04 01:24:20','2017-11-10 05:35:54','rJ2T8c9Rb',18.00),(312,NULL,NULL,NULL,NULL,NULL,0.00,NULL,18.00,0.00,6.50,0.00,24.50,'RM','2017-11-04 01:30:01','2017-11-10 05:35:54','ByWX_c50Z',18.00),(313,NULL,NULL,NULL,NULL,NULL,0.00,NULL,18.00,0.00,6.50,0.00,24.50,'RM','2017-11-04 01:46:45','2017-11-10 05:35:54','H1AZ2qcA-',18.00),(314,NULL,NULL,NULL,NULL,NULL,0.00,NULL,1.00,0.00,6.50,0.00,7.50,'RM','2017-11-04 01:53:00','2017-11-10 05:35:54','HyHtpq50b',1.00),(315,NULL,NULL,NULL,NULL,NULL,0.00,NULL,1.00,0.00,0.00,0.00,1.00,'RM','2017-11-04 01:57:08','2017-11-10 05:35:54','B12dR59AW',1.00),(316,NULL,NULL,NULL,NULL,NULL,0.00,NULL,1.00,0.00,6.50,0.00,7.50,'RM','2017-11-04 02:04:20','2017-11-10 05:35:54','rJhXes9Rb',1.00),(317,NULL,NULL,NULL,NULL,NULL,0.00,NULL,1.00,0.00,0.00,0.00,1.00,'RM','2017-11-04 02:05:32','2017-11-10 05:35:54','BkBOgs9CW',1.00),(318,'ch_1BKentIPTYF0fPcNxxoLHnFQ','4242','Visa','2018','10',125.00,'sgd',70.00,0.00,0.00,0.00,70.00,'RM','2017-11-05 03:28:11','2017-11-10 05:35:54','HkZLr-nR-',70.00),(319,'ch_1BKfN5IPTYF0fPcNzXbcvbD2','4242','Visa','2018','7',125.00,'sgd',70.00,0.00,0.00,0.00,70.00,'RM','2017-11-05 04:04:33','2017-11-10 05:35:54','rJPR6W3R-',70.00),(320,'ch_1BKzAPIPTYF0fPcNYTAbcrIK','4444','MasterCard','2022','11',125.00,'sgd',70.00,0.00,0.00,0.00,70.00,'RM','2017-11-06 01:12:47','2017-11-10 05:35:54','BkSMwV6R-',70.00),(321,'ch_1BKzdTIPTYF0fPcNKR4ddWDR','5556','Visa','2022','10',284.00,'sgd',218.00,0.00,0.00,0.00,218.00,'RM','2017-11-06 01:42:48','2017-11-10 05:35:54','rJk7C46C-',218.00),(322,'ch_1BKzn8IPTYF0fPcN6hZIRZS0','8210','MasterCard','2022','2',177.00,'sgd',118.00,0.00,0.00,0.00,118.00,'RM','2017-11-06 01:52:47','2017-11-10 05:35:54','ry8OlB60W',118.00),(323,'ch_1BL09ZIPTYF0fPcNIQvnKxnN','4242','Visa','2018','9',350.00,'sgd',280.00,0.00,0.00,0.00,280.00,'RM','2017-11-06 02:15:58','2017-11-10 05:35:54','r1VJ8SpC-',280.00),(324,'ch_1BL0KeIPTYF0fPcNhNTW977s','4242','Visa','2018','9',380.00,'sgd',308.00,0.00,0.00,0.00,308.00,'RM','2017-11-06 02:27:25','2017-11-10 05:35:54','SJ45urp0-',308.00),(325,'ch_1BL0e6IPTYF0fPcNuoI8jFX4','4444','MasterCard','2022','11',213.00,'sgd',152.00,0.00,0.00,0.00,152.00,'RM','2017-11-06 02:47:32','2017-11-10 05:35:54','HkKBaHaCW',152.00),(326,NULL,NULL,NULL,NULL,NULL,0.00,NULL,1.00,0.00,0.00,0.00,1.00,'RM','2017-11-06 04:01:50','2017-11-10 05:35:54','B1v3C8pCW',1.00),(327,'ch_1BL20mIPTYF0fPcNxGpXCENb','4242','Visa','2019','12',313.00,'sgd',245.00,0.00,0.00,0.00,245.00,'RM','2017-11-06 04:15:01','2017-11-10 05:35:54','SJnaZPpCb',255.00),(328,'ch_1BL26hIPTYF0fPcN9A2FbuzC','4444','MasterCard','2019','8',224.00,'sgd',162.00,0.00,0.00,0.00,162.00,'RM','2017-11-06 04:21:08','2017-11-10 05:35:54','H1q47v6C-',172.00),(329,'ch_1BL2GHIPTYF0fPcNm79ablkZ','4444','MasterCard','2023','12',101.00,'sgd',10.00,0.00,5.00,0.00,15.00,'S$','2017-11-06 04:31:02','2017-11-10 05:35:54','r1nFrDpR-',10.00),(330,'ch_1BL2INIPTYF0fPcNtognc5NT','4444','MasterCard','2019','8',149.00,'sgd',24.00,0.00,5.00,0.00,29.00,'S$','2017-11-06 04:33:13','2017-11-10 05:35:54','S11f8PaAW',24.00),(331,'ch_1BL2mKIPTYF0fPcNa2jJTGws','4242','Visa','2020','5',128.00,'sgd',73.00,0.00,0.00,0.00,73.00,'RM','2017-11-06 05:04:09','2017-11-10 05:35:54','ByJLaDaRZ',73.00),(332,NULL,NULL,NULL,NULL,NULL,0.00,NULL,18.00,0.00,0.00,0.00,18.00,'RM','2017-11-06 06:12:28','2017-11-10 05:35:54','BySIadTCW',18.00),(333,NULL,NULL,NULL,NULL,NULL,0.00,NULL,13.00,0.00,0.00,0.00,13.00,'RM','2017-11-06 06:13:08','2017-11-10 05:35:54','B13u6_6CZ',13.00),(334,'ch_1BL50gIPTYF0fPcNET7AHKkU','4444','MasterCard','2042','5',284.00,'sgd',218.00,0.00,0.00,0.00,218.00,'RM','2017-11-06 07:27:08','2017-11-10 05:35:54','HJGRCt6R-',218.00),(335,'ch_1BL5EMIPTYF0fPcNpGFUXrFD','4444','MasterCard','2023','12',76.00,'sgd',18.00,0.00,6.50,0.00,24.50,'RM','2017-11-06 07:41:16','2017-11-10 05:35:54','ByzmGq6CW',18.00),(336,'ch_1BL5SOIPTYF0fPcNEkso5VIA','4242','Visa','2023','5',346.00,'sgd',87.00,0.00,0.00,0.00,87.00,'S$','2017-11-06 07:55:46','2017-11-10 05:35:54','Hy_Yrc6RZ',87.00),(337,'ch_1BL5cZIPTYF0fPcNN2bCofD8','4242','Visa','2018','9',167.00,'sgd',109.00,0.00,0.00,0.00,109.00,'RM','2017-11-06 08:06:16','2017-11-10 05:35:54','H1Rg_qp0-',109.00),(338,'ch_1BL5cpIPTYF0fPcNkSFMA8x3','4242','Visa','2019','8',154.00,'sgd',97.00,0.00,0.00,0.00,97.00,'RM','2017-11-06 08:06:32','2017-11-10 05:35:54','r10Z_5p0W',107.00),(339,'ch_1BL5eaIPTYF0fPcNQqHxt78U','4444','MasterCard','2020','9',110.00,'sgd',56.00,0.00,0.00,0.00,56.00,'RM','2017-11-06 08:08:21','2017-11-10 05:35:54','HkndO9pAb',56.00),(340,'ch_1BL6DnIPTYF0fPcNfpKiymPi','4242','Visa','2021','7',96.00,'sgd',36.00,0.00,6.50,0.00,42.50,'RM','2017-11-06 08:44:44','2017-11-10 05:35:54','S1X-WjaRb',36.00),(341,'ch_1BL7tkIPTYF0fPcN42SlRBlh','5556','Visa','2023','12',361.00,'sgd',290.00,0.00,0.00,0.00,290.00,'RM','2017-11-06 10:32:10','2017-11-10 05:35:54','B1gN5nTCW',300.00),(342,'ch_1BL8ImIPTYF0fPcNjtgMbLmB','4242','Visa','2019','10',275.00,'sgd',210.00,0.00,0.00,0.00,210.00,'RM','2017-11-06 10:58:01','2017-11-10 05:35:54','BykHeTaAW',220.00),(343,'ch_1BL8lKIPTYF0fPcNwcsUYhPl','4444','MasterCard','2019','10',105.00,'sgd',45.00,0.00,6.50,0.00,51.50,'RM','2017-11-06 11:27:31','2017-11-10 05:35:54','HJ5XP66RZ',45.00),(344,NULL,NULL,NULL,NULL,NULL,0.00,NULL,18.00,0.00,0.00,0.00,18.00,'RM','2017-11-06 11:36:43','2017-11-10 05:35:54','SyQLFT6A-',18.00),(345,'ch_1BL8vgIPTYF0fPcNEENDbWbI','4242','Visa','2022','11',93.00,'sgd',40.00,0.00,0.00,0.00,40.00,'RM','2017-11-06 11:38:13','2017-11-10 05:35:54','rkssFaaR-',40.00),(346,'ch_1BL8zWIPTYF0fPcN6AjMNXyL','4444','MasterCard','2022','11',109.00,'sgd',55.00,0.00,0.00,0.00,55.00,'RM','2017-11-06 11:42:12','2017-11-10 05:35:54','HJq9966AZ',55.00),(347,'ch_1BLASBIPTYF0fPcNI0NRzgHN','4242','Visa','2018','11',175.00,'sgd',117.00,0.00,0.00,0.00,117.00,'RM','2017-11-06 13:15:52','2017-11-10 05:35:54','Hy1ceyC0-',127.00),(348,'ch_1BLAW5IPTYF0fPcNRr5yiVo5','8210','MasterCard','2020','12',118.00,'sgd',63.00,0.00,0.00,0.00,63.00,'RM','2017-11-06 13:19:55','2017-11-10 05:35:54','BkZY-kARW',70.00),(349,'ch_1BLB2UIPTYF0fPcNSd8s4LFp','4444','MasterCard','2020','2',186.00,'sgd',127.00,0.00,0.00,0.00,127.00,'RM','2017-11-06 13:53:24','2017-11-10 05:35:54','SyqUF1R0b',127.00),(350,'ch_1BLJevIPTYF0fPcNNvpsxuBi','4242','Visa','2018','9',350.00,'sgd',280.00,0.00,0.00,0.00,280.00,'RM','2017-11-06 23:05:38','2017-11-10 05:35:54','H1KT9PCAW',280.00),(351,'ch_1BLNS3IPTYF0fPcNmuvGl5ts','4242','Visa','2018','12',69.00,'sgd',18.00,0.00,0.00,0.00,18.00,'RM','2017-11-07 03:08:36','2017-11-10 05:35:54','ry5nQjR0-',18.00),(352,'ch_1BLNSuIPTYF0fPcNQ3rJXtPH','4242','Visa','2018','12',522.00,'sgd',440.00,0.00,0.00,0.00,440.00,'RM','2017-11-07 03:09:29','2017-11-10 05:35:54','B1xl4i0C-',440.00),(353,NULL,NULL,NULL,NULL,NULL,0.00,NULL,80.00,0.00,0.00,0.00,80.00,'RM','2017-11-07 03:11:50','2017-11-10 05:35:54','Bk0u4iRCW',80.00),(354,NULL,NULL,NULL,NULL,NULL,0.00,NULL,54.00,0.00,0.00,0.00,54.00,'RM','2017-11-07 03:16:14','2017-11-10 05:35:54','B1UtBo0CZ',54.00),(355,NULL,NULL,NULL,NULL,NULL,0.00,NULL,31.00,0.00,0.00,0.00,31.00,'RM','2017-11-07 03:19:40','2017-11-10 05:35:54','B1BUIsCRW',31.00),(356,NULL,NULL,NULL,NULL,NULL,0.00,NULL,90.00,0.00,0.00,0.00,90.00,'RM','2017-11-07 03:25:00','2017-11-10 05:35:54','r1rqDs0Ab',90.00),(357,NULL,NULL,NULL,NULL,NULL,0.00,NULL,211.00,0.00,0.00,0.00,211.00,'RM','2017-11-07 04:04:30','2017-11-10 05:35:54','ByIAe3RR-',211.00),(358,NULL,NULL,NULL,NULL,NULL,0.00,NULL,54.00,0.00,0.00,0.00,54.00,'RM','2017-11-07 04:06:28','2017-11-10 05:35:54','H1TBZn00Z',54.00),(359,NULL,NULL,NULL,NULL,NULL,0.00,NULL,54.00,0.00,0.00,0.00,54.00,'RM','2017-11-07 04:20:43','2017-11-10 05:35:54','rkVjN2CRb',54.00),(360,NULL,NULL,NULL,NULL,NULL,0.00,NULL,72.00,0.00,0.00,0.00,72.00,'RM','2017-11-07 04:21:30','2017-11-10 05:35:54','SkGRNnACb',72.00),(361,'ch_1BLRXgIPTYF0fPcNVNxrc3s0','4242','Visa','2020','11',101.00,'sgd',10.00,0.00,5.00,0.00,15.00,'S$','2017-11-07 07:30:42','2017-11-10 05:35:54','SydmWy1kf',10.00),(362,'ch_1BLRYfIPTYF0fPcNWimpgsYE','4242','Visa','2019','11',167.00,'sgd',109.00,0.00,0.00,0.00,109.00,'RM','2017-11-07 07:31:43','2017-11-10 05:35:54','HyBv-kJyM',109.00),(363,'ch_1BLRaoIPTYF0fPcNqe6NZHk4','4242','Visa','2019','10',154.00,'sgd',97.00,0.00,0.00,0.00,97.00,'RM','2017-11-07 07:33:55','2017-11-10 05:35:54','rk9JG1yyM',97.00),(364,'ch_1BLRjSIPTYF0fPcNTuXpAhVS','4242','Visa','2019','9',487.00,'sgd',407.00,0.00,0.00,0.00,407.00,'RM','2017-11-07 07:42:51','2017-11-10 05:35:54','HyGWNyykz',407.00),(365,'ch_1BLRpXIPTYF0fPcNNGKEWoax','4242','Visa','2021','10',128.00,'sgd',73.00,0.00,0.00,0.00,73.00,'RM','2017-11-07 07:49:08','2017-11-10 05:35:54','rJ5_rkkJz',73.00),(366,'ch_1BLRtKIPTYF0fPcNqNt6Qgg2','4242','Visa','2019','9',261.00,'sgd',197.00,0.00,0.00,0.00,197.00,'RM','2017-11-07 07:53:04','2017-11-10 05:35:54','BJ8w8JJJG',197.00),(367,'ch_1BLRxxIPTYF0fPcNB3ZtKMw1','4444','MasterCard','2019','9',86.00,'sgd',27.00,0.00,6.50,0.00,33.50,'RM','2017-11-07 07:57:50','2017-11-10 05:35:54','ryHKw1JJM',27.00),(368,'ch_1BLS11IPTYF0fPcNpSLRhoEd','4242','Visa','2019','9',147.00,'sgd',84.00,0.00,6.50,0.00,90.50,'RM','2017-11-07 08:01:01','2017-11-10 05:35:54','S1XSO111f',84.00),(369,NULL,NULL,NULL,NULL,NULL,0.00,NULL,1.00,0.00,0.00,0.00,1.00,'RM','2017-11-07 09:54:22','2017-11-10 05:35:54','rk8RG-11M',1.00),(370,'ch_1BLTvsIPTYF0fPcNvNk8fRD0','4242','Visa','2019','9',350.00,'sgd',280.00,0.00,0.00,0.00,280.00,'RM','2017-11-07 10:03:49','2017-11-10 05:35:54','BkibrZ1kG',280.00),(371,NULL,NULL,NULL,NULL,NULL,0.00,NULL,109.00,0.00,0.00,0.00,109.00,'RM','2017-11-07 10:19:31','2017-11-10 05:35:54','Bys2dZ11G',109.00),(372,NULL,NULL,NULL,NULL,NULL,0.00,NULL,109.00,0.00,0.00,0.00,109.00,'RM','2017-11-07 10:24:39','2017-11-10 05:35:54','rJxxqZyyM',109.00),(373,NULL,NULL,NULL,NULL,NULL,0.00,NULL,109.00,0.00,0.00,0.00,109.00,'RM','2017-11-07 10:26:32','2017-11-10 05:35:54','SyewqWkkf',109.00),(374,NULL,NULL,NULL,NULL,NULL,0.00,NULL,37.00,0.00,6.50,0.00,43.50,'RM','2017-11-07 10:29:57','2017-11-10 05:35:54','r1a7oWyyf',37.00),(375,'ch_1BLYVOIPTYF0fPcNnzgsndb5','4444','MasterCard','2023','12',362.00,'sgd',290.00,0.00,0.00,0.00,290.00,'RM','2017-11-07 14:56:47','2017-11-10 05:35:54','S1B2tSJyz',300.00),(376,'ch_1BLYpxIPTYF0fPcNRIuwDAEk','4242','Visa','2020','11',115.00,'sgd',14.00,0.00,5.00,0.00,19.00,'S$','2017-11-07 15:18:02','2017-11-10 05:35:54','Bke2CryJG',14.00),(377,'ch_1BLYr3IPTYF0fPcNJVQYgWdb','4444','MasterCard','2023','12',125.00,'sgd',70.00,0.00,0.00,0.00,70.00,'RM','2017-11-07 15:19:10','2017-11-10 05:35:54','SyBlyUkkf',70.00),(378,'ch_1BLYs4IPTYF0fPcNtNG19l2X','4444','MasterCard','2023','12',373.00,'sgd',300.00,0.00,0.00,0.00,300.00,'RM','2017-11-07 15:20:14','2017-11-10 05:35:54','ByNN1LJyG',300.00),(379,NULL,NULL,NULL,NULL,NULL,0.00,NULL,19.00,0.00,6.50,0.00,25.50,'RM','2017-11-07 15:34:43','2017-11-10 05:35:54','HksqzUkyG',19.00),(380,'ch_1BLhSHIPTYF0fPcNHq4AoiME','5556','Visa','2021','12',304.00,'sgd',236.00,0.00,0.00,0.00,236.00,'RM','2017-11-08 00:30:10','2017-11-10 05:35:54','B1tGgCk1G',236.00),(381,'ch_1BLhc9IPTYF0fPcNF3F9tYhg','4444','MasterCard','2030','12',340.00,'sgd',270.00,0.00,0.00,0.00,270.00,'RM','2017-11-08 00:40:22','2017-11-10 05:35:54','BJpuzRyJM',280.00),(382,'ch_1BLijKIPTYF0fPcNv1HTzoQj','4242','Visa','2019','9',286.00,'sgd',220.00,0.00,0.00,0.00,220.00,'RM','2017-11-08 01:51:52','2017-11-10 05:35:54','HyAN7yl1z',220.00),(383,'ch_1BLirtIPTYF0fPcNq6mS4vO1','4242','Visa','2019','9',168.00,'sgd',110.00,0.00,0.00,0.00,110.00,'RM','2017-11-08 02:00:43','2017-11-10 05:35:54','ByWIB1eyf',110.00),(384,NULL,NULL,NULL,NULL,NULL,0.00,NULL,109.00,0.00,0.00,0.00,109.00,'RM','2017-11-08 02:24:27','2017-11-10 05:35:54','HyNyjJe1f',109.00),(385,NULL,NULL,NULL,NULL,NULL,0.00,NULL,1.00,0.00,0.00,0.00,1.00,'RM','2017-11-08 02:25:48','2017-11-10 05:35:54','BkVNjJlyM',1.00),(386,NULL,NULL,NULL,NULL,NULL,0.00,NULL,1.00,0.00,0.00,0.00,1.00,'RM','2017-11-08 03:03:31','2017-11-10 05:35:54','H1jZExx1z',1.00),(387,NULL,NULL,NULL,NULL,NULL,0.00,NULL,165.00,0.00,0.00,0.00,165.00,'RM','2017-11-08 03:12:21','2017-11-10 05:35:54','B16MUgg1z',165.00),(388,NULL,NULL,NULL,NULL,NULL,0.00,NULL,165.00,0.00,0.00,0.00,165.00,'RM','2017-11-08 03:30:04','2017-11-10 05:35:54','HkrS5egJf',165.00),(389,'ch_1BLkKhIPTYF0fPcNhW78D5b1','5556','Visa','2023','12',110.00,'sgd',56.00,0.00,0.00,0.00,56.00,'RM','2017-11-08 03:34:32','2017-11-10 05:35:54','SJRHsxg1f',56.00),(390,'ch_1BLkmbIPTYF0fPcNbowXRahO','4242','Visa','2019','9',993.00,'sgd',878.00,0.00,0.00,0.00,878.00,'RM','2017-11-08 04:03:23','2017-11-10 05:35:54','HkWGMbxJM',878.00),(391,'ch_1BLlSCIPTYF0fPcN3kI4O33G','4242','Visa','2019','11',90.00,'sgd',31.00,0.00,6.50,0.00,37.50,'RM','2017-11-08 04:46:22','2017-11-10 05:35:54','ryVm3Wx1G',31.00),(392,'ch_1BLnahIPTYF0fPcNj8tYhBJ8','4242','Visa','2019','9',344.00,'sgd',274.00,0.00,0.00,0.00,274.00,'RM','2017-11-08 07:03:16','2017-11-10 05:35:54','SkqV3Xl1G',274.00),(393,'ch_1BLngGIPTYF0fPcNnUcn9Koa','4242','Visa','2019','9',285.00,'sgd',219.00,0.00,0.00,0.00,219.00,'RM','2017-11-08 07:09:02','2017-11-10 05:35:54','ByVcTQlkf',219.00),(394,NULL,NULL,NULL,NULL,NULL,0.00,NULL,436.00,0.00,0.00,0.00,436.00,'RM','2017-11-08 07:28:24','2017-11-10 05:35:54','SyZmG4gyz',436.00),(395,'ch_1BLoDvIPTYF0fPcNO9dwEYpp','4242','Visa','2019','9',351.00,'sgd',280.00,0.00,0.00,0.00,280.00,'RM','2017-11-08 07:43:49','2017-11-10 05:35:54','BJo2BNl1M',280.00),(396,NULL,NULL,NULL,NULL,NULL,0.00,NULL,109.00,0.00,0.00,0.00,109.00,'RM','2017-11-08 08:25:16','2017-11-10 05:35:54','ByrOJSe1z',109.00),(397,NULL,NULL,NULL,NULL,NULL,0.00,NULL,109.00,0.00,0.00,0.00,109.00,'RM','2017-11-08 08:26:59','2017-11-10 05:35:54','B12AJrlyz',109.00),(398,'ch_1BLou2IPTYF0fPcNM5hO2OoS','4242','Visa','2019','9',167.00,'sgd',109.00,0.00,0.00,0.00,109.00,'RM','2017-11-08 08:27:20','2017-11-10 05:35:54','S1RJxBgJM',109.00),(399,'ch_1BLp3NIPTYF0fPcNAOj5O28D','4242','Visa','2019','9',2130.00,'sgd',1936.00,0.00,0.00,0.00,1936.00,'RM','2017-11-08 08:36:58','2017-11-10 05:35:54','BklEzrxkG',1936.00),(400,NULL,NULL,NULL,NULL,NULL,0.00,NULL,109.00,0.00,0.00,0.00,109.00,'RM','2017-11-08 10:49:08','2017-11-10 05:35:54','Hya7-weyf',109.00),(401,NULL,NULL,NULL,NULL,NULL,0.00,NULL,1.00,0.00,0.00,0.00,1.00,'RM','2017-11-08 11:26:04','2017-11-10 05:35:54','B1S0YDe1G',1.00),(402,NULL,NULL,NULL,NULL,NULL,0.00,NULL,13.00,0.00,0.00,0.00,13.00,'RM','2017-11-09 02:31:31','2017-11-10 05:35:54','ry2b0E-1f',13.00),(403,'ch_1BM5qcIPTYF0fPcN3SxEY4HT','4242','Visa','2018','12',90.00,'sgd',37.00,0.00,0.00,0.00,37.00,'RM','2017-11-09 02:32:55','2017-11-10 05:35:54','H1C8ANb1z',37.00),(404,'ch_1BM5r1IPTYF0fPcNASbbsCQQ','4444','MasterCard','2021','10',146.00,'sgd',89.00,0.00,0.00,0.00,89.00,'RM','2017-11-09 02:33:21','2017-11-10 05:35:54','ryw_A4Wyf',89.00),(405,NULL,NULL,NULL,NULL,NULL,0.00,NULL,18.00,0.00,0.00,0.00,18.00,'RM','2017-11-09 02:49:32','2017-11-10 05:35:54','H1BSGSZkG',18.00),(406,NULL,NULL,NULL,NULL,NULL,0.00,NULL,13.00,0.00,0.00,0.00,13.00,'RM','2017-11-09 02:52:21','2017-11-10 05:35:54','B1RkmH-kz',13.00),(407,NULL,NULL,NULL,NULL,NULL,0.00,NULL,13.00,0.00,0.00,0.00,13.00,'RM','2017-11-09 03:00:18','2017-11-10 05:35:54','r1qTVSZ1f',13.00),(408,'ch_1BM6LEIPTYF0fPcN3pQAnthu','4444','MasterCard','2020','5',239.00,'sgd',176.00,0.00,0.00,0.00,176.00,'RM','2017-11-09 03:04:34','2017-11-10 05:35:54','By_TrHWJG',186.00),(409,NULL,NULL,NULL,NULL,NULL,0.00,NULL,13.00,0.00,0.00,0.00,13.00,'RM','2017-11-09 03:05:42','2017-11-10 05:35:54','B11zLrZyf',13.00),(410,'ch_1BM6ONIPTYF0fPcN5kh54LvF','4242','Visa','2018','12',351.00,'sgd',280.00,0.00,0.00,0.00,280.00,'RM','2017-11-09 03:07:48','2017-11-10 05:35:54','BkjFUBW1G',280.00),(411,'ch_1BM6ddIPTYF0fPcN6ms9tmzU','4242','Visa','2018','12',4371.00,'sgd',4026.00,0.00,0.00,0.00,4026.00,'RM','2017-11-09 03:23:35','2017-11-10 05:35:54','rypEcSWJz',4026.00),(412,NULL,NULL,NULL,NULL,NULL,0.00,NULL,31.00,0.00,0.00,0.00,31.00,'RM','2017-11-09 03:27:09','2017-11-10 05:35:54','Bk8MorZ1z',31.00),(413,NULL,NULL,NULL,NULL,NULL,0.00,NULL,13.00,0.00,0.00,0.00,13.00,'RM','2017-11-09 03:37:45','2017-11-10 05:35:54','SyZ9aHZJM',13.00),(414,NULL,NULL,NULL,NULL,NULL,0.00,NULL,13.00,0.00,0.00,0.00,13.00,'RM','2017-11-09 03:41:42','2017-11-10 05:35:54','Bk0dAHZkf',13.00),(415,NULL,NULL,NULL,NULL,NULL,0.00,NULL,174.00,0.00,0.00,0.00,174.00,'RM','2017-11-09 03:58:52','2017-11-10 05:35:54','By4FzL-kG',174.00),(416,'ch_1BM7HNIPTYF0fPcNQzbuL3qe','4242','Visa','2019','10',187.00,'sgd',128.00,0.00,0.00,0.00,128.00,'RM','2017-11-09 04:04:39','2017-11-10 05:35:54','Hkp0QIbyz',128.00),(417,'ch_1BM7LoIPTYF0fPcNBM7yzLy4','4444','MasterCard','2019','10',125.00,'sgd',63.00,0.00,6.50,0.00,69.50,'RM','2017-11-09 04:09:13','2017-11-10 05:35:54','SyJlrLZJf',63.00),(418,'ch_1BM7LqIPTYF0fPcNVbAGm9XT','4242','Visa','2018','12',351.00,'sgd',280.00,0.00,0.00,0.00,280.00,'RM','2017-11-09 04:09:15','2017-11-10 05:35:54','rJMxr8-kM',280.00),(419,'ch_1BM7O5IPTYF0fPcNTc9bGrsZ','4242','Visa','2018','12',365.00,'sgd',293.00,0.00,0.00,0.00,293.00,'RM','2017-11-09 04:11:34','2017-11-10 05:35:54','Hy3OrIbJf',293.00),(420,NULL,NULL,NULL,NULL,NULL,0.00,NULL,174.00,0.00,0.00,0.00,174.00,'RM','2017-11-09 04:21:47','2017-11-10 05:35:54','BJXy_8-yG',174.00),(421,'ch_1BM7aHIPTYF0fPcNPhcbLMoD','4242','Visa','2020','8',77.00,'sgd',19.00,0.00,6.50,0.00,25.50,'RM','2017-11-09 04:24:10','2017-11-10 05:35:54','B1xuuU-yf',19.00),(422,NULL,NULL,NULL,NULL,NULL,0.00,NULL,18.00,0.00,0.00,0.00,18.00,'RM','2017-11-09 04:24:27','2017-11-10 05:35:54','SkQYu8b1G',18.00),(423,'ch_1BM7jYIPTYF0fPcNiaNHBSXd','4242','Visa','2020','9',105.00,'sgd',45.00,0.00,6.50,0.00,51.50,'RM','2017-11-09 04:33:45','2017-11-10 05:35:54','H1ghq8WkG',45.00),(424,'ch_1BM7wzIPTYF0fPcNnmTsu40m','4444','MasterCard','2019','9',879.00,'sgd',772.00,0.00,0.00,0.00,772.00,'RM','2017-11-09 04:47:39','2017-11-10 05:35:54','SJZeRIb1M',772.00),(425,'ch_1BM8b0IPTYF0fPcNvmevqois','4444','MasterCard','2019','6',536.00,'sgd',453.00,0.00,0.00,0.00,453.00,'RM','2017-11-09 05:28:59','2017-11-10 05:35:54','ByMowwbJG',453.00),(426,'ch_1BM8eFIPTYF0fPcN7eanFBCw','4242','Visa','2019','11',351.00,'sgd',280.00,0.00,0.00,0.00,280.00,'RM','2017-11-09 05:32:20','2017-11-10 05:35:54','B1svOPbJf',280.00),(427,NULL,NULL,NULL,NULL,NULL,0.00,NULL,114.00,0.00,0.00,0.00,114.00,'RM','2017-11-09 06:18:00','2017-11-10 05:35:54','S1eQmdbyz',114.00),(428,'ch_1BMA8wIPTYF0fPcNggD7ivwS','4242','Visa','2019','9',137.00,'sgd',81.00,0.00,0.00,0.00,81.00,'RM','2017-11-09 07:08:08','2017-11-10 05:35:54','HkA0COWyz',81.00),(429,'ch_1BMABcIPTYF0fPcN6VqmJBar','4242','Visa','2019','10',413.00,'sgd',338.00,0.00,0.00,0.00,338.00,'RM','2017-11-09 07:10:54','2017-11-10 05:35:54','SJNYJYbJM',338.00),(430,'ch_1BMAIxIPTYF0fPcN5f541qOZ','4242','Visa','2019','10',478.00,'sgd',399.00,0.00,0.00,0.00,399.00,'RM','2017-11-09 07:18:29','2017-11-10 05:35:54','rysrbF-kM',409.00),(431,NULL,NULL,NULL,NULL,NULL,0.00,NULL,109.00,0.00,0.00,0.00,109.00,'RM','2017-11-09 07:23:50','2017-11-10 05:35:54','SyCYfYWyM',109.00),(432,NULL,NULL,NULL,NULL,NULL,0.00,NULL,1.00,0.00,0.00,0.00,1.00,'RM','2017-11-09 07:26:06','2017-11-10 05:35:54','HJDGQtWJf',1.00),(433,NULL,NULL,NULL,NULL,NULL,0.00,NULL,1.00,0.00,0.00,0.00,1.00,'RM','2017-11-09 07:29:51','2017-11-10 05:35:54','SJdxVFbJG',1.00),(434,'ch_1BMAmBIPTYF0fPcNaoZeyczV','4242','Visa','2019','9',96.00,'sgd',36.00,0.00,6.50,0.00,42.50,'RM','2017-11-09 07:48:41','2017-11-10 05:35:54','HJ1wuF-kz',36.00),(435,'ch_1BMAqcIPTYF0fPcNmshOKs42','4444','MasterCard','2019','10',76.00,'sgd',18.00,0.00,6.50,0.00,24.50,'RM','2017-11-09 07:53:15','2017-11-10 05:35:54','r1zOKFZJf',18.00),(436,'ch_1BMB84IPTYF0fPcNiSacU7B2','4242','Visa','2018','9',76.00,'sgd',18.00,0.00,6.50,0.00,24.50,'RM','2017-11-09 08:11:17','2017-11-10 05:35:54','H12oTFWJf',18.00),(437,'ch_1BMB9BIPTYF0fPcNu82M3H7m','4242','Visa','2019','9',887.00,'sgd',780.00,0.00,0.00,0.00,780.00,'RM','2017-11-09 08:12:27','2017-11-10 05:35:54','rJ-lCYZkG',780.00),(438,NULL,NULL,NULL,NULL,NULL,0.00,NULL,13.00,0.00,6.50,0.00,19.50,'RM','2017-11-09 08:14:54','2017-11-10 05:35:54','H18YCYZkz',13.00),(439,NULL,NULL,NULL,NULL,NULL,0.00,NULL,45.00,0.00,0.00,0.00,45.00,'RM','2017-11-09 08:23:39','2017-11-10 05:35:54','SyEcx5ZyM',45.00),(440,NULL,NULL,NULL,NULL,NULL,0.00,NULL,18.00,0.00,0.00,0.00,18.00,'RM','2017-11-09 08:33:22','2017-11-10 05:35:54','Byj0McWyM',18.00),(441,NULL,NULL,NULL,NULL,NULL,0.00,NULL,18.00,0.00,0.00,0.00,18.00,'RM','2017-11-09 08:43:18','2017-11-10 05:35:54','By0mB9W1G',18.00),(442,'ch_1BMC6RIPTYF0fPcNOotG1Ky4','4242','Visa','2018','9',125.00,'sgd',70.00,0.00,0.00,0.00,70.00,'RM','2017-11-09 09:13:41','2017-11-10 05:35:54','rJsB39WkG',70.00),(443,'ch_1BMCdkIPTYF0fPcNsdhJw93q','4242','Visa','2019','9',119.00,'sgd',58.00,0.00,6.50,0.00,64.50,'RM','2017-11-09 09:48:06','2017-11-10 05:35:54','HyhLNiWJM',58.00),(444,'ch_1BMCfsIPTYF0fPcNx15ffg4t','4242','Visa','2019','9',408.00,'sgd',334.00,0.00,0.00,0.00,334.00,'RM','2017-11-09 09:50:18','2017-11-10 05:35:54','BJx1BoZkf',334.00),(445,'ch_1BMDPuIPTYF0fPcNYpQqCH77','4444','MasterCard','2019','10',76.00,'sgd',18.00,0.00,6.50,0.00,24.50,'RM','2017-11-09 10:37:52','2017-11-10 05:35:54','HJIWg3-1G',18.00),(446,NULL,NULL,NULL,NULL,NULL,0.00,NULL,1.00,0.00,0.00,0.00,1.00,'RM','2017-11-09 11:06:08','2017-11-10 05:35:54','BkOjUhZ1G',1.00),(447,'ch_1BMQJTIPTYF0fPcNMNQjkRgA','4242','Visa','2040','12',372.00,'sgd',298.00,0.00,0.00,0.00,298.00,'RM','2017-11-10 00:24:04','2017-11-10 05:35:54','rJcjb_fJM',298.00),(448,'ch_1BMRjtIPTYF0fPcNNaiPJFUH','4242','Visa','2018','12',276.00,'sgd',210.00,0.00,0.00,0.00,210.00,'RM','2017-11-10 01:55:26','2017-11-10 05:35:54','BJHzwFz1z',210.00),(449,'ch_1BMRyPIPTYF0fPcNs9h2UdeU','4242','Visa','2019','12',392.00,'sgd',318.00,0.00,0.00,0.00,318.00,'RM','2017-11-10 02:10:27','2017-11-10 05:35:54','r1Yc9tf1z',318.00),(450,NULL,NULL,NULL,NULL,NULL,0.00,NULL,109.00,0.00,0.00,0.00,109.00,'RM','2017-11-10 02:13:26','2017-11-10 05:35:54','H11Lstz1f',109.00),(451,'ch_1BMS34IPTYF0fPcNZNDE26YP','4242','Visa','2022','11',76.00,'sgd',18.00,0.00,6.50,0.00,24.50,'RM','2017-11-10 02:15:16','2017-11-10 05:35:54','SJ5noYfkM',18.00),(452,'ch_1BMS9LIPTYF0fPcN3uCLW514','4242','Visa','2019','10',167.00,'sgd',109.00,0.00,0.00,0.00,109.00,'RM','2017-11-10 02:21:44','2017-11-10 05:35:54','ByJH6tf1f',109.00),(453,NULL,NULL,NULL,NULL,NULL,0.00,NULL,109.00,0.00,0.00,0.00,109.00,'RM','2017-11-10 02:30:05','2017-11-10 05:35:54','HkIEJcf1G',109.00),(454,'ch_1BMTJ6IPTYF0fPcN3mOaLhR4','4444','MasterCard','2020','9',167.00,'sgd',109.00,0.00,0.00,0.00,109.00,'RM','2017-11-10 03:35:53','2017-11-10 05:35:54','BygjCqfJf',109.00),(455,NULL,NULL,NULL,NULL,NULL,0.00,NULL,109.00,0.00,0.00,0.00,109.00,'RM','2017-11-10 03:49:15','2017-11-10 05:35:54','ryV6ZiMyz',109.00),(456,NULL,NULL,NULL,NULL,NULL,0.00,NULL,49.00,0.00,0.00,0.00,49.00,'S$','2017-11-10 04:59:33','2017-11-10 05:35:54','Ska4z2M1G',49.00),(457,'ch_1BMWTkIPTYF0fPcNgLQpSmlK','4242','Visa','2019','9',125.00,'sgd',63.00,0.00,6.50,0.00,69.50,'RM','2017-11-10 06:59:05','2017-11-10 06:59:05','SkySRpGyz',63.00),(458,'ch_1BMWVPIPTYF0fPcN3f2fPZCv','4242','Visa','2019','9',206.00,'sgd',145.00,0.00,0.00,0.00,145.00,'RM','2017-11-10 07:00:48','2017-11-10 07:00:48','HJvsATzyM',145.00),(459,NULL,NULL,NULL,NULL,NULL,0.00,NULL,49.00,0.00,0.00,0.00,49.00,'S$','2017-11-10 07:19:03','2017-11-10 07:19:03','HJygQ0z1z',49.00),(460,'ch_1BMWymIPTYF0fPcN09MrEjXD','4242','Visa','2018','12',304.00,'sgd',236.00,0.00,0.00,0.00,236.00,'RM','2017-11-10 07:31:10','2017-11-10 07:31:10','Sk4THAz1f',236.00),(461,'ch_1BMX6SIPTYF0fPcNAEKpSdFS','4444','MasterCard','2019','9',187.00,'sgd',127.00,0.00,0.00,0.00,127.00,'RM','2017-11-10 07:39:05','2017-11-10 07:39:05','HkesDAz1G',127.00),(462,NULL,NULL,NULL,NULL,NULL,0.00,NULL,98.00,0.00,0.00,0.00,98.00,'S$','2017-11-10 07:46:24','2017-11-10 07:46:24','SJu8YCMJz',98.00),(463,'ch_1BMXS8IPTYF0fPcNmMK7r6EF','4242','Visa','2019','10',88.00,'sgd',35.10,3.90,0.00,0.00,35.10,'RM','2017-11-10 08:01:29','2017-11-10 08:01:29','r1x1TRzJz',39.00),(464,'ch_1BMXhYIPTYF0fPcN9dHNgBVm','4242','Visa','2019','10',88.00,'sgd',35.10,3.90,0.00,0.00,35.10,'RM','2017-11-10 08:17:26','2017-11-10 08:17:26','By2qekXJM',39.00),(465,'ch_1BMXm5IPTYF0fPcN0fRI7jN2','4444','MasterCard','2019','9',322.00,'sgd',80.00,0.00,0.00,0.00,80.00,'S$','2017-11-10 08:22:07','2017-11-10 08:22:07','ByBhZyQJf',80.00),(466,'ch_1BMXrxIPTYF0fPcNFOlh0ni5','4242','Visa','2020','9',285.00,'sgd',69.00,0.00,0.00,0.00,69.00,'S$','2017-11-10 08:28:11','2017-11-10 08:28:11','SybXmJ7Jz',69.00),(467,'ch_1BMXtjIPTYF0fPcNHWlkg4ao','4242','Visa','2019','9',251.00,'sgd',59.00,0.00,0.00,0.00,59.00,'S$','2017-11-10 08:30:00','2017-11-10 08:30:00','H1y9my7kM',59.00),(468,NULL,NULL,NULL,NULL,NULL,0.00,NULL,109.00,0.00,0.00,0.00,109.00,'RM','2017-11-10 08:33:08','2017-11-10 08:33:08','SkaSVk7JG',109.00),(469,NULL,NULL,NULL,NULL,NULL,0.00,NULL,109.00,0.00,0.00,0.00,109.00,'RM','2017-11-10 08:33:57','2017-11-10 08:33:57','H1adEy7Jz',109.00),(470,'ch_1BMY4oIPTYF0fPcNrqUI7eoD','4242','Visa','2020','9',107.00,'sgd',53.10,5.90,0.00,0.00,53.10,'RM','2017-11-10 08:41:27','2017-11-10 08:41:27','rkCV8y71M',59.00),(471,'ch_1BMYDXIPTYF0fPcNfbmAchCe','4242','Visa','2020','11',312.00,'sgd',77.00,0.00,0.00,0.00,77.00,'S$','2017-11-10 08:50:29','2017-11-10 08:50:29','rJj8uy7kM',77.00),(472,'ch_1BMYPUIPTYF0fPcN1E77RHDg','4242','Visa','2019','11',111.00,'sgd',18.00,0.00,0.00,0.00,18.00,'S$','2017-11-10 09:02:50','2017-11-10 09:02:50','BkgHiyQ1z',18.00),(473,NULL,NULL,NULL,NULL,NULL,0.00,NULL,304.00,0.00,0.00,0.00,304.00,'RM','2017-11-10 09:09:13','2017-11-10 09:09:13','ByMp2J7kf',304.00),(474,NULL,NULL,NULL,NULL,NULL,0.00,NULL,4900.00,0.00,0.00,0.00,4900.00,'S$','2017-11-10 09:10:41','2017-11-10 09:10:41','H1YfTJQkf',4900.00),(475,'ch_1BMYYyIPTYF0fPcN9kTtSznG','4242','Visa','2018','12',1716.00,'sgd',490.00,0.00,0.00,0.00,490.00,'S$','2017-11-10 09:12:38','2017-11-10 09:12:38','r12Ypk71M',490.00),(476,NULL,NULL,NULL,NULL,NULL,0.00,NULL,1300.00,0.00,0.00,0.00,1300.00,'S$','2017-11-10 09:19:50','2017-11-10 09:19:50','ryySygQJG',1300.00),(477,NULL,NULL,NULL,NULL,NULL,0.00,NULL,98.00,0.00,0.00,0.00,98.00,'S$','2017-11-10 09:45:10','2017-11-10 09:45:10','SJ1Ere7JM',98.00),(478,NULL,NULL,NULL,NULL,NULL,0.00,NULL,294.00,0.00,0.00,0.00,294.00,'S$','2017-11-10 09:46:59','2017-11-10 09:46:59','B1jcHgQ1z',294.00),(479,'ch_1BMZBtIPTYF0fPcNIK7Ck5kU','4242','Visa','2019','10',218.00,'sgd',156.00,0.00,0.00,0.00,156.00,'RM','2017-11-10 09:52:51','2017-11-10 09:52:51','rJKeveXkz',156.00),(480,'ch_1BMZEuIPTYF0fPcNtBwa56ta','4444','MasterCard','2018','12',322.00,'sgd',80.00,0.00,0.00,0.00,80.00,'S$','2017-11-10 09:55:57','2017-11-10 09:55:57','HyN2PeQyG',80.00),(481,'ch_1BMZWVIPTYF0fPcNLzHABBVd','4242','Visa','2020','9',557.00,'sgd',471.00,0.00,0.00,0.00,471.00,'RM','2017-11-10 10:14:08','2017-11-10 10:14:08','BJIg2gQyf',471.00),(482,'ch_1BMZh4IPTYF0fPcNuGqGcFSK','4444','MasterCard','2033','12',764.00,'sgd',210.00,0.00,0.00,0.00,210.00,'S$','2017-11-10 10:25:03','2017-11-10 10:25:03','rk8Y0xXJG',210.00),(483,'ch_1BMZj6IPTYF0fPcNfp8ZP01l','4242','Visa','2018','12',1216.00,'sgd',343.00,0.00,0.00,0.00,343.00,'S$','2017-11-10 10:27:09','2017-11-10 10:27:09','S1VZ1WQyz',343.00),(484,'ch_1BMa6jIPTYF0fPcNA0gzaaSh','4242','Visa','2020','11',304.00,'sgd',236.00,0.00,0.00,0.00,236.00,'RM','2017-11-10 10:51:35','2017-11-10 10:51:35','ry634-QkM',236.00),(485,'ch_1BMaCPIPTYF0fPcNb46xqwsV','4242','Visa','2020','11',304.00,'sgd',236.00,0.00,0.00,0.00,236.00,'RM','2017-11-10 10:57:27','2017-11-10 10:57:27','rJpzLZ7kG',236.00),(486,'ch_1BMaCkIPTYF0fPcNA2JgD1i5','4242','Visa','2018','12',1465.00,'sgd',1315.00,0.00,0.00,0.00,1315.00,'RM','2017-11-10 10:57:47','2017-11-10 10:57:47','Hyz4I-7Jf',1315.00),(487,'ch_1BMaD0IPTYF0fPcNAd8ShjMK','4242','Visa','2020','10',266.00,'sgd',200.60,35.40,0.00,0.00,200.60,'RM','2017-11-10 10:58:03','2017-11-10 10:58:03','BkGSU-mkG',236.00),(488,'ch_1BMaE8IPTYF0fPcNs9TDaAQr','4242','Visa','2019','2',90.00,'sgd',37.00,0.00,0.00,0.00,37.00,'RM','2017-11-10 10:59:14','2017-11-10 10:59:14','S1OYIZQyG',37.00),(489,'ch_1BMaEwIPTYF0fPcNaNKXzAlI','4242','Visa','2020','9',150.00,'sgd',92.65,16.35,0.00,0.00,92.65,'RM','2017-11-10 11:00:04','2017-11-10 11:00:04','HJ5nUbQ1G',109.00),(490,'ch_1BMaPRIPTYF0fPcNOz0zY0LT','4242','Visa','2019','10',81.00,'sgd',22.10,3.90,6.50,0.00,28.60,'RM','2017-11-10 11:10:54','2017-11-10 11:10:54','S1SSYb7kz',26.00),(491,'ch_1BMaR2IPTYF0fPcN6PjQZkLs','4242','Visa','2020','9',75.00,'sgd',22.95,4.05,0.00,0.00,22.95,'RM','2017-11-10 11:12:34','2017-11-10 11:12:34','HJ_jYbX1f',27.00),(492,'ch_1BMaWUIPTYF0fPcN6xuoE6TH','4242','Visa','2020','9',166.00,'sgd',107.95,19.05,0.00,0.00,107.95,'RM','2017-11-10 11:18:12','2017-11-10 11:18:12','Hkqxs-QyG',127.00),(493,'ch_1BMacnIPTYF0fPcNmclhl0oH','4242','Visa','2021','11',167.00,'sgd',109.00,0.00,0.00,0.00,109.00,'RM','2017-11-10 11:24:42','2017-11-10 11:24:42','HyZY2bXkM',109.00),(494,'ch_1BMadKIPTYF0fPcNhkIaX1K1','4444','MasterCard','2019','9',713.00,'sgd',616.00,0.00,0.00,0.00,616.00,'RM','2017-11-10 11:25:15','2017-11-10 11:25:15','ryzohZX1M',616.00),(495,'ch_1BMahLIPTYF0fPcNlJXpwSnk','4444','MasterCard','2020','8',110.00,'sgd',49.60,12.40,6.50,0.00,56.10,'RM','2017-11-10 11:29:24','2017-11-10 11:29:24','rJc96ZQyM',62.00),(496,'ch_1BMak6IPTYF0fPcNEeRguFwR','4242','Visa','2020','11',421.00,'sgd',345.00,0.00,0.00,0.00,345.00,'RM','2017-11-10 11:32:15','2017-11-10 11:32:15','SySB0bQJf',345.00),(497,'ch_1BMam7IPTYF0fPcN61jUYx53','4242','Visa','2019','11',146.00,'sgd',89.00,7.50,0.00,0.00,89.00,'RM','2017-11-10 11:34:20','2017-11-10 11:34:20','S1f6AZmJG',96.50),(498,'ch_1BManvIPTYF0fPcNllS2keWr','4242','Visa','2018','12',137.00,'sgd',80.60,5.40,0.00,0.00,80.60,'RM','2017-11-10 11:36:12','2017-11-10 11:36:12','S1QVJzmkM',86.00),(499,'ch_1BMbHZIPTYF0fPcNJWBhis21','4242','Visa','2018','12',143.00,'sgd',86.40,21.60,0.00,0.00,86.40,'RM','2017-11-10 12:06:51','2017-11-10 12:06:51','ryZDUf7yG',108.00),(500,'ch_1BMbeoIPTYF0fPcNZdj5jnuF','4444','MasterCard','2019','2',631.00,'sgd',540.00,60.00,0.00,0.00,540.00,'RM','2017-11-10 12:30:51','2017-11-10 12:30:51','rJ--3Gm1G',600.00),(501,NULL,NULL,NULL,NULL,NULL,0.00,NULL,49.00,0.00,0.00,0.00,49.00,'S$','2017-11-10 12:32:04','2017-11-10 12:32:04','r1TrhfmJz',49.00),(502,'ch_1BMc9tIPTYF0fPcNj09rkSEB','4242','Visa','2019','11',112.00,'sgd',57.00,7.50,0.00,0.00,57.00,'RM','2017-11-10 13:02:58','2017-11-10 13:02:58','rJFY7QX1G',64.50),(503,'ch_1BMcE5IPTYF0fPcNCmL02ArK','4242','Visa','2018','12',156.00,'sgd',98.10,10.90,0.00,0.00,98.10,'RM','2017-11-10 13:07:18','2017-11-10 13:07:18','Hy6YEQ7Jz',109.00),(504,'ch_1BMcyYIPTYF0fPcN1Ysl4n6q','4242','Visa','2019','4',232.00,'sgd',168.00,15.00,0.00,0.00,168.00,'RM','2017-11-10 13:55:20','2017-11-10 13:55:20','H1061Nm1f',183.00),(505,'ch_1BMdgcIPTYF0fPcNiRVBtl4y','4242','Visa','2022','11',115.00,'sgd',14.00,0.00,5.00,0.00,19.00,'S$','2017-11-10 14:40:52','2017-11-10 14:40:52','HJ9d5NQJM',14.00),(506,'ch_1BMdu2IPTYF0fPcNtg4huyn9','4444','MasterCard','2022','11',206.00,'sgd',144.00,0.00,0.00,0.00,144.00,'RM','2017-11-10 14:54:44','2017-11-10 14:54:44','Bkc3T4QyM',144.00),(507,'ch_1BMoK0IPTYF0fPcNHIZwMukB','4242','Visa','2020','9',249.00,'sgd',184.00,0.00,0.00,0.00,184.00,'RM','2017-11-11 02:02:14','2017-11-11 02:02:14','H13mqCmJM',184.00);
/*!40000 ALTER TABLE `Receipts` ENABLE KEYS */;
UNLOCK TABLES;

--
-- Table structure for table `RecentlyVieweds`
--

DROP TABLE IF EXISTS `RecentlyVieweds`;
/*!40101 SET @saved_cs_client     = @@character_set_client */;
/*!40101 SET character_set_client = utf8 */;
CREATE TABLE `RecentlyVieweds` (
  `id` int(11) NOT NULL AUTO_INCREMENT,
  `UserId` int(11) DEFAULT NULL,
  `ProductCountryId` int(11) DEFAULT NULL,
  `SkuId` int(11) DEFAULT NULL,
  PRIMARY KEY (`id`),
  KEY `UserId` (`UserId`),
  KEY `ProductCountryId` (`ProductCountryId`),
  KEY `SkuId` (`SkuId`),
  CONSTRAINT `RecentlyVieweds_ibfk_1` FOREIGN KEY (`UserId`) REFERENCES `Users` (`id`) ON DELETE SET NULL ON UPDATE CASCADE,
  CONSTRAINT `RecentlyVieweds_ibfk_2` FOREIGN KEY (`ProductCountryId`) REFERENCES `ProductCountries` (`id`) ON DELETE SET NULL ON UPDATE CASCADE,
  CONSTRAINT `RecentlyVieweds_ibfk_3` FOREIGN KEY (`SkuId`) REFERENCES `Skus` (`id`) ON DELETE SET NULL ON UPDATE CASCADE
) ENGINE=InnoDB DEFAULT CHARSET=utf8;
/*!40101 SET character_set_client = @saved_cs_client */;

--
-- Dumping data for table `RecentlyVieweds`
--

LOCK TABLES `RecentlyVieweds` WRITE;
/*!40000 ALTER TABLE `RecentlyVieweds` DISABLE KEYS */;
/*!40000 ALTER TABLE `RecentlyVieweds` ENABLE KEYS */;
UNLOCK TABLES;

--
-- Table structure for table `SaleReports`
--

DROP TABLE IF EXISTS `SaleReports`;
/*!40101 SET @saved_cs_client     = @@character_set_client */;
/*!40101 SET character_set_client = utf8 */;
CREATE TABLE `SaleReports` (
  `id` int(11) NOT NULL AUTO_INCREMENT,
  `agentName` varchar(50) NOT NULL,
  `email` varchar(50) NOT NULL,
  `sku` varchar(10) NOT NULL,
  `productName` varchar(30) NOT NULL,
  `productUnits` int(11) DEFAULT '0',
  `productPrice` decimal(10,2) DEFAULT '0.00',
  `region` varchar(5) NOT NULL,
  `category` enum('client','sales app') DEFAULT 'client',
  `createdAt` datetime NOT NULL,
  `saleDate` date NOT NULL,
  `orderId` varchar(12) NOT NULL,
  `receiptId` int(11) NOT NULL,
  `type` enum('ala-carte','subscription') DEFAULT 'ala-carte',
  PRIMARY KEY (`id`)
) ENGINE=InnoDB AUTO_INCREMENT=1170 DEFAULT CHARSET=utf8;
/*!40101 SET character_set_client = @saved_cs_client */;

--
-- Dumping data for table `SaleReports`
--

LOCK TABLES `SaleReports` WRITE;
/*!40000 ALTER TABLE `SaleReports` DISABLE KEYS */;
INSERT INTO `SaleReports` VALUES (1,'NG MAY SHUANG, JACKLYN','GNNYLKCAJ@GMAIL.COM','PS','Men’s Starter Pack',3,18.00,'MYS','sales app','2017-10-26 11:21:29','2017-10-26','SyZBBryAb',2,'ala-carte'),(2,'','kimtn129@gmail.com','PS','Men’s Starter Pack',1,18.00,'MYS','client','2017-10-26 12:17:42','2017-10-26','Hk0vMLJAZ',3,'ala-carte'),(3,'','kimtn129@gmail.com','Y-Sub-S3','S3 - Annual',1,220.00,'MYS','client','2017-10-26 12:17:42','2017-10-26','Hk0vMLJAZ',3,'subscription'),(4,'','kimtn129@gmail.com','S3','Men’s S3 Cartridges',1,27.00,'MYS','client','2017-10-26 12:20:52','2017-10-26','ByhQmU1Cb',4,'ala-carte'),(5,'','ly@bonseyjaden.com','PS','Men’s Starter Pack',3,18.00,'MYS','client','2017-10-26 14:59:36','2017-10-26','SylDO_kRb',7,'ala-carte'),(6,'','ly@bonseyjaden.com','PF','Women’s Starter Pack',1,18.00,'MYS','client','2017-10-26 12:48:07','2017-10-26','B1yqKUyCW',6,'ala-carte'),(7,'','ly@bonseyjaden.com','Sub-S3','S3 - Quarterly',1,55.00,'MYS','client','2017-10-26 12:48:07','2017-10-26','B1yqKUyCW',6,'subscription'),(8,'','ly@bonseyjaden.com','M-Sub-S3','S3 - Monthly',1,23.08,'MYS','client','2017-10-26 14:59:36','2017-10-26','SylDO_kRb',7,'subscription'),(9,'','ly@bonseyjaden.com','Y-Sub-F5','F5 - Annual',1,300.00,'MYS','client','2017-10-26 15:28:58','2017-10-26','SJ7BJKyCW',8,'subscription'),(10,'','nguyenngoclan714@gmail.com','S5','Men’s S5 Cartridges',1,39.00,'MYS','client','2017-10-26 16:23:05','2017-10-26','BkZxhtJC-',9,'ala-carte'),(11,'AMANDA PHUA ZINING','AMANDA.0109@HOTMAIL.COM','PS','Men’s Starter Pack',8,18.00,'MYS','sales app','2017-10-27 01:27:05','2017-10-27','Hyf_ibeR-',11,'ala-carte'),(12,'','ly@bonseyjaden.com','PS','Men’s Starter Pack',60407770,18.00,'MYS','client','2017-10-27 01:37:41','2017-10-27','Ska10-eAb',12,'ala-carte'),(13,'KEN WEE TAN','ken@inventionmarketinggroup.com.my','PS','Men’s Starter Pack',269949435,18.00,'MYS','sales app','2017-10-27 11:04:06','2017-10-27','rykhz9gCW',55,'ala-carte'),(14,'DAVID TAN BOK HENG ','davidbhtan@pacificasiawidegroup.com','PS','Men’s Starter Pack',28672,18.00,'MYS','sales app','2017-10-27 02:02:45','2017-10-27','Bkp6mGlRb',17,'ala-carte'),(15,'DAVID TAN BOK HENG ','davidbhtan@pacificasiawidegroup.com','PS','Men’s Starter Pack',25842,18.00,'MYS','sales app','2017-10-27 02:02:45','2017-10-27','Bkp6mGlRb',17,'ala-carte'),(16,'DAVID TAN BOK HENG ','davidbhtan@pacificasiawidegroup.com','H1','Men’s Razor Handle',99,13.00,'MYS','sales app','2017-10-27 02:03:05','2017-10-27','Hyb1VzxCZ',19,'ala-carte'),(17,'DAVID TAN BOK HENG ','davidbhtan@pacificasiawidegroup.com','A1','Shaving Foam',13,22.00,'MYS','sales app','2017-10-27 02:02:45','2017-10-27','Bkp6mGlRb',17,'ala-carte'),(18,'DAVID TAN BOK HENG ','davidbhtan@pacificasiawidegroup.com','S3','Men’s S3 Cartridges',29071,27.00,'MYS','sales app','2017-10-27 02:03:05','2017-10-27','Hyb1VzxCZ',19,'ala-carte'),(19,'DAVID TAN BOK HENG ','davidbhtan@pacificasiawidegroup.com','A1','Shaving Foam',22,22.00,'MYS','sales app','2017-10-27 02:02:45','2017-10-27','Bkp6mGlRb',17,'ala-carte'),(20,'DAVID TAN BOK HENG ','davidbhtan@pacificasiawidegroup.com','S3','Men’s S3 Cartridges',63639,27.00,'MYS','sales app','2017-10-27 02:03:05','2017-10-27','Hyb1VzxCZ',19,'ala-carte'),(21,'DAVID TAN BOK HENG ','davidbhtan@pacificasiawidegroup.com','F5','Women’s F5 Cartridges',19,45.00,'MYS','sales app','2017-10-27 02:03:05','2017-10-27','Hyb1VzxCZ',19,'ala-carte'),(22,'','ly@bonseyjaden.com','H2','Women’s Razor Handle',2,13.00,'MYS','client','2017-10-27 03:59:31','2017-10-27','HJsQ14gCZ',36,'ala-carte'),(23,'DAVID TAN BOK HENG ','davidbhtan@pacificasiawidegroup.com','PS','Men’s Starter Pack',2317,18.00,'MYS','sales app','2017-10-27 02:02:45','2017-10-27','Bkp6mGlRb',17,'ala-carte'),(24,'DAVID TAN BOK HENG ','davidbhtan@pacificasiawidegroup.com','F5','Women’s F5 Cartridges',43,45.00,'MYS','sales app','2017-10-27 02:03:05','2017-10-27','Hyb1VzxCZ',19,'ala-carte'),(25,'DAVID TAN BOK HENG ','davidbhtan@pacificasiawidegroup.com','S3','Men’s S3 Cartridges',4301917,27.00,'MYS','sales app','2017-10-27 02:03:05','2017-10-27','Hyb1VzxCZ',19,'ala-carte'),(26,'','xqds@reddit.usa.cc','PS','Men’s Starter Pack',3,18.00,'MYS','client','2017-10-27 02:13:10','2017-10-27','rJ0NUMe0b',21,'ala-carte'),(27,'','xqds@reddit.usa.cc','S3','Men’s S3 Cartridges',1,27.00,'MYS','client','2017-10-27 02:13:10','2017-10-27','rJ0NUMe0b',21,'ala-carte'),(28,'DAVID TAN BOK HENG ','davidbhtan@pacificasiawidegroup.com','Y-Sub-S3','S3 - Annual',1,220.00,'MYS','sales app','2017-10-27 02:17:50','2017-10-27','HkP8vGg0W',22,'subscription'),(29,'DAVID TAN BOK HENG ','davidbhtan@pacificasiawidegroup.com','H1','Men’s Razor Handle',3016,13.00,'MYS','sales app','2017-10-27 02:03:05','2017-10-27','Hyb1VzxCZ',19,'ala-carte'),(30,'DAVID TAN BOK HENG ','davidbhtan@pacificasiawidegroup.com','PS','Men’s Starter Pack',400,18.00,'MYS','sales app','2017-10-27 02:02:45','2017-10-27','Bkp6mGlRb',17,'ala-carte'),(31,'','xqds@reddit.usa.cc','S5','Men’s S5 Cartridges',1,39.00,'MYS','client','2017-10-27 02:22:06','2017-10-27','HkL8_GxRW',24,'ala-carte'),(32,'','xqds@reddit.usa.cc','PF','Women’s Starter Pack',1,18.00,'MYS','client','2017-10-27 02:22:06','2017-10-27','HkL8_GxRW',24,'ala-carte'),(33,'','ly@bonseyjaden.com','PS','Men’s Starter Pack',64432,18.00,'MYS','client','2017-10-27 01:37:41','2017-10-27','Ska10-eAb',12,'ala-carte'),(34,'','ly@bonseyjaden.com','PS','Men’s Starter Pack',255439,18.00,'MYS','client','2017-10-27 03:59:31','2017-10-27','HJsQ14gCZ',36,'ala-carte'),(35,'','ly@bonseyjaden.com','PS','Men’s Starter Pack',771843,18.00,'MYS','client','2017-10-27 03:59:31','2017-10-27','HJsQ14gCZ',36,'ala-carte'),(36,'','xqds@reddit.usa.cc','Sub-S3','S3 - Quarterly',1,55.00,'MYS','client','2017-10-27 03:03:43','2017-10-27','SJuzf7gC-',27,'subscription'),(37,'','ly@bonseyjaden.com','S5','Men’s S5 Cartridges',2,39.00,'MYS','client','2017-10-27 03:59:31','2017-10-27','HJsQ14gCZ',36,'ala-carte'),(38,'KEN WEE TAN','ken@inventionmarketinggroup.com.my','Y-Sub-S3','S3 - Annual',1,220.00,'MYS','sales app','2017-10-27 03:10:24','2017-10-27','rytiXXg0b',29,'subscription'),(39,'','psds@dfg6.kozow.com','Y-Sub-S3','S3 - Annual',1,220.00,'MYS','client','2017-10-27 03:34:28','2017-10-27','H1pHYmeCb',30,'subscription'),(40,'','psds@dfg6.kozow.com','PF','Women’s Starter Pack',1,18.00,'MYS','client','2017-10-27 03:34:28','2017-10-27','H1pHYmeCb',30,'ala-carte'),(41,'','psds@dfg6.kozow.com','PS','Men’s Starter Pack',7,18.00,'MYS','client','2017-10-27 07:04:49','2017-10-27','BkY55IeRb',44,'ala-carte'),(42,'','psds@dfg6.kozow.com','Sub-S3','S3 - Quarterly',19642,55.00,'MYS','client','2017-10-27 03:51:36','2017-10-27','H1lIamxRW',31,'subscription'),(43,'','ly@bonseyjaden.com','PS','Men’s Starter Pack',2442144,18.00,'MYS','client','2017-10-27 01:37:41','2017-10-27','Ska10-eAb',12,'ala-carte'),(44,'','ly@bonseyjaden.com','Y-Sub-F5','F5 - Annual',1,300.00,'MYS','client','2017-10-27 03:55:10','2017-10-27','SkwX07l0-',32,'subscription'),(45,'','ly@bonseyjaden.com','H3','Swivel Handle',2,1.00,'MYS','client','2017-10-27 03:59:31','2017-10-27','HJsQ14gCZ',36,'ala-carte'),(46,'','ly@bonseyjaden.com','M-Sub-S3','S3 - Monthly',18,23.08,'MYS','client','2017-10-27 03:59:31','2017-10-27','HJsQ14gCZ',36,'subscription'),(47,'','ly@bonseyjaden.com','A1','Shaving Foam',1,22.00,'MYS','client','2017-10-27 03:59:31','2017-10-27','HJsQ14gCZ',36,'ala-carte'),(48,'','ly@bonseyjaden.com','A4-2017','Shaving Soap',1,12.00,'MYS','client','2017-10-27 03:59:31','2017-10-27','HJsQ14gCZ',36,'ala-carte'),(49,'','ly@bonseyjaden.com','PF','Women’s Starter Pack',1,18.00,'MYS','client','2017-10-27 03:59:31','2017-10-27','HJsQ14gCZ',36,'ala-carte'),(50,'','ly@bonseyjaden.com','ASK-2017','Awesome Shave Kit',1,109.00,'MYS','client','2017-10-27 03:59:31','2017-10-27','HJsQ14gCZ',36,'ala-carte'),(51,'','ly@bonseyjaden.com','F5','Women’s F5 Cartridges',1,45.00,'MYS','client','2017-10-27 03:59:31','2017-10-27','HJsQ14gCZ',36,'ala-carte'),(52,'','ly@bonseyjaden.com','S3','Men’s S3 Cartridges',59,27.00,'MYS','client','2017-10-27 03:59:31','2017-10-27','HJsQ14gCZ',36,'ala-carte'),(53,'','ly@bonseyjaden.com','A2','After-shave Cream',1,17.00,'MYS','client','2017-10-27 03:59:31','2017-10-27','HJsQ14gCZ',36,'ala-carte'),(54,'','ly@bonseyjaden.com','A3','Shaving Gel',1,22.00,'MYS','client','2017-10-27 03:59:31','2017-10-27','HJsQ14gCZ',36,'ala-carte'),(55,'','ly@bonseyjaden.com','H1','Men’s Razor Handle',1,13.00,'MYS','client','2017-10-27 03:59:31','2017-10-27','HJsQ14gCZ',36,'ala-carte'),(56,'KEN WEE TAN','ken@inventionmarketinggroup.com.my','PS','Men’s Starter Pack',14888,18.00,'MYS','sales app','2017-10-27 07:26:13','2017-10-27','rkA9kvxRZ',46,'ala-carte'),(57,'KEN WEE TAN','ken@inventionmarketinggroup.com.my','PS','Men’s Starter Pack',1036198,18.00,'MYS','sales app','2017-10-27 07:26:13','2017-10-27','rkA9kvxRZ',46,'ala-carte'),(58,'','kimtn129@gmail.copm','PF','Women’s Starter Pack',2,18.00,'MYS','client','2017-10-27 06:50:56','2017-10-27','SytLwIgRb',41,'ala-carte'),(59,'','kimtn129@gmail.copm','H2','Women’s Razor Handle',1,13.00,'MYS','client','2017-10-27 06:45:27','2017-10-27','H1kf88lAb',39,'ala-carte'),(60,'','kimtn129@gmail.copm','H1','Men’s Razor Handle',2,13.00,'MYS','client','2017-10-27 06:45:27','2017-10-27','H1kf88lAb',39,'ala-carte'),(61,'','kimtn129@gmail.copm','S3','Men’s S3 Cartridges',1,27.00,'MYS','client','2017-10-27 06:45:27','2017-10-27','H1kf88lAb',39,'ala-carte'),(62,'','oads@w.0w.ro','H1','Men’s Razor Handle',1,13.00,'MYS','client','2017-10-27 06:47:53','2017-10-27','SkGoLIeA-',40,'ala-carte'),(63,'','oads@w.0w.ro','S3','Men’s S3 Cartridges',1,27.00,'MYS','client','2017-10-27 06:47:53','2017-10-27','SkGoLIeA-',40,'ala-carte'),(64,'','oads@w.0w.ro','H2','Women’s Razor Handle',1,13.00,'MYS','client','2017-10-27 06:47:53','2017-10-27','SkGoLIeA-',40,'ala-carte'),(65,'','wbds@xww.ro','PS','Men’s Starter Pack',1,18.00,'MYS','client','2017-10-27 06:53:21','2017-10-27','r19JO8xRb',42,'ala-carte'),(66,'','wbds@xww.ro','PF','Women’s Starter Pack',1,18.00,'MYS','client','2017-10-27 06:53:21','2017-10-27','r19JO8xRb',42,'ala-carte'),(67,'','ly@bonseyjaden.com','PS','Men’s Starter Pack',167690,18.00,'MYS','client','2017-10-27 09:16:56','2017-10-27','H1-9Kdl0b',50,'ala-carte'),(68,'','ly@bonseyjaden.com','Sub-S5','S5 - Quarterly',1,70.00,'MYS','client','2017-10-27 07:03:05','2017-10-27','SJf45IlRZ',43,'subscription'),(69,'','ly@bonseyjaden.com','S3','Men’s S3 Cartridges',2,27.00,'MYS','client','2017-10-27 03:59:31','2017-10-27','HJsQ14gCZ',36,'ala-carte'),(70,'','ly@bonseyjaden.com','M-Sub-S3','S3 - Monthly',13,23.08,'MYS','client','2017-10-27 03:59:31','2017-10-27','HJsQ14gCZ',36,'subscription'),(71,'','psds@dfg6.kozow.com','Sub-S3','S3 - Quarterly',293,55.00,'MYS','client','2017-10-27 03:51:36','2017-10-27','H1lIamxRW',31,'subscription'),(72,'','psds@dfg6.kozow.com','PS','Men’s Starter Pack',5,18.00,'MYS','client','2017-10-27 07:04:49','2017-10-27','BkY55IeRb',44,'ala-carte'),(73,'','kimtn129@gmail.com','PS','Men’s Starter Pack',1,18.00,'MYS','client','2017-10-27 07:23:48','2017-10-27','Hya-1DlAZ',45,'ala-carte'),(74,'','kimtn129@gmail.com','PF','Women’s Starter Pack',1,18.00,'MYS','client','2017-10-27 07:23:48','2017-10-27','Hya-1DlAZ',45,'ala-carte'),(75,'','kimtn129@gmail.com','H2','Women’s Razor Handle',1,13.00,'MYS','client','2017-10-27 07:23:48','2017-10-27','Hya-1DlAZ',45,'ala-carte'),(76,'KEN WEE TAN','ken@inventionmarketinggroup.com.my','PS','Men’s Starter Pack',37064,18.00,'MYS','sales app','2017-10-27 07:26:13','2017-10-27','rkA9kvxRZ',46,'ala-carte'),(77,'','kimtn129@gmail.com','H1','Men\'s Premium Handle',4,19.00,'MYS','client','2017-10-27 07:44:37','2017-10-27','S1RkNvl0Z',47,'ala-carte'),(78,'','oads@w.0w.ro','PF','Women’s Starter Pack',32,18.00,'MYS','client','2017-10-27 07:45:05','2017-10-27','S1KWNPl0-',48,'ala-carte'),(79,'','oads@w.0w.ro','H1','Men’s Razor Handle',4,13.00,'MYS','client','2017-10-27 06:47:53','2017-10-27','SkGoLIeA-',40,'ala-carte'),(80,'','oads@w.0w.ro','PF','Women’s Starter Pack',127,18.00,'MYS','client','2017-10-27 07:45:05','2017-10-27','S1KWNPl0-',48,'ala-carte'),(81,'','ly@bonseyjaden.com','PF','Women’s Starter Pack',1,18.00,'MYS','client','2017-10-27 09:16:56','2017-10-27','H1-9Kdl0b',50,'ala-carte'),(82,'','ly@bonseyjaden.com','PS','Men’s Starter Pack',2,18.00,'MYS','client','2017-10-27 09:16:56','2017-10-27','H1-9Kdl0b',50,'ala-carte'),(83,'','oads@w.0w.ro','H3','Men\'s Swivel Handle',1,19.00,'MYS','client','2017-10-27 09:44:05','2017-10-27','SyAJxYgR-',51,'ala-carte'),(84,'','oads@w.0w.ro','M-Sub-S3','S3 - Monthly',1,23.08,'MYS','client','2017-10-27 09:44:05','2017-10-27','SyAJxYgR-',51,'subscription'),(85,'','Mervin@bonseyjaden.com','PS','Men’s Starter Pack',1,18.00,'MYS','client','2017-10-27 09:48:45','2017-10-27','BJLbWFe0W',52,'ala-carte'),(86,'KEN WEE TAN','ken@inventionmarketinggroup.com.my','H1','Men\'s Premium Handle',1,13.00,'MYS','sales app','2017-10-27 10:21:17','2017-10-27','HyHj_YeA-',53,'ala-carte'),(87,'KEN WEE TAN','ken@inventionmarketinggroup.com.my','PS','Men’s Starter Pack',4300663,18.00,'MYS','sales app','2017-10-27 12:11:30','2017-10-27','rJsdMsxR-',57,'ala-carte'),(88,'','ly@bonseyjaden.com','ASK-2017','Awesome Shave Kit',1,109.00,'MYS','client','2017-10-28 03:02:39','2017-10-28','Hy_8X_-0b',58,'ala-carte'),(89,'','ly@bonseyjaden.com','H1','Men\'s Premium Handle',16,13.00,'MYS','client','2017-10-28 08:12:46','2017-10-28','ByvW3hWCZ',74,'ala-carte'),(90,'','ly@bonseyjaden.com','PS','Men’s Starter Pack',2,18.00,'MYS','client','2017-10-28 11:39:35','2017-10-28','SkxK3kf0-',87,'ala-carte'),(91,'','ly@bonseyjaden.com','S3','Men’s S3 Cartridges',1,27.00,'MYS','client','2017-10-28 03:02:39','2017-10-28','Hy_8X_-0b',58,'ala-carte'),(92,'','ly@bonseyjaden.com','S5','Men\'s Cartridge S5',1,39.00,'MYS','client','2017-10-28 03:02:39','2017-10-28','Hy_8X_-0b',58,'ala-carte'),(93,'','kimtn129@gmail.com','PF','Women’s Starter Pack',2,18.00,'MYS','client','2017-10-28 05:31:53','2017-10-28','rJbLI5Z0-',69,'ala-carte'),(94,'','kimtn129@gmail.com','PS','Men’s Starter Pack',1,18.00,'MYS','client','2017-10-28 03:15:26','2017-10-28','Hy8L8_ZRW',59,'ala-carte'),(95,'','kimtn129@gmail.com','H1','Men\'s Premium Handle',85,13.00,'MYS','client','2017-10-28 03:17:24','2017-10-28','Hk26UOZRZ',65,'ala-carte'),(96,'','kimtn129@gmail.com','H3','Men\'s Swivel Handle',1,19.00,'MYS','client','2017-10-28 03:16:22','2017-10-28','Hy0FU_-Rb',62,'ala-carte'),(97,'','kimtn129@gmail.com','S3','Men’s S3 Cartridges',647,27.00,'MYS','client','2017-10-28 03:17:24','2017-10-28','Hk26UOZRZ',65,'ala-carte'),(98,'','kimtn129@gmail.com','H1','Men\'s Premium Handle',23,13.00,'MYS','client','2017-10-28 03:17:24','2017-10-28','Hk26UOZRZ',65,'ala-carte'),(99,'','kimtn129@gmail.com','S5','Men\'s Cartridge S5',1,39.00,'MYS','client','2017-10-28 03:16:57','2017-10-28','ByW3U_Z0Z',64,'ala-carte'),(100,'','kimtn129@gmail.com','S3','Men’s S3 Cartridges',247,27.00,'MYS','client','2017-10-28 03:17:24','2017-10-28','Hk26UOZRZ',65,'ala-carte'),(101,'','kimtn129@gmail.com','S6','Men\'s Cartridge S6',1,59.00,'MYS','client','2017-10-28 03:17:24','2017-10-28','Hk26UOZRZ',65,'ala-carte'),(102,'KEN WEE TAN','ken@inventionmarketinggroup.com.my','H1','Men\'s Premium Handle',2,13.00,'MYS','sales app','2017-10-28 07:20:54','2017-10-28','SkJye2-CZ',71,'ala-carte'),(103,'KEN WEE TAN','ken@inventionmarketinggroup.com.my','PS','Men’s Starter Pack',548,18.00,'MYS','sales app','2017-10-28 07:38:33','2017-10-28','Sy-bVnZC-',72,'ala-carte'),(104,'KEN WEE TAN','ken@inventionmarketinggroup.com.my','PS','Men’s Starter Pack',778,18.00,'MYS','sales app','2017-10-28 07:38:33','2017-10-28','Sy-bVnZC-',72,'ala-carte'),(105,'','ly@bonseyjaden.com','Sub-S5','S5 - Quarterly',1,70.00,'MYS','client','2017-10-28 04:35:15','2017-10-28','S1jbKFZ0-',68,'subscription'),(106,'','kimtn129@gmail.com','PS','Men’s Starter Pack',3,18.00,'MYS','client','2017-10-28 03:15:26','2017-10-28','Hy8L8_ZRW',59,'ala-carte'),(107,'KEN WEE TAN','ken@inventionmarketinggroup.com.my','H1','Men\'s Premium Handle',3,13.00,'MYS','sales app','2017-10-28 07:20:54','2017-10-28','SkJye2-CZ',71,'ala-carte'),(108,'KEN WEE TAN','ken@inventionmarketinggroup.com.my','S3','Men’s S3 Cartridges',12,27.00,'MYS','sales app','2017-10-28 11:43:29','2017-10-28','SJFvpyMCZ',89,'ala-carte'),(109,'KEN WEE TAN','ken@inventionmarketinggroup.com.my','PS','Men’s Starter Pack',313,18.00,'MYS','sales app','2017-10-28 07:38:33','2017-10-28','Sy-bVnZC-',72,'ala-carte'),(110,'KEN WEE TAN','ken@inventionmarketinggroup.com.my','PS','Men’s Starter Pack',150,18.00,'MYS','sales app','2017-10-28 07:38:33','2017-10-28','Sy-bVnZC-',72,'ala-carte'),(111,'KEN WEE TAN','ken@inventionmarketinggroup.com.my','S3','Men’s S3 Cartridges',14,27.00,'MYS','sales app','2017-10-28 11:43:29','2017-10-28','SJFvpyMCZ',89,'ala-carte'),(112,'','ly@bonseyjaden.com','PS','Men’s Starter Pack',11,18.00,'MYS','client','2017-10-28 11:39:35','2017-10-28','SkxK3kf0-',87,'ala-carte'),(113,'','ly@bonseyjaden.com','M-Sub-S5','S5 - Monthly',1,31.08,'MYS','client','2017-10-28 07:58:22','2017-10-28','rJDo_2ZRb',73,'subscription'),(114,'','ly@bonseyjaden.com','H1','Men\'s Premium Handle',55,13.00,'MYS','client','2017-10-28 08:12:46','2017-10-28','ByvW3hWCZ',74,'ala-carte'),(115,'KEN WEE TAN','ken@inventionmarketinggroup.com.my','PS','Men’s Starter Pack',1176,18.00,'MYS','sales app','2017-10-28 11:47:02','2017-10-28','SyyB0yGCZ',90,'ala-carte'),(116,'KEN WEE TAN','ken@inventionmarketinggroup.com.my','H2','Women’s Razor Handle',2,13.00,'MYS','sales app','2017-10-28 11:43:29','2017-10-28','SJFvpyMCZ',89,'ala-carte'),(117,'KEN WEE TAN','ken@inventionmarketinggroup.com.my','Sub-S3','S3 - Quarterly',1,55.00,'MYS','sales app','2017-10-28 08:42:38','2017-10-28','rJLZ7TbC-',76,'subscription'),(118,'KEN WEE TAN','ken@inventionmarketinggroup.com.my','PS','Men’s Starter Pack',2810,18.00,'MYS','sales app','2017-10-28 07:38:33','2017-10-28','Sy-bVnZC-',72,'ala-carte'),(119,'KEN WEE TAN','ken@inventionmarketinggroup.com.my','Sub-F5','F5 - Quarterly',1,75.00,'MYS','sales app','2017-10-28 08:44:03','2017-10-28','BJhLQabCW',78,'subscription'),(120,'KEN WEE TAN','ken@inventionmarketinggroup.com.my','ASK-2017','Awesome Shave Kit',1,109.00,'MYS','sales app','2017-10-28 08:44:03','2017-10-28','BJhLQabCW',78,'ala-carte'),(121,'','mres@o.cfo2go.ro','S6','Men\'s Cartridge S6',1,59.00,'MYS','client','2017-10-28 08:59:26','2017-10-28','H1IgvpW0W',79,'ala-carte'),(122,'','mres@o.cfo2go.ro','H1','Men\'s Premium Handle',11,13.00,'MYS','client','2017-10-28 08:59:26','2017-10-28','H1IgvpW0W',79,'ala-carte'),(123,'','thap@bonseyjaden.com','PS','Men’s Starter Pack',1,18.00,'MYS','client','2017-10-28 09:00:41','2017-10-28','SkbBva-CW',80,'ala-carte'),(124,'','mres@o.cfo2go.ro','PF','Women’s Starter Pack',2,18.00,'MYS','client','2017-10-28 11:41:53','2017-10-28','SycbpkfC-',88,'ala-carte'),(125,'','mres@o.cfo2go.ro','PS','Men’s Starter Pack',1,18.00,'MYS','client','2017-10-28 09:04:54','2017-10-28','H11H_TZCZ',81,'ala-carte'),(126,'KEN WEE TAN','ken@inventionmarketinggroup.com.my','Y-Sub-S3','S3 - Annual',2,220.00,'MYS','sales app','2017-10-28 11:38:38','2017-10-28','Hk8H31MA-',86,'subscription'),(127,'','mres@o.cfo2go.ro','H1','Men\'s Premium Handle',82,13.00,'MYS','client','2017-10-28 08:59:26','2017-10-28','H1IgvpW0W',79,'ala-carte'),(128,'','mres@o.cfo2go.ro','S3','Men’s S3 Cartridges',2,27.00,'MYS','client','2017-10-28 11:41:53','2017-10-28','SycbpkfC-',88,'ala-carte'),(129,'','mres@o.cfo2go.ro','H3','Men\'s Swivel Handle',1,19.00,'MYS','client','2017-10-28 11:15:02','2017-10-28','H1A381fAZ',84,'ala-carte'),(130,'','mres@o.cfo2go.ro','Sub-S3','S3 - Quarterly',1,55.00,'MYS','client','2017-10-28 11:15:02','2017-10-28','H1A381fAZ',84,'subscription'),(131,'','mres@o.cfo2go.ro','H1','Men\'s Premium Handle',68,13.00,'MYS','client','2017-10-28 08:59:26','2017-10-28','H1IgvpW0W',79,'ala-carte'),(132,'','mres@o.cfo2go.ro','PS','Men’s Starter Pack',2,18.00,'MYS','client','2017-10-28 09:04:54','2017-10-28','H11H_TZCZ',81,'ala-carte'),(133,'','mres@o.cfo2go.ro','Sub-S3','S3 - Quarterly',3,55.00,'MYS','client','2017-10-28 11:15:02','2017-10-28','H1A381fAZ',84,'subscription'),(134,'KEN WEE TAN','ken@inventionmarketinggroup.com.my','ASK-2017','Awesome Shave Kit',1,109.00,'MYS','sales app','2017-10-28 11:38:38','2017-10-28','Hk8H31MA-',86,'ala-carte'),(135,'KEN WEE TAN','ken@inventionmarketinggroup.com.my','Y-Sub-S3','S3 - Annual',1,220.00,'MYS','sales app','2017-10-28 11:38:38','2017-10-28','Hk8H31MA-',86,'subscription'),(136,'','ly@bonseyjaden.com','S5','Men\'s Cartridge S5',3,39.00,'MYS','client','2017-10-28 03:02:39','2017-10-28','Hy_8X_-0b',58,'ala-carte'),(137,'','ly@bonseyjaden.com','PF','Women’s Starter Pack',1,18.00,'MYS','client','2017-10-28 11:39:35','2017-10-28','SkxK3kf0-',87,'ala-carte'),(138,'','ly@bonseyjaden.com','M-Sub-S3','S3 - Monthly',1,23.08,'MYS','client','2017-10-28 11:39:35','2017-10-28','SkxK3kf0-',87,'subscription'),(139,'','mres@o.cfo2go.ro','S3','Men’s S3 Cartridges',3,27.00,'MYS','client','2017-10-28 11:41:53','2017-10-28','SycbpkfC-',88,'ala-carte'),(140,'KEN WEE TAN','ken@inventionmarketinggroup.com.my','H2','Women’s Razor Handle',1,13.00,'MYS','sales app','2017-10-28 11:43:29','2017-10-28','SJFvpyMCZ',89,'ala-carte'),(141,'KEN WEE TAN','ken@inventionmarketinggroup.com.my','PF','Women’s Starter Pack',1,18.00,'MYS','sales app','2017-10-28 11:43:29','2017-10-28','SJFvpyMCZ',89,'ala-carte'),(142,'KEN WEE TAN','ken@inventionmarketinggroup.com.my','S3','Men’s S3 Cartridges',1,27.00,'MYS','sales app','2017-10-28 11:43:29','2017-10-28','SJFvpyMCZ',89,'ala-carte'),(143,'KEN WEE TAN','ken@inventionmarketinggroup.com.my','PS','Men’s Starter Pack',1,18.00,'MYS','sales app','2017-10-28 11:47:02','2017-10-28','SyyB0yGCZ',90,'ala-carte'),(144,'KEN WEE TAN','ken@inventionmarketinggroup.com.my','Y-Sub-S3','S3 - Annual',2,220.00,'MYS','sales app','2017-10-28 11:38:38','2017-10-28','Hk8H31MA-',86,'subscription'),(145,'','mervin@bonseyjaden.com','PS','Men’s Starter Pack',1,18.00,'MYS','client','2017-10-28 12:52:40','2017-10-28','BylsagMAb',92,'ala-carte'),(146,'','prabu@bonseyjaden.com','S5','Men\'s Cartridge S5',1,39.00,'MYS','client','2017-10-28 16:29:49','2017-10-28','S1rtlNfAW',93,'ala-carte'),(147,'','prabu@bonseyjaden.com','S3','Men’s S3 Cartridges',1,27.00,'MYS','client','2017-10-28 16:29:49','2017-10-28','S1rtlNfAW',93,'ala-carte'),(148,'','prabu@bonseyjaden.com','Y-Sub-S3','S3 - Annual',1,220.00,'MYS','client','2017-10-28 16:29:49','2017-10-28','S1rtlNfAW',93,'subscription'),(149,'','prabu@bonseyjaden.com','F5','Women’s F5 Cartridges',1,45.00,'MYS','client','2017-10-28 16:29:49','2017-10-28','S1rtlNfAW',93,'ala-carte'),(150,'','prabu@bonseyjaden.com','H3','Men\'s Swivel Handle',1,19.00,'MYS','client','2017-10-28 16:32:51','2017-10-28','rkhN-VMRb',94,'ala-carte'),(151,'KEN WEE TAN','ken@inventionmarketinggroup.com.my','A1','Shaving Foam',1,22.00,'MYS','sales app','2017-10-29 04:24:17','2017-10-29','BJtl_CzR-',95,'ala-carte'),(152,'','mees@drivetagdev.com','PS','Men’s Starter Pack',1,18.00,'MYS','client','2017-10-29 04:25:50','2017-10-29','SkIId0fCW',96,'ala-carte'),(153,'KEN WEE TAN','ken@inventionmarketinggroup.com.my','Sub-S3','S3 - Quarterly',2,55.00,'MYS','sales app','2017-10-29 04:37:31','2017-10-29','HJ7zsRfRW',100,'subscription'),(154,'','wtfs@cutout.club','Sub-S3','S3 - Quarterly',1,55.00,'MYS','client','2017-10-29 04:30:11','2017-10-29','H13LYCfCZ',98,'subscription'),(155,'','mees@drivetagdev.com','Y-Sub-F5','F5 - Annual',1,300.00,'MYS','client','2017-10-29 04:31:00','2017-10-29','B1aKYCfRW',99,'subscription'),(156,'KEN WEE TAN','ken@inventionmarketinggroup.com.my','Sub-F5','F5 - Quarterly',3,75.00,'MYS','sales app','2017-10-29 04:37:31','2017-10-29','HJ7zsRfRW',100,'subscription'),(157,'KEN WEE TAN','ken@inventionmarketinggroup.com.my','Sub-S5','S5 - Quarterly',1,70.00,'MYS','sales app','2017-10-29 04:37:31','2017-10-29','HJ7zsRfRW',100,'subscription'),(158,'','vzfs@zhcne.com','PS','Men’s Starter Pack',1,18.00,'MYS','client','2017-10-29 04:44:00','2017-10-29','Sy_q2CfRW',101,'ala-carte'),(159,'KEN WEE TAN','ken@inventionmarketinggroup.com.my','Y-Sub-S5','S5 - Annual',1,280.00,'MYS','sales app','2017-10-29 04:45:47','2017-10-29','B14WaAzC-',102,'subscription'),(160,'','wtfs@cutout.club','Y-Sub-S5','S5 - Annual',1,280.00,'MYS','client','2017-10-29 04:48:13','2017-10-29','H1Hca0GCW',103,'subscription'),(161,'','vzfs@zhcne.com','Sub-F5','F5 - Quarterly',1,75.00,'MYS','client','2017-10-29 04:48:52','2017-10-29','BJ32TAMCZ',104,'subscription'),(162,'KEN WEE TAN','ken@inventionmarketinggroup.com.my','PS','Men’s Starter Pack',3,18.00,'MYS','sales app','2017-10-29 06:39:50','2017-10-29','Sk0hweXR-',105,'ala-carte'),(163,'KEN WEE TAN','ken@inventionmarketinggroup.com.my','H1','Men\'s Premium Handle',1,13.00,'MYS','sales app','2017-10-29 07:21:59','2017-10-29','rJ1ob-Q0W',106,'ala-carte'),(164,'KEN WEE TAN','ken@inventionmarketinggroup.com.my','Sub-F5','F5 - Quarterly',2,75.00,'MYS','sales app','2017-10-29 04:37:31','2017-10-29','HJ7zsRfRW',100,'subscription'),(165,'KEN WEE TAN','ken@inventionmarketinggroup.com.my','PF','Women’s Starter Pack',1,18.00,'MYS','sales app','2017-10-29 07:30:34','2017-10-29','SkQombmC-',107,'ala-carte'),(166,'KEN WEE TAN','ken@inventionmarketinggroup.com.my','S3','Men’s S3 Cartridges',2,27.00,'MYS','sales app','2017-10-29 07:30:34','2017-10-29','SkQombmC-',107,'ala-carte'),(167,'','mres@o.cfo2go.ro','PF','Women’s Starter Pack',2,18.00,'MYS','client','2017-10-29 09:15:20','2017-10-29','BkbVnGQ0W',108,'ala-carte'),(168,'','mres@o.cfo2go.ro','PS','Men’s Starter Pack',1,18.00,'MYS','client','2017-10-29 09:15:20','2017-10-29','BkbVnGQ0W',108,'ala-carte'),(169,'','mres@o.cfo2go.ro','Sub-S5','S5 - Quarterly',1,70.00,'MYS','client','2017-10-29 09:33:53','2017-10-29','S1cFeQm0W',109,'subscription'),(170,'','usfs@reddit.usa.cc','Sub-S3','S3 - Quarterly',1,55.00,'MYS','client','2017-10-29 09:39:05','2017-10-29','H1ba-Q7Cb',110,'subscription'),(171,'','usfs@reddit.usa.cc','H1','Men\'s Premium Handle',1,13.00,'MYS','client','2017-10-29 09:39:05','2017-10-29','H1ba-Q7Cb',110,'ala-carte'),(172,'','quy.thi.nhan@gmail.com','H1','Men\'s Premium Handle',1,10.00,'SGP','client','2017-10-29 16:19:03','2017-10-29','SykY1YmAb',111,'ala-carte'),(173,'','kimtn129@gmail.com','Y-Sub-S3','S3 - Annual',9,220.00,'MYS','client','2017-10-29 17:11:25','2017-10-29','HJ8aoYmCb',112,'subscription'),(174,'','kimtn129@gmail.com','ASK-2017','Awesome Shave Kit',2,109.00,'MYS','client','2017-10-29 17:12:11','2017-10-29','ry4ehFmAW',113,'ala-carte'),(175,'','kimtn129@gmail.com','PS','Men’s Starter Pack',4,18.00,'MYS','client','2017-10-29 17:11:25','2017-10-29','HJ8aoYmCb',112,'ala-carte'),(176,'','kimtn129@gmail.com','PS','Men’s Starter Pack',2,18.00,'MYS','client','2017-10-29 17:34:56','2017-10-29','rJdHW5XAW',114,'ala-carte'),(177,'','kimtn129@gmail.com','PF','Women’s Starter Pack',1,18.00,'MYS','client','2017-10-29 17:34:56','2017-10-29','rJdHW5XAW',114,'ala-carte'),(178,'KEN WEE TAN','ken@inventionmarketinggroup.com.my','Sub-S3','S3 - Quarterly',1,55.00,'MYS','sales app','2017-10-30 01:45:31','2017-10-30','rkVSNbVCb',115,'subscription'),(179,'KEN WEE TAN','ken@inventionmarketinggroup.com.my','H1','Men\'s Premium Handle',5,13.00,'MYS','sales app','2017-10-30 08:33:38','2017-10-30','HkckVDVRW',133,'ala-carte'),(180,'KEN WEE TAN','ken@inventionmarketinggroup.com.my','PS','Men’s Starter Pack',1270,18.00,'MYS','sales app','2017-10-30 02:20:24','2017-10-30','ryZO3bERb',118,'ala-carte'),(181,'KEN WEE TAN','ken@inventionmarketinggroup.com.my','S3','Men’s S3 Cartridges',2,27.00,'MYS','sales app','2017-10-30 02:20:24','2017-10-30','ryZO3bERb',118,'ala-carte'),(182,'','kimtn129@gmail.com','ASK-2017','Awesome Shave Kit',1,109.00,'MYS','client','2017-10-30 02:03:43','2017-10-30','HywYuZ4R-',117,'ala-carte'),(183,'','kimtn129@gmail.com','PS','Men’s Starter Pack',1,18.00,'MYS','client','2017-10-30 02:03:43','2017-10-30','HywYuZ4R-',117,'ala-carte'),(184,'','kimtn129@gmail.com','Sub-S3','S3 - Quarterly',1,55.00,'MYS','client','2017-10-30 02:03:43','2017-10-30','HywYuZ4R-',117,'subscription'),(185,'','kimtn129@gmail.com','Sub-S5','S5 - Quarterly',1,70.00,'MYS','client','2017-10-30 02:03:43','2017-10-30','HywYuZ4R-',117,'subscription'),(186,'KEN WEE TAN','ken@inventionmarketinggroup.com.my','S5','Men\'s Cartridge S5',1,39.00,'MYS','sales app','2017-10-30 02:20:24','2017-10-30','ryZO3bERb',118,'ala-carte'),(187,'KEN WEE TAN','ken@inventionmarketinggroup.com.my','PS','Men’s Starter Pack',726,18.00,'MYS','sales app','2017-10-30 02:20:24','2017-10-30','ryZO3bERb',118,'ala-carte'),(188,'','quy.thi.nhan@gmail.com','Y-Sub-S3','S3 - Annual',1,220.00,'MYS','client','2017-10-30 02:39:13','2017-10-30','Hk9AefNAW',119,'subscription'),(189,'','zaclwz82@yahoo.com','Sub-S5','S5 - Quarterly',1,70.00,'MYS','client','2017-10-30 02:42:27','2017-10-30','Skj9-zV0Z',120,'subscription'),(190,'','zaclwz82@yahoo.com','ASK-2017','Awesome Shave Kit',1,109.00,'MYS','client','2017-10-30 02:42:27','2017-10-30','Skj9-zV0Z',120,'ala-carte'),(191,'','usfs@reddit.usa.cc','Sub-S3','S3 - Quarterly',17,55.00,'MYS','client','2017-10-30 02:52:25','2017-10-30','SkZg4GV0W',121,'subscription'),(192,'','usfs@reddit.usa.cc','S3','Men’s S3 Cartridges',2,27.00,'MYS','client','2017-10-30 02:52:25','2017-10-30','SkZg4GV0W',121,'ala-carte'),(193,'','usfs@reddit.usa.cc','PS','Men’s Starter Pack',231,18.00,'MYS','client','2017-10-30 04:28:43','2017-10-30','ryEt9m4CW',127,'ala-carte'),(194,'','usfs@reddit.usa.cc','H1','Men\'s Premium Handle',272,13.00,'MYS','client','2017-10-30 02:52:25','2017-10-30','SkZg4GV0W',121,'ala-carte'),(195,'','usfs@reddit.usa.cc','PF','Women’s Starter Pack',573,18.00,'MYS','client','2017-10-30 04:28:43','2017-10-30','ryEt9m4CW',127,'ala-carte'),(196,'','ly@bonseyjaden.com','Sub-S3','S3 - Quarterly',2,55.00,'MYS','client','2017-10-30 11:11:25','2017-10-30','HkI1KKNRZ',144,'subscription'),(197,'KEN WEE TAN','ken@inventionmarketinggroup.com.my','ASK-2017','Awesome Shave Kit',1,109.00,'MYS','sales app','2017-10-30 03:52:53','2017-10-30','rkTMzQ4Cb',124,'ala-carte'),(198,'KEN WEE TAN','ken@inventionmarketinggroup.com.my','PS','Men’s Starter Pack',837,18.00,'MYS','sales app','2017-10-30 02:20:24','2017-10-30','ryZO3bERb',118,'ala-carte'),(199,'','dummy@gmail.com','ASK-2017','Awesome Shave Kit',1,109.00,'MYS','client','2017-10-30 04:16:58','2017-10-30','r1MpwQVC-',125,'ala-carte'),(200,'','usfs@reddit.usa.cc','H1','Men\'s Premium Handle',397,13.00,'MYS','client','2017-10-30 02:52:25','2017-10-30','SkZg4GV0W',121,'ala-carte'),(201,'','usfs@reddit.usa.cc','PS','Men’s Starter Pack',2491,18.00,'MYS','client','2017-10-30 04:28:43','2017-10-30','ryEt9m4CW',127,'ala-carte'),(202,'','usfs@reddit.usa.cc','PF','Women’s Starter Pack',412,18.00,'MYS','client','2017-10-30 04:28:43','2017-10-30','ryEt9m4CW',127,'ala-carte'),(203,'','wtfs@cutout.club','S3','Men’s S3 Cartridges',1,27.00,'MYS','client','2017-10-30 04:34:02','2017-10-30','ByQpjXV0Z',128,'ala-carte'),(204,'MEGAT MOHAMMAD NAIMULLAH AZLAN','megatazlan1992@gmail.com','H1','Men\'s Premium Handle',1,13.00,'MYS','sales app','2017-10-30 05:37:47','2017-10-30','SyV2cVNCb',129,'ala-carte'),(205,'MEGAT MOHAMMAD NAIMULLAH AZLAN','megatazlan1992@gmail.com','PS','Men’s Starter Pack',1,18.00,'MYS','sales app','2017-10-30 05:37:47','2017-10-30','SyV2cVNCb',129,'ala-carte'),(206,'MEGAT MOHAMMAD NAIMULLAH AZLAN','megatazlan1992@gmail.com','ASK-2017','Awesome Shave Kit',1,109.00,'MYS','sales app','2017-10-30 05:37:47','2017-10-30','SyV2cVNCb',129,'ala-carte'),(207,'KEN WEE TAN','ken@inventionmarketinggroup.com.my','Sub-S5','S5 - Quarterly',1,70.00,'MYS','sales app','2017-10-30 06:36:10','2017-10-30','r1zPdBVCb',130,'subscription'),(208,'KEN WEE TAN','ken@inventionmarketinggroup.com.my','A4-2017','Shaving Soap',1,12.00,'MYS','sales app','2017-10-30 06:36:10','2017-10-30','r1zPdBVCb',130,'ala-carte'),(209,'','pnfs@inclusiveprogress.com','ASK-2017','Awesome Shave Kit',1,109.00,'MYS','client','2017-10-30 08:13:30','2017-10-30','HyM4kvNA-',131,'ala-carte'),(210,'KEN WEE TAN','ken@inventionmarketinggroup.com.my','Y-Sub-S3','S3 - Annual',1,220.00,'MYS','sales app','2017-10-30 08:27:42','2017-10-30','ByPKfDNRb',132,'subscription'),(211,'KEN WEE TAN','ken@inventionmarketinggroup.com.my','H1','Men\'s Premium Handle',8,13.00,'MYS','sales app','2017-10-30 08:33:38','2017-10-30','HkckVDVRW',133,'ala-carte'),(212,'KEN WEE TAN','ken@inventionmarketinggroup.com.my','H2','Women’s Razor Handle',1,13.00,'MYS','sales app','2017-10-30 08:33:38','2017-10-30','HkckVDVRW',133,'ala-carte'),(213,'','cigs@sroff.com','PF','Women’s Starter Pack',1,18.00,'MYS','client','2017-10-30 09:49:06','2017-10-30','SJs9SO4Rb',135,'ala-carte'),(214,'','hungvo@bonseyjaden.com','PS','Men’s Starter Pack',1,18.00,'MYS','client','2017-10-30 09:48:24','2017-10-30','r1b_H_VC-',134,'ala-carte'),(215,'','cigs@sroff.com','PS','Men’s Starter Pack',1,18.00,'MYS','client','2017-10-30 09:52:49','2017-10-30','SJ9OUuN0b',136,'ala-carte'),(216,'','cigs@sroff.com','H1','Men\'s Premium Handle',1,13.00,'MYS','client','2017-10-30 09:52:49','2017-10-30','SJ9OUuN0b',136,'ala-carte'),(217,'','cigs@sroff.com','Sub-S3','S3 - Quarterly',1,55.00,'MYS','client','2017-10-30 09:52:49','2017-10-30','SJ9OUuN0b',136,'subscription'),(218,'','ly@bonseyjaden.com','PS','Men’s Starter Pack',2,18.00,'MYS','client','2017-10-30 10:00:48','2017-10-30','rJu8OOV0-',137,'ala-carte'),(219,'','usfs@reddit.usa.cc','H3','Men\'s Swivel Handle',1,19.00,'MYS','client','2017-10-30 10:01:18','2017-10-30','S18uu_VC-',138,'ala-carte'),(220,'','usfs@reddit.usa.cc','PS','Men’s Starter Pack',1500,18.00,'MYS','client','2017-10-30 04:28:43','2017-10-30','ryEt9m4CW',127,'ala-carte'),(221,'','usfs@reddit.usa.cc','Sub-S3','S3 - Quarterly',1,55.00,'MYS','client','2017-10-30 10:01:18','2017-10-30','S18uu_VC-',138,'subscription'),(222,'','ly@bonseyjaden.com','Y-Sub-S3','S3 - Annual',1,220.00,'MYS','client','2017-10-30 10:03:37','2017-10-30','HkbbK_ECZ',139,'subscription'),(223,'KEN WEE TAN','ken@inventionmarketinggroup.com.my','Y-Sub-F5','F5 - Annual',1,300.00,'MYS','sales app','2017-10-30 10:12:30','2017-10-30','ByPfi_VAW',140,'subscription'),(224,'','usfs@reddit.usa.cc','H2','Women’s Razor Handle',2,13.00,'MYS','client','2017-10-30 13:18:29','2017-10-30','BJpsIiNRb',145,'ala-carte'),(225,'','usfs@reddit.usa.cc','Sub-S3','S3 - Quarterly',5,55.00,'MYS','client','2017-10-30 02:52:25','2017-10-30','SkZg4GV0W',121,'subscription'),(226,'','ly@bonseyjaden.com','ASK-2017','Awesome Shave Kit',27,49.00,'SGP','client','2017-10-30 11:00:48','2017-10-30','H1_PLKEC-',143,'ala-carte'),(227,'','ly@bonseyjaden.com','H1','Men\'s Premium Handle',1,10.00,'SGP','client','2017-10-30 10:50:34','2017-10-30','SkzZEF4Ab',142,'ala-carte'),(228,'','ly@bonseyjaden.com','ASK-2017','Awesome Shave Kit',133,49.00,'SGP','client','2017-10-30 10:50:34','2017-10-30','SkzZEF4Ab',142,'ala-carte'),(229,'','ly@bonseyjaden.com','ASK-2017','Awesome Shave Kit',104,49.00,'SGP','client','2017-10-30 10:50:34','2017-10-30','SkzZEF4Ab',142,'ala-carte'),(230,'','ly@bonseyjaden.com','Sub-S3','S3 - Quarterly',1,55.00,'MYS','client','2017-10-30 11:11:25','2017-10-30','HkI1KKNRZ',144,'subscription'),(231,'','abc@mailinator.com','PF','Women’s Starter Pack',1,18.00,'MYS','client','2017-10-30 14:31:59','2017-10-30','S1dJ_2NCb',146,'ala-carte'),(232,'','abc@mailinator.com','Y-Sub-S5','S5 - Annual',1,280.00,'MYS','client','2017-10-30 14:31:59','2017-10-30','S1dJ_2NCb',146,'subscription'),(233,'','Ly@bonseyjaden.com','PS','Men’s Starter Pack',2,18.00,'MYS','client','2017-10-30 14:37:32','2017-10-30','H1N4tnVR-',147,'ala-carte'),(234,'','abc@mailinator.com','S5','Men\'s S5 Cartridge Pack',1,39.00,'MYS','client','2017-10-30 14:39:11','2017-10-30','rywqFnEAZ',148,'ala-carte'),(235,'','abc@mailinator.com','PS','Men’s Starter Pack',1,18.00,'MYS','client','2017-10-30 14:39:11','2017-10-30','rywqFnEAZ',148,'ala-carte'),(236,'','abc@mailinator.com','S5','Men\'s S5 Cartridge Pack',2,39.00,'MYS','client','2017-10-30 14:39:11','2017-10-30','rywqFnEAZ',148,'ala-carte'),(237,'','abc@mailinator.com','H2','Women’s Razor Handle',1,13.00,'MYS','client','2017-10-30 14:47:19','2017-10-30','ryxFo34AW',149,'ala-carte'),(238,'','abc@mailinator.com','S3','Men’s S3 Cartridge Pack',1,27.00,'MYS','client','2017-10-30 14:59:42','2017-10-30','HyDwAh4RZ',150,'ala-carte'),(239,'','abc@mailinator.com','Sub-S3','S3 - Quarterly',1,55.00,'MYS','client','2017-10-30 14:59:42','2017-10-30','HyDwAh4RZ',150,'subscription'),(240,'','abc@mailinator.com','H1','Men\'s Premium Handle',1,13.00,'MYS','client','2017-10-30 14:59:42','2017-10-30','HyDwAh4RZ',150,'ala-carte'),(241,'','kimtn129@gmail.com','ASK-2017','Awesome Shave Kit',2,109.00,'MYS','client','2017-10-31 02:31:50','2017-10-31','HyJolvBRW',154,'ala-carte'),(242,'','cba@mailinator.com','H2','Women’s Razor Handle',1,13.00,'MYS','client','2017-10-31 02:23:57','2017-10-31','r1Bp0ISRW',152,'ala-carte'),(243,'','cba@mailinator.com','PF','Women’s Starter Pack',1,18.00,'MYS','client','2017-10-31 02:23:57','2017-10-31','r1Bp0ISRW',152,'ala-carte'),(244,'','kim@mailinator.com','PS','Men’s Starter Pack',1,18.00,'MYS','client','2017-10-31 02:31:19','2017-10-31','SykFxvBA-',153,'ala-carte'),(245,'','kimtn129@gmail.com','PS','Men’s Starter Pack',2,18.00,'MYS','client','2017-10-31 02:31:50','2017-10-31','HyJolvBRW',154,'ala-carte'),(246,'','thap@bonseyjaden.com','ASK-2017','Awesome Shave Kit',2,109.00,'MYS','client','2017-10-31 02:44:36','2017-10-31','ry29QvrC-',156,'ala-carte'),(247,'','bba@mailinator.com','H2','Women’s Razor Handle',1,13.00,'MYS','client','2017-10-31 02:48:00','2017-10-31','SyOwVDBRW',157,'ala-carte'),(248,'','bba@mailinator.com','S3','Men’s S3 Cartridge Pack',1,27.00,'MYS','client','2017-10-31 02:48:00','2017-10-31','SyOwVDBRW',157,'ala-carte'),(249,'','bba@mailinator.com','S5','Men\'s S5 Cartridge Pack',1,39.00,'MYS','client','2017-10-31 02:48:00','2017-10-31','SyOwVDBRW',157,'ala-carte'),(250,'','ly@bonseyjaden.com','Sub-S5','S5 - Quarterly',1,70.00,'MYS','client','2017-10-31 02:56:41','2017-10-31','HkZuUDr0b',158,'subscription'),(251,'','abc@mailinator.com','H2','Women’s Razor Handle',1,13.00,'MYS','client','2017-10-31 03:13:59','2017-10-31','HklK9PSAb',159,'ala-carte'),(252,'','abc@mailinator.com','S5','Men\'s S5 Cartridge Pack',17,39.00,'MYS','client','2017-10-31 03:38:05','2017-10-31','B1LmxdHRb',162,'ala-carte'),(253,'','mees@drivetagdev.com','ASK-2017','Awesome Shave Kit',1,109.00,'MYS','client','2017-10-31 03:15:46','2017-10-31','rysJoDB0Z',160,'ala-carte'),(254,'','abc@mailinator.com','Sub-S5','S5 - Quarterly',1,70.00,'MYS','client','2017-10-31 03:29:16','2017-10-31','HySGRwS0Z',161,'subscription'),(255,'','abc@mailinator.com','PF','Women’s Starter Pack',1,18.00,'MYS','client','2017-10-31 03:29:16','2017-10-31','HySGRwS0Z',161,'ala-carte'),(256,'','abc@mailinator.com','F5','Women’s F5 Cartridge Pack',1,45.00,'MYS','client','2017-10-31 03:38:05','2017-10-31','B1LmxdHRb',162,'ala-carte'),(257,'','abc@mailinator.com','S5','Men\'s S5 Cartridge Pack',5,39.00,'MYS','client','2017-10-31 03:38:05','2017-10-31','B1LmxdHRb',162,'ala-carte'),(258,'','abc@mailinator.com','S6','Men\'s S6 Cartridge Pack',1,59.00,'MYS','client','2017-10-31 03:41:26','2017-10-31','SJRyWuBC-',163,'ala-carte'),(259,'','ovbs@phpbb.uu.gl','ASK-2017','Awesome Shave Kit',1,109.00,'MYS','client','2017-10-31 04:09:04','2017-10-31','rJdPP_SR-',164,'ala-carte'),(260,'','lan1@mailinator.com','F5','Women’s F5 Cartridge Pack',1,45.00,'MYS','client','2017-10-31 04:12:13','2017-10-31','ryL7_dr0Z',165,'ala-carte'),(261,'','lan1@mailinator.com','H3','Men\'s Swivel Handle',1,19.00,'MYS','client','2017-10-31 04:12:13','2017-10-31','ryL7_dr0Z',165,'ala-carte'),(262,'','lan1@mailinator.com','H2','Women’s Razor Handle',2,13.00,'MYS','client','2017-10-31 04:39:55','2017-10-31','Bk7iCur0b',167,'ala-carte'),(263,'','lan1@mailinator.com','S6','Men\'s S6 Cartridge Pack',1,59.00,'MYS','client','2017-10-31 04:29:51','2017-10-31','BkwSn_H0W',166,'ala-carte'),(264,'','lan1@mailinator.com','PF','Women’s Starter Pack',1,18.00,'MYS','client','2017-10-31 04:39:55','2017-10-31','Bk7iCur0b',167,'ala-carte'),(265,'','lan1@mailinator.com','S5','Men\'s S5 Cartridge Pack',1,39.00,'MYS','client','2017-10-31 04:39:55','2017-10-31','Bk7iCur0b',167,'ala-carte'),(266,'','lan2@mailinator.com','H3','Men\'s Swivel Handle',2,19.00,'MYS','client','2017-10-31 07:11:11','2017-10-31','BkuMfiBRb',175,'ala-carte'),(267,'','whois@mailinator.com','H1','Men\'s Premium Handle',1,13.00,'MYS','client','2017-10-31 06:59:36','2017-10-31','r1gwyirAZ',169,'ala-carte'),(268,'','lan2@mailinator.com','PS','Men’s Starter Pack',1,18.00,'MYS','client','2017-10-31 07:02:37','2017-10-31','SJ8zgiBCW',170,'ala-carte'),(269,'','lan2@mailinator.com','ASK-2017','Awesome Shave Kit',2,109.00,'MYS','client','2017-10-31 07:02:37','2017-10-31','SJ8zgiBCW',170,'ala-carte'),(270,'','lan2@mailinator.com','ASK-2017','Awesome Shave Kit',1,109.00,'MYS','client','2017-10-31 07:03:43','2017-10-31','SkvUeiSCZ',171,'ala-carte'),(271,'','lan2@mailinator.com','PS','Men’s Starter Pack',2,18.00,'MYS','client','2017-10-31 07:02:37','2017-10-31','SJ8zgiBCW',170,'ala-carte'),(272,'','ly@bonseyjaden.com','H3','Men\'s Swivel Handle',1,19.00,'MYS','client','2017-10-31 07:04:21','2017-10-31','rkadesBAW',172,'ala-carte'),(273,'','lan2@mailinator.com','H3','Men\'s Swivel Handle',1,19.00,'MYS','client','2017-10-31 07:09:59','2017-10-31','HJkAboH0b',173,'ala-carte'),(274,'','lan2@mailinator.com','S5','Men\'s S5 Cartridge Pack',1,39.00,'MYS','client','2017-10-31 07:09:59','2017-10-31','HJkAboH0b',173,'ala-carte'),(275,'','lan2@mailinator.com','Sub-S3','S3 - Quarterly',1,55.00,'MYS','client','2017-10-31 07:09:59','2017-10-31','HJkAboH0b',173,'subscription'),(276,'','ly@bonseyjaden.com','A1','Shaving Foam',1,22.00,'MYS','client','2017-10-31 07:10:00','2017-10-31','S1lR-jHC-',174,'ala-carte'),(277,'','ly@bonseyjaden.com','H2','Women’s Razor Handle',1,10.00,'SGP','client','2017-10-31 07:10:00','2017-10-31','S1lR-jHC-',174,'ala-carte'),(278,'','lan2@mailinator.com','Sub-S3','S3 - Quarterly',1,55.00,'MYS','client','2017-10-31 07:11:11','2017-10-31','BkuMfiBRb',175,'subscription'),(279,'','lan2@mailinator.com','H3','Men\'s Swivel Handle',1,19.00,'MYS','client','2017-10-31 07:11:11','2017-10-31','BkuMfiBRb',175,'ala-carte'),(280,'','lan2@mailinator.com','S5','Men\'s S5 Cartridge Pack',1,39.00,'MYS','client','2017-10-31 07:11:11','2017-10-31','BkuMfiBRb',175,'ala-carte'),(281,'KEN WEE TAN','ken@inventionmarketinggroup.com.my','Y-Sub-S3','S3 - Annual',1,220.00,'MYS','sales app','2017-10-31 07:14:31','2017-10-31','r1gyXiH0-',176,'subscription'),(282,'','ly.tranthao261@gmail.com','Sub-S6','',1,70.00,'MYS','client','2017-11-01 03:48:58','2017-11-01','H1GVNaURW',188,'subscription'),(283,'','abc@mailinator.com','A2','After Shave Cream',1,17.00,'MYS','client','2017-11-01 01:45:23','2017-11-01','Hkh4vjU0b',183,'ala-carte'),(284,'','abc1@mailinator.com','S3','Men’s S3 Cartridge Pack',2,27.00,'MYS','client','2017-11-02 04:08:05','2017-11-02','rkT79fO0Z',216,'ala-carte'),(285,'','abc1@mailinator.com','PF','Women’s Starter Pack',1,18.00,'MYS','client','2017-11-02 04:08:05','2017-11-02','rkT79fO0Z',216,'ala-carte'),(286,'','audrey.lpy@gmail.com','ASK-2017','Awesome Shave Kit',1,109.00,'MYS','client','2017-11-01 05:28:10','2017-11-01','rkQuoAL0Z',194,'ala-carte'),(287,'','chuan@bonseyjaden.com','Y-Sub-S3','',3,220.00,'MYS','client','2017-11-01 07:41:45','2017-11-01','SkfaqlvAZ',200,'subscription'),(288,'','chuan@bonseyjaden.com','ASK-2017','Awesome Shave Kit',1,109.00,'MYS','client','2017-11-01 07:29:22','2017-11-01','rJ90PlDCZ',198,'ala-carte'),(289,'','gary@bonseyjaden.com','A1','Shaving Foam',1,22.00,'MYS','client','2017-11-01 05:36:40','2017-11-01','rJxOpR80-',195,'ala-carte'),(290,'','gary@bonseyjaden.com','PS','Men’s Starter Pack',1,18.00,'MYS','client','2017-11-01 05:36:40','2017-11-01','rJxOpR80-',195,'ala-carte'),(291,'','jing@bonsey.com','PS','Men’s Starter Pack',1,18.00,'MYS','client','2017-11-01 05:23:37','2017-11-01','ryGD5RLR-',193,'ala-carte'),(292,'KEN WEE TAN','ken@inventionmarketinggroup.com.my','S3','Men’s S3 Cartridge Pack',1,27.00,'MYS','sales app','2017-11-01 10:45:19','2017-11-01','BkDaBXvAb',207,'ala-carte'),(293,'KEN WEE TAN','ken@inventionmarketinggroup.com.my','H1','Men\'s Premium Handle',1,13.00,'MYS','sales app','2017-11-01 10:53:13','2017-11-01','S1boPQwAW',209,'ala-carte'),(294,'KEN WEE TAN','ken@inventionmarketinggroup.com.my','FREE','FREE GIFT',1,0.00,'MYS','sales app','2017-10-31 13:24:53','2017-10-31','B1pstlLR-',181,'ala-carte'),(295,'KEN WEE TAN','ken@inventionmarketinggroup.com.my','Y-Sub-S3','',18,220.00,'MYS','sales app','2017-11-02 15:33:24','2017-11-02','HJpp5hOAb',241,'subscription'),(296,'KEN WEE TAN','ken@inventionmarketinggroup.com.my','Sub-S5','',1,70.00,'MYS','sales app','2017-11-01 10:53:13','2017-11-01','S1boPQwAW',209,'subscription'),(297,'KEN WEE TAN','ken@inventionmarketinggroup.com.my','S5','Men\'s S5 Cartridge Pack',1,39.00,'MYS','sales app','2017-11-01 01:56:27','2017-11-01','SkQ0KoLRW',184,'ala-carte'),(298,'KEN WEE TAN','ken@inventionmarketinggroup.com.my','PS','Men’s Starter Pack',1,18.00,'MYS','sales app','2017-11-01 01:56:27','2017-11-01','SkQ0KoLRW',184,'ala-carte'),(299,'KEN WEE TAN','ken@inventionmarketinggroup.com.my','H1','Men\'s Premium Handle',1,13.00,'MYS','sales app','2017-11-01 10:40:38','2017-11-01','B1k2V7v0b',206,'ala-carte'),(300,'KEN WEE TAN','ken@inventionmarketinggroup.com.my','PS','Men’s Starter Pack',2,18.00,'MYS','sales app','2017-11-01 04:31:43','2017-11-01','S1D4ATLR-',189,'ala-carte'),(301,'KEN WEE TAN','ken@inventionmarketinggroup.com.my','ASK-2017','Awesome Shave Kit',1,109.00,'MYS','sales app','2017-11-01 06:03:53','2017-11-01','HyfRXJPAZ',196,'ala-carte'),(302,'KEN WEE TAN','ken@inventionmarketinggroup.com.my','H2','Women’s Razor Handle',2,13.00,'MYS','sales app','2017-11-01 01:56:42','2017-11-01','ryQ1csIRb',185,'ala-carte'),(303,'KEN WEE TAN','ken@inventionmarketinggroup.com.my','Sub-S3','',1,55.00,'MYS','sales app','2017-11-01 01:56:27','2017-11-01','SkQ0KoLRW',184,'subscription'),(304,'KEN WEE TAN','ken@inventionmarketinggroup.com.my','PS','Men’s Starter Pack',1,18.00,'MYS','sales app','2017-11-01 10:40:38','2017-11-01','B1k2V7v0b',206,'ala-carte'),(305,'KEN WEE TAN','ken@inventionmarketinggroup.com.my','Sub-S5','',1,70.00,'MYS','sales app','2017-11-01 10:45:19','2017-11-01','BkDaBXvAb',207,'subscription'),(306,'KEN WEE TAN','ken@inventionmarketinggroup.com.my','PS','Men’s Starter Pack',3,18.00,'MYS','sales app','2017-11-02 14:03:49','2017-11-02','SkaaHiuAb',238,'ala-carte'),(307,'KEN WEE TAN','ken@inventionmarketinggroup.com.my','H1','Men\'s Premium Handle',1,13.00,'MYS','sales app','2017-11-01 06:03:53','2017-11-01','HyfRXJPAZ',196,'ala-carte'),(308,'','kimtn129@gmail.com','PF','Women’s Starter Pack',3,18.00,'MYS','client','2017-11-02 10:45:30','2017-11-02','S1MUv_dAZ',218,'ala-carte'),(309,'','kimtn129@gmail.com','PS','Men’s Starter Pack',1,18.00,'MYS','client','2017-10-31 11:42:10','2017-10-31','r1j5WkIAZ',178,'ala-carte'),(310,'','kimtn129@gmail.com','ASK-2017','Awesome Shave Kit',2,109.00,'MYS','client','2017-10-31 11:42:10','2017-10-31','r1j5WkIAZ',178,'ala-carte'),(311,'','lan1@mailinator.com','Sub-S6','',1,70.00,'MYS','client','2017-10-31 07:45:30','2017-10-31','HkXX5sHAW',177,'subscription'),(312,'','lan1@mailinator.com','H2','Women’s Razor Handle',1,13.00,'MYS','client','2017-10-31 07:45:30','2017-10-31','HkXX5sHAW',177,'ala-carte'),(313,'','lan1@mailinator.com','S5','Men\'s S5 Cartridge Pack',1,39.00,'MYS','client','2017-10-31 07:45:30','2017-10-31','HkXX5sHAW',177,'ala-carte'),(314,'','lan1@mailinator.com','H1','Men\'s Premium Handle',1,13.00,'MYS','client','2017-10-31 07:45:30','2017-10-31','HkXX5sHAW',177,'ala-carte'),(315,'','lan11@mailinator.com','S5','Men\'s S5 Cartridge Pack',1,39.00,'MYS','client','2017-11-02 12:11:41','2017-11-02','S1rtiY_Rb',227,'ala-carte'),(316,'','lan11@mailinator.com','Y-Sub-S3','',1,220.00,'MYS','client','2017-11-02 12:11:41','2017-11-02','S1rtiY_Rb',227,'subscription'),(317,'','lan5@mailinator.com','Sub-S5','',1,70.00,'MYS','client','2017-11-01 08:13:13','2017-11-01','SJZmMbwCW',201,'subscription'),(318,'','lan5@mailinator.com','PF','Women’s Starter Pack',1,18.00,'MYS','client','2017-11-01 08:13:13','2017-11-01','SJZmMbwCW',201,'ala-carte'),(319,'','lan6@mailinator.com','S3','Men’s S3 Cartridge Pack',1,27.00,'MYS','client','2017-11-02 11:32:33','2017-11-02','BJc8zt_C-',223,'ala-carte'),(320,'','lan6@mailinator.com','Sub-S3','',1,55.00,'MYS','client','2017-11-01 10:51:09','2017-11-01','HkHXwmw0b',208,'subscription'),(321,'','lan6@mailinator.com','Y-Sub-S3','',1,220.00,'MYS','client','2017-11-01 10:35:12','2017-11-01','ByYDQ7wRb',205,'subscription'),(322,'','lan6@mailinator.com','S5','Men\'s S5 Cartridge Pack',1,39.00,'MYS','client','2017-11-01 10:35:12','2017-11-01','ByYDQ7wRb',205,'ala-carte'),(323,'','lan6@mailinator.com','Sub-S3','',1,55.00,'MYS','client','2017-11-02 03:43:00','2017-11-02','S12rNf_CZ',215,'subscription'),(324,'','lan6@mailinator.com','H3','Men\'s Swivel Handle',1,19.00,'MYS','client','2017-11-02 09:08:58','2017-11-02','rymhxDORb',217,'ala-carte'),(325,'','lan6@mailinator.com','H1','Men\'s Premium Handle',1,13.00,'MYS','client','2017-11-01 10:35:12','2017-11-01','ByYDQ7wRb',205,'ala-carte'),(326,'','lan6@mailinator.com','A2','After Shave Cream',1,17.00,'MYS','client','2017-11-02 03:43:00','2017-11-02','S12rNf_CZ',215,'ala-carte'),(327,'','lan6@mailinator.com','Sub-S6','',1,70.00,'MYS','client','2017-11-02 11:32:33','2017-11-02','BJc8zt_C-',223,'subscription'),(328,'','lan6@mailinator.com','PF','Women’s Starter Pack',2,18.00,'MYS','client','2017-11-02 09:08:58','2017-11-02','rymhxDORb',217,'ala-carte'),(329,'','abc@mailinator.com','H2','Women’s Razor Handle',1,13.00,'MYS','client','2017-11-01 01:45:23','2017-11-01','Hkh4vjU0b',183,'ala-carte'),(330,'','ly.tranthao261@gmail.com','S3','Men’s S3 Cartridge Pack',1,27.00,'MYS','client','2017-11-01 03:39:45','2017-11-01','SkKZMTI0Z',187,'ala-carte'),(331,'','ly.tranthao261@gmail.com','H3','Men\'s Swivel Handle',1,19.00,'MYS','client','2017-11-01 04:45:44','2017-11-01','SkgtbAU0b',191,'ala-carte'),(332,'','ly.tranthao261@gmail.com','PS','Men’s Starter Pack',1,18.00,'MYS','client','2017-11-01 03:39:45','2017-11-01','SkKZMTI0Z',187,'ala-carte'),(333,'','ly.tranthao261@gmail.com','H2','Women’s Razor Handle',1,13.00,'MYS','client','2017-11-01 04:45:44','2017-11-01','SkgtbAU0b',191,'ala-carte'),(334,'','ly.tranthao261@gmail.com','Sub-F5','',1,75.00,'MYS','client','2017-11-01 04:53:44','2017-11-01','rybPXRIC-',192,'subscription'),(335,'','ly.tranthao261@gmail.com','Y-Sub-S3','',1,220.00,'MYS','client','2017-11-01 03:09:29','2017-11-01','ByWgonLRW',186,'subscription'),(336,'','ly.tranthao261@gmail.com','Y-Sub-S6','',1,280.00,'MYS','client','2017-11-02 11:47:21','2017-11-02','rJzCHKOAZ',224,'subscription'),(337,'','ly@bonseyjaden.com','PS','Men’s Starter Pack',1,18.00,'MYS','client','2017-11-02 12:13:12','2017-11-02','rJx1htO0-',228,'ala-carte'),(338,'','thap@bonseyjaden.com','PS','Men’s Starter Pack',2,18.00,'MYS','client','2017-11-02 12:01:29','2017-11-02','ByMXYtuCb',226,'ala-carte'),(339,'','ly@bonseyjaden.com','H2','Women’s Razor Handle',1,13.00,'MYS','client','2017-11-01 10:30:48','2017-11-01','HylvM7w0-',204,'ala-carte'),(340,'','ly@bonseyjaden.com','S3','Men’s S3 Cartridge Pack',2,27.00,'MYS','client','2017-11-01 10:30:48','2017-11-01','HylvM7w0-',204,'ala-carte'),(341,'','ly@bonseyjaden.com','Sub-S6','',18,70.00,'MYS','client','2017-11-02 11:30:14','2017-11-02','SJCaWKd0-',222,'subscription'),(342,'','ly@bonseyjaden.com','H1','Men\'s Premium Handle',1,13.00,'MYS','client','2017-11-01 10:30:48','2017-11-01','HylvM7w0-',204,'ala-carte'),(343,'','ly@bonseyjaden.com','PF','Women’s Starter Pack',1,18.00,'MYS','client','2017-11-01 10:30:48','2017-11-01','HylvM7w0-',204,'ala-carte'),(344,'','ly@bonseyjaden.com','Sub-F5','',2,75.00,'MYS','client','2017-11-01 10:30:48','2017-11-01','HylvM7w0-',204,'subscription'),(345,'','ly@bonseyjaden.com','Y-Sub-S3','',1,220.00,'MYS','client','2017-11-02 11:03:54','2017-11-02','Sy7oiudC-',219,'subscription'),(346,'','ly@bonseyjaden.com','ASK-2017','Awesome Shave Kit',1,109.00,'MYS','client','2017-11-02 12:13:12','2017-11-02','rJx1htO0-',228,'ala-carte'),(347,'','ly@bonseyjaden.com','Sub-S3','',1,55.00,'MYS','client','2017-11-02 02:25:06','2017-11-02','ryq-M-O0-',212,'subscription'),(348,'','ly@bonseyjaden.com','Sub-S6','',49,70.00,'MYS','client','2017-11-02 11:30:14','2017-11-02','SJCaWKd0-',222,'subscription'),(349,'','ly@bonseyjaden.com','PF','Women’s Starter Pack',2,18.00,'MYS','client','2017-11-02 11:30:14','2017-11-02','SJCaWKd0-',222,'ala-carte'),(350,'','ly@bonseyjaden.com','S5','Men\'s S5 Cartridge Pack',522,39.00,'MYS','client','2017-11-01 10:30:48','2017-11-01','HylvM7w0-',204,'ala-carte'),(351,'MEGAT MOHAMMAD NAIMULLAH AZLAN','megatazlan1992@gmail.com','PS','Men’s Starter Pack',2,18.00,'MYS','sales app','2017-11-01 01:32:48','2017-11-01','rk_S4iU0W',182,'ala-carte'),(352,'MEGAT MOHAMMAD NAIMULLAH AZLAN','megatazlan1992@gmail.com','H1','Men\'s Premium Handle',17456,13.00,'MYS','sales app','2017-11-02 13:01:26','2017-11-02','B1yNw9ORb',232,'ala-carte'),(353,'MEGAT MOHAMMAD NAIMULLAH AZLAN','megatazlan1992@gmail.com','S3','Men’s S3 Cartridge Pack',1,27.00,'MYS','sales app','2017-11-01 01:32:48','2017-11-01','rk_S4iU0W',182,'ala-carte'),(354,'MEGAT MOHAMMAD NAIMULLAH AZLAN','megatazlan1992@gmail.com','ASK-2017','Awesome Shave Kit',1,109.00,'MYS','sales app','2017-11-01 01:32:48','2017-11-01','rk_S4iU0W',182,'ala-carte'),(355,'','mervin@bonseyjaden.com','Sub-F5','',1,75.00,'MYS','client','2017-10-31 11:59:00','2017-10-31','ryptBJLA-',180,'subscription'),(356,'','mervin@bonseyjaden.com','Y-Sub-S3','',1,220.00,'MYS','client','2017-10-31 11:57:15','2017-10-31','ByNmryIRZ',179,'subscription'),(357,'','ngoclan@bonseyjaden.com','H3','Men\'s Swivel Handle',1,19.00,'MYS','client','2017-11-01 08:51:31','2017-11-01','BknfobDA-',202,'ala-carte'),(358,'','ngoclan@bonseyjaden.com','Sub-S3','',1,55.00,'MYS','client','2017-11-02 12:13:48','2017-11-02','S1NZ2tdR-',229,'subscription'),(359,'','ngoclan@bonseyjaden.com','Sub-S5','',2,70.00,'MYS','client','2017-11-01 07:33:34','2017-11-01','SyICOeD0W',199,'subscription'),(360,'','ngoclan@bonseyjaden.com','H1','Men\'s Premium Handle',1,13.00,'MYS','client','2017-11-01 07:33:34','2017-11-01','SyICOeD0W',199,'ala-carte'),(361,'','ngoclan@bonseyjaden.com','PS','Men’s Starter Pack',1,18.00,'MYS','client','2017-11-01 06:44:10','2017-11-01','SJmHpkvRW',197,'ala-carte'),(362,'','ngoclan@bonseyjaden.com','ASK-2017','Awesome Shave Kit',1,109.00,'MYS','client','2017-11-01 07:33:34','2017-11-01','SyICOeD0W',199,'ala-carte'),(363,'','ngoclan@bonseyjaden.com','PF','Women’s Starter Pack',1,18.00,'MYS','client','2017-11-02 12:13:48','2017-11-02','S1NZ2tdR-',229,'ala-carte'),(364,'','ngoclan@bonseyjaden.com','H2','Women’s Razor Handle',2,13.00,'MYS','client','2017-11-01 08:51:31','2017-11-01','BknfobDA-',202,'ala-carte'),(365,'','ngoclan@bonseyjaden.com','PS','Men’s Starter Pack',1,18.00,'MYS','client','2017-11-02 12:13:48','2017-11-02','S1NZ2tdR-',229,'ala-carte'),(366,'','qkgs@kazelink.ml','H2','Women’s Razor Handle',1,13.00,'MYS','client','2017-11-01 04:37:33','2017-11-01','S1UcyA80-',190,'ala-carte'),(367,'','qkgs@kazelink.ml','H1','Men\'s Premium Handle',3,13.00,'MYS','client','2017-11-01 09:11:44','2017-11-01','r1FRkfwAZ',203,'ala-carte'),(368,'','qkgs@kazelink.ml','PF','Women’s Starter Pack',1,18.00,'MYS','client','2017-11-01 04:37:33','2017-11-01','S1UcyA80-',190,'ala-carte'),(369,'','qkgs@kazelink.ml','Y-Sub-S5','',1,280.00,'MYS','client','2017-11-01 09:11:44','2017-11-01','r1FRkfwAZ',203,'subscription'),(370,'','qkgs@kazelink.ml','Sub-F5','',1,75.00,'MYS','client','2017-11-01 09:11:44','2017-11-01','r1FRkfwAZ',203,'subscription'),(371,'','thap@bonseyjaden.com','Y-Sub-S3','',2,220.00,'MYS','client','2017-11-02 12:01:29','2017-11-02','ByMXYtuCb',226,'subscription'),(372,'','zaclwz82@yahoo.com','Sub-S5','',1,70.00,'MYS','client','2017-11-02 11:51:01','2017-11-02','B1ajUtOCW',225,'subscription'),(373,'','ly@bonseyjaden.com','H2','Women’s Razor Handle',1,10.00,'SGP','client','2017-11-02 11:24:04','2017-11-02','Sy6IetOA-',221,'ala-carte'),(374,'','kimtn129@gmail.com','H2','Women’s Razor Handle',1,13.00,'MYS','client','2017-11-02 12:24:29','2017-11-02','BkUK0Yd0-',230,'ala-carte'),(375,'','kimtn129@gmail.com','PS','Men’s Starter Pack',1,18.00,'MYS','client','2017-11-02 12:56:53','2017-11-02','Sk0fLc_0W',231,'ala-carte'),(376,'MEGAT MOHAMMAD NAIMULLAH AZLAN','megatazlan1992@gmail.com','H1','Men\'s Premium Handle',5873,13.00,'MYS','sales app','2017-11-02 13:01:26','2017-11-02','B1yNw9ORb',232,'ala-carte'),(377,'MEGAT MOHAMMAD NAIMULLAH AZLAN','megatazlan1992@gmail.com','H1','Men\'s Premium Handle',26893,13.00,'MYS','sales app','2017-11-02 13:01:26','2017-11-02','B1yNw9ORb',232,'ala-carte'),(378,'MEGAT MOHAMMAD NAIMULLAH AZLAN','megatazlan1992@gmail.com','H1','Men\'s Premium Handle',519,13.00,'MYS','sales app','2017-11-02 13:01:26','2017-11-02','B1yNw9ORb',232,'ala-carte'),(379,'MEGAT MOHAMMAD NAIMULLAH AZLAN','megatazlan1992@gmail.com','S3','Men’s S3 Cartridge Pack',2,27.00,'MYS','sales app','2017-11-02 13:09:25','2017-11-02','rJ6WYc_0b',233,'ala-carte'),(380,'MEGAT MOHAMMAD NAIMULLAH AZLAN','megatazlan1992@gmail.com','H1','Men\'s Premium Handle',51081,13.00,'MYS','sales app','2017-11-02 13:01:26','2017-11-02','B1yNw9ORb',232,'ala-carte'),(381,'KEN WEE TAN','ken@inventionmarketinggroup.com.my','Y-Sub-S3','',6,220.00,'MYS','sales app','2017-11-02 03:23:35','2017-11-02','H1gpkf_Ab',214,'subscription'),(382,'KEN WEE TAN','ken@inventionmarketinggroup.com.my','Y-Sub-S3','',17,220.00,'MYS','sales app','2017-11-02 15:33:24','2017-11-02','HJpp5hOAb',241,'subscription'),(383,'KEN WEE TAN','ken@inventionmarketinggroup.com.my','H1','Men\'s Premium Handle',4,13.00,'MYS','sales app','2017-11-02 13:53:00','2017-11-02','Hk4r7iORW',235,'ala-carte'),(384,'KEN WEE TAN','ken@inventionmarketinggroup.com.my','PS','Men’s Starter Pack',21,18.00,'MYS','sales app','2017-11-02 13:59:12','2017-11-02','rk_2ViuRb',236,'ala-carte'),(385,'KEN WEE TAN','ken@inventionmarketinggroup.com.my','Y-Sub-S3','',9,220.00,'MYS','sales app','2017-11-02 15:33:24','2017-11-02','HJpp5hOAb',241,'subscription'),(386,'KEN WEE TAN','ken@inventionmarketinggroup.com.my','PS','Men’s Starter Pack',1,18.00,'MYS','sales app','2017-11-02 14:03:49','2017-11-02','SkaaHiuAb',238,'ala-carte'),(387,'KEN WEE TAN','ken@inventionmarketinggroup.com.my','Y-Sub-S3','',93,220.00,'MYS','sales app','2017-11-02 03:23:35','2017-11-02','H1gpkf_Ab',214,'subscription'),(388,'KEN WEE TAN','ken@inventionmarketinggroup.com.my','Y-Sub-S3','',48,220.00,'MYS','sales app','2017-11-02 15:33:24','2017-11-02','HJpp5hOAb',241,'subscription'),(389,'KEN WEE TAN','ken@inventionmarketinggroup.com.my','H1','Men\'s Premium Handle',3,13.00,'MYS','sales app','2017-11-02 13:53:00','2017-11-02','Hk4r7iORW',235,'ala-carte'),(390,'KEN WEE TAN','ken@inventionmarketinggroup.com.my','PS','Men’s Starter Pack',4,18.00,'MYS','sales app','2017-11-02 13:59:12','2017-11-02','rk_2ViuRb',236,'ala-carte'),(391,'','mervin@bonseyjaden.com','PS','Men’s Starter Pack',1,18.00,'MYS','client','2017-11-02 15:17:56','2017-11-02','r12QvhdRZ',240,'ala-carte'),(392,'','kimtn129@gmail.com','PF','Women’s Starter Pack',2,18.00,'MYS','client','2017-11-02 10:45:30','2017-11-02','S1MUv_dAZ',218,'ala-carte'),(393,'','kimtn129@gmail.com','ASK-2017','Awesome Shave Kit',2,109.00,'MYS','client','2017-11-02 16:12:04','2017-11-02','Hy20QTu0Z',242,'ala-carte'),(394,'KEN WEE TAN','ken@inventionmarketinggroup.com.my','Y-Sub-S5','',1,280.00,'MYS','sales app','2017-11-02 16:21:47','2017-11-02','BkE7L6_CW',243,'subscription'),(395,'','shloma.ashok@oou.us','PS','Men’s Starter Pack',1,18.00,'MYS','client','2017-11-02 16:23:44','2017-11-02','By_qI6_0b',244,'ala-carte'),(396,'KEN WEE TAN','ken@inventionmarketinggroup.com.my','Sub-S3','',1,55.00,'MYS','sales app','2017-11-02 23:51:59','2017-11-02','Hk_syNFRW',245,'subscription'),(397,'KEN WEE TAN','ken@inventionmarketinggroup.com.my','H1','Men\'s Premium Handle',1,13.00,'MYS','sales app','2017-11-02 23:51:59','2017-11-02','Hk_syNFRW',245,'ala-carte'),(398,'KEN WEE TAN','ken@inventionmarketinggroup.com.my','S5','Men\'s S5 Cartridge Pack',1,39.00,'MYS','sales app','2017-11-02 23:51:59','2017-11-02','Hk_syNFRW',245,'ala-carte'),(399,'KEN WEE TAN','ken@inventionmarketinggroup.com.my','Y-Sub-F5','',1,300.00,'MYS','sales app','2017-11-02 23:51:59','2017-11-02','Hk_syNFRW',245,'subscription'),(400,'KEN WEE TAN','ken@inventionmarketinggroup.com.my','H1','Men\'s Premium Handle',146,13.00,'MYS','sales app','2017-11-03 01:20:59','2017-11-03','r1VtVBt0W',246,'ala-carte'),(401,'KEN WEE TAN','ken@inventionmarketinggroup.com.my','Sub-F5','',10,75.00,'MYS','sales app','2017-11-03 07:23:03','2017-11-03','BkkvKcKRZ',280,'subscription'),(402,'KEN WEE TAN','ken@inventionmarketinggroup.com.my','Y-Sub-S5','',18269,280.00,'MYS','sales app','2017-11-03 01:20:59','2017-11-03','r1VtVBt0W',246,'subscription'),(403,'KEN WEE TAN','ken@inventionmarketinggroup.com.my','Y-Sub-S3','',7737327,220.00,'MYS','sales app','2017-11-03 07:03:24','2017-11-03','Hk46VqKC-',275,'subscription'),(404,'','nguyen@mailinator.com','Sub-S6','',1,70.00,'MYS','client','2017-11-03 02:40:33','2017-11-03','SyKmPUt0Z',248,'subscription'),(405,'','nguyen@mailinator.com','Y-Sub-S3','',1,220.00,'MYS','client','2017-11-03 02:45:51','2017-11-03','Sy_PdUY0-',249,'subscription'),(406,'','nguyen2@mailinator.com','H3','Men\'s Swivel Handle',1,19.00,'MYS','client','2017-11-03 02:59:12','2017-11-03','r1OFiUKAb',250,'ala-carte'),(407,'','nguyen2@mailinator.com','PF','Women’s Starter Pack',1,18.00,'MYS','client','2017-11-03 02:59:12','2017-11-03','r1OFiUKAb',250,'ala-carte'),(408,'','nguyen2@mailinator.com','Sub-S5','',1,70.00,'MYS','client','2017-11-03 02:59:12','2017-11-03','r1OFiUKAb',250,'subscription'),(409,'','nguyen1@mailinator.com','S3','Men’s S3 Cartridge Pack',1,27.00,'MYS','client','2017-11-03 03:29:31','2017-11-03','BkmsfDKCW',251,'ala-carte'),(410,'','nguyen1@mailinator.com','Sub-S6','',1,70.00,'MYS','client','2017-11-03 03:29:31','2017-11-03','BkmsfDKCW',251,'subscription'),(411,'','chuan@bonseyjaden.com','S5','Men\'s S5 Cartridge Pack',1,39.00,'MYS','client','2017-11-03 03:35:04','2017-11-03','HkgeEPt0Z',252,'ala-carte'),(412,'','chuan@bonseyjaden.com','S3','Men’s S3 Cartridge Pack',1,27.00,'MYS','client','2017-11-03 03:35:04','2017-11-03','HkgeEPt0Z',252,'ala-carte'),(413,'','nguyen3@mailinator.com','Sub-S6','',1,70.00,'MYS','client','2017-11-03 03:46:52','2017-11-03','B1rh8DF0Z',255,'subscription'),(414,'','nguyen3@mailinator.com','H1','Men\'s Premium Handle',1,13.00,'MYS','client','2017-11-03 03:46:52','2017-11-03','B1rh8DF0Z',255,'ala-carte'),(415,'','thap@bonseyjaden.com','Sub-S5','',1,70.00,'MYS','client','2017-11-03 03:46:49','2017-11-03','HyGhLvK0W',254,'subscription'),(416,'KEN WEE TAN','ken@inventionmarketinggroup.com.my','Sub-S3','',687,55.00,'MYS','sales app','2017-11-03 03:52:09','2017-11-03','SJWldwFRW',257,'subscription'),(417,'KEN WEE TAN','ken@inventionmarketinggroup.com.my','Y-Sub-S3','',46352254,220.00,'MYS','sales app','2017-11-03 07:03:24','2017-11-03','Hk46VqKC-',275,'subscription'),(418,'KEN WEE TAN','ken@inventionmarketinggroup.com.my','Sub-S3','',188,55.00,'MYS','sales app','2017-11-03 03:52:09','2017-11-03','SJWldwFRW',257,'subscription'),(419,'KEN WEE TAN','ken@inventionmarketinggroup.com.my','Y-Sub-F5','',136,300.00,'MYS','sales app','2017-11-03 07:03:24','2017-11-03','Hk46VqKC-',275,'subscription'),(420,'KEN WEE TAN','ken@inventionmarketinggroup.com.my','H1','Men\'s Premium Handle',103,13.00,'MYS','sales app','2017-11-03 01:20:59','2017-11-03','r1VtVBt0W',246,'ala-carte'),(421,'KEN WEE TAN','ken@inventionmarketinggroup.com.my','Sub-F5','',24,75.00,'MYS','sales app','2017-11-03 07:23:03','2017-11-03','BkkvKcKRZ',280,'subscription'),(422,'KEN WEE TAN','ken@inventionmarketinggroup.com.my','Y-Sub-S5','',97382,280.00,'MYS','sales app','2017-11-03 01:20:59','2017-11-03','r1VtVBt0W',246,'subscription'),(423,'KEN WEE TAN','ken@inventionmarketinggroup.com.my','Y-Sub-S3','',394251213,220.00,'MYS','sales app','2017-11-03 07:03:24','2017-11-03','Hk46VqKC-',275,'subscription'),(424,'KEN WEE TAN','ken@inventionmarketinggroup.com.my','Y-Sub-S5','',56438,280.00,'MYS','sales app','2017-11-03 01:20:59','2017-11-03','r1VtVBt0W',246,'subscription'),(425,'','zaclwz82@yahoo.com','Sub-F5','',1,75.00,'MYS','client','2017-11-03 04:19:28','2017-11-03','SJFLAwYA-',261,'subscription'),(426,'','zaclwz82@yahoo.com','S6','Men\'s S6 Cartridge Pack',1,59.00,'MYS','client','2017-11-03 04:19:28','2017-11-03','SJFLAwYA-',261,'ala-carte'),(427,'KEN WEE TAN','ken@inventionmarketinggroup.com.my','PS','Men’s Starter Pack',1988647,18.00,'MYS','sales app','2017-11-03 10:27:39','2017-11-03','BJ4oNTt0-',297,'ala-carte'),(428,'KEN WEE TAN','ken@inventionmarketinggroup.com.my','PS','Men’s Starter Pack',7838156,18.00,'MYS','sales app','2017-11-03 10:27:39','2017-11-03','BJ4oNTt0-',297,'ala-carte'),(429,'','lty01@mailinator.com','PF','Women’s Starter Pack',1,18.00,'MYS','client','2017-11-03 04:35:11','2017-11-03','ByvZfOY0-',264,'ala-carte'),(430,'KEN WEE TAN','ken@inventionmarketinggroup.com.my','PS','Men’s Starter Pack',218244,18.00,'MYS','sales app','2017-11-03 08:51:36','2017-11-03','HyW7RiKAW',287,'ala-carte'),(431,'KEN WEE TAN','ken@inventionmarketinggroup.com.my','PS','Men’s Starter Pack',3438094,18.00,'MYS','sales app','2017-11-03 08:08:18','2017-11-03','B1jg4oKAb',284,'ala-carte'),(432,'KEN WEE TAN','ken@inventionmarketinggroup.com.my','PS','Men’s Starter Pack',1191178,18.00,'MYS','sales app','2017-11-03 04:25:04','2017-11-03','SkFoJuYAZ',262,'ala-carte'),(433,'KEN WEE TAN','ken@inventionmarketinggroup.com.my','PS','Men’s Starter Pack',3651208,18.00,'MYS','sales app','2017-11-03 10:48:41','2017-11-03','r1G9t6KR-',303,'ala-carte'),(434,'KEN WEE TAN','ken@inventionmarketinggroup.com.my','Y-Sub-S3','',1203695345,220.00,'MYS','sales app','2017-11-03 07:03:24','2017-11-03','Hk46VqKC-',275,'subscription'),(435,'KEN WEE TAN','ken@inventionmarketinggroup.com.my','PS','Men’s Starter Pack',9474630,18.00,'MYS','sales app','2017-11-03 10:27:39','2017-11-03','BJ4oNTt0-',297,'ala-carte'),(436,'','lty01@mailinator.com','Y-Sub-S5','',18018325,280.00,'MYS','client','2017-11-03 06:13:44','2017-11-03','rJxXtFYAZ',272,'subscription'),(437,'DAVID TAN BOK HENG ','davidbhtan@pacificasiawidegroup.com','ASK-2017','Awesome Shave Kit',19962811,109.00,'MYS','sales app','2017-11-03 06:00:29','2017-11-03','BkLWIttCW',269,'ala-carte'),(438,'DAVID TAN BOK HENG ','davidbhtan@pacificasiawidegroup.com','Y-Sub-S3','',1,220.00,'MYS','sales app','2017-11-03 05:54:25','2017-11-03','HJKqNYKR-',268,'subscription'),(439,'DAVID TAN BOK HENG ','davidbhtan@pacificasiawidegroup.com','ASK-2017','Awesome Shave Kit',9863605,109.00,'MYS','sales app','2017-11-03 06:00:29','2017-11-03','BkLWIttCW',269,'ala-carte'),(440,'DAVID TAN BOK HENG ','davidbhtan@pacificasiawidegroup.com','ASK-2017','Awesome Shave Kit',53619,109.00,'MYS','sales app','2017-11-03 06:00:29','2017-11-03','BkLWIttCW',269,'ala-carte'),(441,'DAVID TAN BOK HENG ','davidbhtan@pacificasiawidegroup.com','Sub-S3','',1,55.00,'MYS','sales app','2017-11-03 06:08:46','2017-11-03','SyIgdYFAb',271,'subscription'),(442,'DAVID TAN BOK HENG ','davidbhtan@pacificasiawidegroup.com','ASK-2017','Awesome Shave Kit',15674556,109.00,'MYS','sales app','2017-11-03 06:00:29','2017-11-03','BkLWIttCW',269,'ala-carte'),(443,'','lty01@mailinator.com','Y-Sub-S5','',214756893,280.00,'MYS','client','2017-11-03 06:13:44','2017-11-03','rJxXtFYAZ',272,'subscription'),(444,'','lty01@mailinator.com','Y-Sub-S5','',381850999,280.00,'MYS','client','2017-11-03 06:13:44','2017-11-03','rJxXtFYAZ',272,'subscription'),(445,'','lty01@mailinator.com','Y-Sub-S5','',59321602,280.00,'MYS','client','2017-11-03 06:13:44','2017-11-03','rJxXtFYAZ',272,'subscription'),(446,'','lty01@mailinator.com','Y-Sub-S5','',23509,280.00,'MYS','client','2017-11-03 06:13:44','2017-11-03','rJxXtFYAZ',272,'subscription'),(447,'','chuan@bonseyjaden.com','ASK-2017','Awesome Shave Kit',1,109.00,'MYS','client','2017-11-03 06:17:43','2017-11-03','BJyG5FtAZ',273,'ala-carte'),(448,'KEN WEE TAN','ken@inventionmarketinggroup.com.my','Y-Sub-S3','',1196552758,220.00,'MYS','sales app','2017-11-03 07:03:24','2017-11-03','Hk46VqKC-',275,'subscription'),(449,'KEN WEE TAN','ken@inventionmarketinggroup.com.my','S3','Men’s S3 Cartridge Pack',1,27.00,'MYS','sales app','2017-11-03 06:44:06','2017-11-03','rJ0NlcK0-',274,'ala-carte'),(450,'KEN WEE TAN','ken@inventionmarketinggroup.com.my','Y-Sub-F5','',469,300.00,'MYS','sales app','2017-11-03 07:03:24','2017-11-03','Hk46VqKC-',275,'subscription'),(451,'KEN WEE TAN','ken@inventionmarketinggroup.com.my','Y-Sub-S3','',1069983773,220.00,'MYS','sales app','2017-11-03 07:03:24','2017-11-03','Hk46VqKC-',275,'subscription'),(452,'KEN WEE TAN','ken@inventionmarketinggroup.com.my','Y-Sub-S3','',1232628780,220.00,'MYS','sales app','2017-11-03 07:03:24','2017-11-03','Hk46VqKC-',275,'subscription'),(453,'','kimtn129@gmail.com','S5','Men\'s S5 Cartridge Pack',8,39.00,'MYS','client','2017-11-03 08:47:07','2017-11-03','SkNfTjFAW',286,'ala-carte'),(454,'','kimtn129@gmail.com','Sub-S5','',1,70.00,'MYS','client','2017-11-03 07:16:56','2017-11-03','SygeOcFRW',278,'subscription'),(455,'KEN WEE TAN','ken@inventionmarketinggroup.com.my','PS','Men’s Starter Pack',3439900,18.00,'MYS','sales app','2017-11-03 08:08:18','2017-11-03','B1jg4oKAb',284,'ala-carte'),(456,'KEN WEE TAN','ken@inventionmarketinggroup.com.my','Y-Sub-S3','',521682730,220.00,'MYS','sales app','2017-11-03 07:03:24','2017-11-03','Hk46VqKC-',275,'subscription'),(457,'KEN WEE TAN','ken@inventionmarketinggroup.com.my','PS','Men’s Starter Pack',430,18.00,'MYS','sales app','2017-11-03 08:08:18','2017-11-03','B1jg4oKAb',284,'ala-carte'),(458,'','kimtn129@gmail.com','PF','Women’s Starter Pack',380,18.00,'MYS','client','2017-11-03 07:35:41','2017-11-03','ry883qKRb',282,'ala-carte'),(459,'','kimtn129@gmail.com','PF','Women’s Starter Pack',137,18.00,'MYS','client','2017-11-03 07:35:41','2017-11-03','ry883qKRb',282,'ala-carte'),(460,'','ngoclan@bonseyjaden.com','Sub-S6','',1,70.00,'MYS','client','2017-11-03 08:00:22','2017-11-03','Hy0Mzst0Z',283,'subscription'),(461,'','ngoclan@bonseyjaden.com','PS','Men’s Starter Pack',1,18.00,'MYS','client','2017-11-03 08:00:22','2017-11-03','Hy0Mzst0Z',283,'ala-carte'),(462,'','ngoclan@bonseyjaden.com','PF','Women’s Starter Pack',1,18.00,'MYS','client','2017-11-03 08:00:22','2017-11-03','Hy0Mzst0Z',283,'ala-carte'),(463,'KEN WEE TAN','ken@inventionmarketinggroup.com.my','H1','Men\'s Premium Handle',32,13.00,'MYS','sales app','2017-11-03 08:59:41','2017-11-03','S1rWx3FAZ',288,'ala-carte'),(464,'','kimtn129@gmail.com','PF','Women’s Starter Pack',227,18.00,'MYS','client','2017-11-03 07:35:41','2017-11-03','ry883qKRb',282,'ala-carte'),(465,'','kimtn129@gmail.com','S6','Men\'s S6 Cartridge Pack',1,59.00,'MYS','client','2017-11-03 08:21:08','2017-11-03','rknlDjtCZ',285,'ala-carte'),(466,'','kimtn129@gmail.com','F5','Women’s F5 Cartridge Pack',11,45.00,'MYS','client','2017-11-03 08:47:07','2017-11-03','SkNfTjFAW',286,'ala-carte'),(467,'','kimtn129@gmail.com','S5','Men\'s S5 Cartridge Pack',6,39.00,'MYS','client','2017-11-03 08:47:07','2017-11-03','SkNfTjFAW',286,'ala-carte'),(468,'','kimtn129@gmail.com','Sub-S3','',1,55.00,'MYS','client','2017-11-03 08:21:08','2017-11-03','rknlDjtCZ',285,'subscription'),(469,'','kimtn129@gmail.com','H1','Men\'s Premium Handle',1,13.00,'MYS','client','2017-11-03 08:21:08','2017-11-03','rknlDjtCZ',285,'ala-carte'),(470,'','kimtn129@gmail.com','S3','Men’s S3 Cartridge Pack',1,27.00,'MYS','client','2017-11-03 08:21:08','2017-11-03','rknlDjtCZ',285,'ala-carte'),(471,'','kimtn129@gmail.com','Y-Sub-S5','',1,280.00,'MYS','client','2017-11-03 08:21:08','2017-11-03','rknlDjtCZ',285,'subscription'),(472,'','kimtn129@gmail.com','H2','Women’s Razor Handle',3,13.00,'MYS','client','2017-11-03 08:47:07','2017-11-03','SkNfTjFAW',286,'ala-carte'),(473,'','kimtn129@gmail.com','H3','Men\'s Swivel Handle',29,19.00,'MYS','client','2017-11-03 08:21:08','2017-11-03','rknlDjtCZ',285,'ala-carte'),(474,'','kimtn129@gmail.com','Y-Sub-S3','',1,220.00,'MYS','client','2017-11-03 08:21:08','2017-11-03','rknlDjtCZ',285,'subscription'),(475,'','kimtn129@gmail.com','Y-Sub-F5','',1,300.00,'MYS','client','2017-11-03 08:21:08','2017-11-03','rknlDjtCZ',285,'subscription'),(476,'','kimtn129@gmail.com','F5','Women’s F5 Cartridge Pack',1,45.00,'MYS','client','2017-11-03 08:47:07','2017-11-03','SkNfTjFAW',286,'ala-carte'),(477,'','kimtn129@gmail.com','H3','Men\'s Swivel Handle',50,19.00,'MYS','client','2017-11-03 08:21:08','2017-11-03','rknlDjtCZ',285,'ala-carte'),(478,'KEN WEE TAN','ken@inventionmarketinggroup.com.my','PS','Men’s Starter Pack',1,18.00,'MYS','sales app','2017-11-03 08:51:36','2017-11-03','HyW7RiKAW',287,'ala-carte'),(479,'KEN WEE TAN','ken@inventionmarketinggroup.com.my','H1','Men\'s Premium Handle',65,13.00,'MYS','sales app','2017-11-03 08:59:41','2017-11-03','S1rWx3FAZ',288,'ala-carte'),(480,'KEN WEE TAN','ken@inventionmarketinggroup.com.my','PS','Men’s Starter Pack',5867149,18.00,'MYS','sales app','2017-11-03 08:08:18','2017-11-03','B1jg4oKAb',284,'ala-carte'),(481,'KEN WEE TAN','ken@inventionmarketinggroup.com.my','PF','Women’s Starter Pack',1,18.00,'MYS','sales app','2017-11-03 09:01:22','2017-11-03','Byovl2FR-',289,'ala-carte'),(482,'KEN WEE TAN','ken@inventionmarketinggroup.com.my','ASK-2017','Awesome Shave Kit',1,109.00,'MYS','sales app','2017-11-03 09:01:22','2017-11-03','Byovl2FR-',289,'ala-carte'),(483,'','ngoclan@bonseyjaden.com','S3','Men’s S3 Cartridge Pack',1,27.00,'MYS','client','2017-11-03 09:04:08','2017-11-03','HJeMbnt0-',290,'ala-carte'),(484,'','ngoclan@bonseyjaden.com','Sub-S3','',8,55.00,'MYS','client','2017-11-03 09:04:08','2017-11-03','HJeMbnt0-',290,'subscription'),(485,'KEN WEE TAN','ken@inventionmarketinggroup.com.my','Y-Sub-S3','',1395705815,220.00,'MYS','sales app','2017-11-03 07:03:24','2017-11-03','Hk46VqKC-',275,'subscription'),(486,'','nguyen5@mailinator.com','H1','Men\'s Premium Handle',1,13.00,'MYS','client','2017-11-03 09:43:48','2017-11-03','Sya8q3Y0-',292,'ala-carte'),(487,'','nguyen5@mailinator.com','Sub-S6','',1,70.00,'MYS','client','2017-11-03 09:43:48','2017-11-03','Sya8q3Y0-',292,'subscription'),(488,'','ngoclan@bonseyjaden.com','S3','Men’s S3 Cartridge Pack',2,27.00,'MYS','client','2017-11-03 10:05:05','2017-11-03','ry9L16K0W',293,'ala-carte'),(489,'','ngoclan@bonseyjaden.com','H1','Men\'s Premium Handle',1,13.00,'MYS','client','2017-11-03 10:05:05','2017-11-03','ry9L16K0W',293,'ala-carte'),(490,'','ngoclan@bonseyjaden.com','Y-Sub-S5','',1,124.00,'SGP','client','2017-11-03 10:05:05','2017-11-03','ry9L16K0W',293,'subscription'),(491,'','ngoclan@bonseyjaden.com','Sub-S3','',13,55.00,'MYS','client','2017-11-03 09:04:08','2017-11-03','HJeMbnt0-',290,'subscription'),(492,'','ngoclan@bonseyjaden.com','ASK-2017','Awesome Shave Kit',1,109.00,'MYS','client','2017-11-03 10:13:46','2017-11-03','HkGv-6FAZ',294,'ala-carte'),(493,'KEN WEE TAN','ken@inventionmarketinggroup.com.my','PS','Men’s Starter Pack',9826806,18.00,'MYS','sales app','2017-11-03 10:27:39','2017-11-03','BJ4oNTt0-',297,'ala-carte'),(494,'KEN WEE TAN','ken@inventionmarketinggroup.com.my','PS','Men’s Starter Pack',1,18.00,'MYS','sales app','2017-11-03 10:29:48','2017-11-03','Byr7SaK0-',298,'ala-carte'),(495,'','ly@bonseyjaden.com','Sub-S5','',1,70.00,'MYS','client','2017-11-03 10:33:01','2017-11-03','HJLkUpKAb',299,'subscription'),(505,'KEN WEE TAN','ken@inventionmarketinggroup.com.my','PS','Men’s Starter Pack',1,18.00,'MYS','sales app','2017-11-03 10:48:41','2017-11-03','r1G9t6KR-',303,'ala-carte'),(506,'','ly@bonseyjaden.com','Y-Sub-F5','',1,300.00,'MYS','client','2017-11-03 10:44:41','2017-11-03','rJfod6tAW',300,'subscription'),(507,'','ly@bonseyjaden.com','ASK-2017','Awesome Shave Kit',1,109.00,'MYS','client','2017-11-03 10:46:59','2017-11-03','Bkj7K6FCb',302,'ala-carte'),(508,'','Dinesh@bonseyjaden.com','ASK-2017','Awesome Shave Kit',1,109.00,'MYS','client','2017-11-03 11:08:30','2017-11-03','HJPNCTFRW',304,'ala-carte'),(509,'','lty01@mailinator.com','H2','Women’s Razor Handle',1,10.00,'SGP','client','2017-11-03 11:13:39','2017-11-03','HJowJCFCW',305,'ala-carte'),(847,'','kimtn129@gmail.com','ASK-2017','Awesome Shave Kit',1,109.00,'MYS','client','2017-11-03 12:38:06','2017-11-03','HyUEXk5AZ',309,'ala-carte'),(848,'','lty01@mailinator.com','ASK-2017','Awesome Shave Kit',1,109.00,'MYS','client','2017-11-03 11:47:59','2017-11-03','HJd_w0YRZ',308,'ala-carte'),(849,'','lty01@mailinator.com','S5','Men\'s S5 Cartridge Pack',1,39.00,'MYS','client','2017-11-03 11:47:59','2017-11-03','HJd_w0YRZ',308,'ala-carte'),(850,'','lty01@mailinator.com','S3','Men’s S3 Cartridge Pack',1,27.00,'MYS','client','2017-11-03 11:47:59','2017-11-03','HJd_w0YRZ',308,'ala-carte'),(851,'','lty01@mailinator.com','H1','Men\'s Premium Handle',1,13.00,'MYS','client','2017-11-03 11:47:59','2017-11-03','HJd_w0YRZ',308,'ala-carte'),(852,'','ly@bonseyjaden.com','Sub-S3','',1,55.00,'MYS','client','2017-11-03 11:15:04','2017-11-03','SkeTyAK0b',306,'subscription'),(853,'','mervin@bonseyjaden.com','Sub-S5','',2,70.00,'MYS','client','2017-11-03 11:42:33','2017-11-03','SJz480KC-',307,'subscription'),(854,'','kimtn129@gmail.com','PF','Women’s Starter Pack',4,18.00,'MYS','client','2017-11-04 01:46:45','2017-11-04','H1AZ2qcA-',313,'ala-carte'),(855,'','kimtn129@gmail.com','FREE','Test product',4,1.00,'MYS','client','2017-11-04 02:05:32','2017-11-04','BkBOgs9CW',317,'ala-carte'),(856,'','dposavac@gmail.com','Sub-S5','',2,70.00,'MYS','client','2017-11-05 04:04:30','2017-11-05','rJPR6W3R-',319,'subscription'),(857,'','durifto@gmail.com','Sub-S5','',1,70.00,'MYS','client','2017-11-06 01:12:44','2017-11-06','BkSMwV6R-',320,'subscription'),(858,'','testest@gmail.com','ASK-2017','Awesome Shave Kit',2,109.00,'MYS','client','2017-11-06 01:42:46','2017-11-06','rJk7C46C-',321,'ala-carte'),(859,'','guuug@gmail.com','F5','Women’s F5 Cartridge Pack',1,45.00,'MYS','client','2017-11-06 01:52:45','2017-11-06','ry8OlB60W',322,'ala-carte'),(860,'','guuug@gmail.com','H3','Men\'s Swivel Handle',1,19.00,'MYS','client','2017-11-06 01:52:45','2017-11-06','ry8OlB60W',322,'ala-carte'),(861,'','guuug@gmail.com','PS','Men’s Starter Pack',3,18.00,'MYS','client','2017-11-06 01:52:45','2017-11-06','ry8OlB60W',322,'ala-carte'),(862,'','Sanjayh@gmail.com','Y-Sub-S6','',1,280.00,'MYS','client','2017-11-06 02:15:56','2017-11-06','r1VJ8SpC-',323,'subscription'),(863,'KEN WEE TAN','ken@inventionmarketinggroup.com.my','ASK-2017','Awesome Shave Kit',2,109.00,'MYS','sales app','2017-11-06 02:27:23','2017-11-06','SJ45urp0-',324,'ala-carte'),(864,'KEN WEE TAN','ken@inventionmarketinggroup.com.my','PS','Men’s Starter Pack',7,18.00,'MYS','sales app','2017-11-06 11:36:43','2017-11-06','SyQLFT6A-',344,'ala-carte'),(865,'','durifto@gmail.com','ASK-2017','Awesome Shave Kit',1,109.00,'MYS','client','2017-11-06 02:47:29','2017-11-06','HkKBaHaCW',325,'ala-carte'),(866,'','durifto@gmail.com','A4-2017','Shaving Soap',2,12.00,'MYS','client','2017-11-06 02:47:29','2017-11-06','HkKBaHaCW',325,'ala-carte'),(867,'','durifto@gmail.com','H3','Men\'s Swivel Handle',1,19.00,'MYS','client','2017-11-06 02:47:29','2017-11-06','HkKBaHaCW',325,'ala-carte'),(868,'','ngoclan@bonseyjaden.com','FREE','Test product',1,1.00,'MYS','client','2017-11-06 04:01:50','2017-11-06','B1v3C8pCW',326,'ala-carte'),(869,'','nguyen8@mailinator.com','A1','Shaving Foam',1,22.00,'MYS','client','2017-11-06 04:14:59','2017-11-06','SJnaZPpCb',327,'ala-carte'),(870,'','nguyen8@mailinator.com','Y-Sub-S3','',1,220.00,'MYS','client','2017-11-06 04:14:59','2017-11-06','SJnaZPpCb',327,'subscription'),(871,'','nguyen8@mailinator.com','H2','Women’s Razor Handle',1,13.00,'MYS','client','2017-11-06 04:14:59','2017-11-06','SJnaZPpCb',327,'ala-carte'),(872,'','nguyen8@mailinator.com','F5','Women’s F5 Cartridge Pack',1,45.00,'MYS','client','2017-11-06 04:21:06','2017-11-06','H1q47v6C-',328,'ala-carte'),(873,'','nguyen8@mailinator.com','ASK-2017','Awesome Shave Kit',1,109.00,'MYS','client','2017-11-06 04:21:06','2017-11-06','H1q47v6C-',328,'ala-carte'),(874,'','nguyen8@mailinator.com','PS','Men’s Starter Pack',1,18.00,'MYS','client','2017-11-06 04:21:06','2017-11-06','H1q47v6C-',328,'ala-carte'),(875,'','ly@bonseyjaden.com','H2','Women’s Razor Handle',1,10.00,'SGP','client','2017-11-06 04:31:00','2017-11-06','r1nFrDpR-',329,'ala-carte'),(876,'','nguyen8@mailinator.com','H2','Women’s Razor Handle',1,10.00,'SGP','client','2017-11-06 04:33:11','2017-11-06','S11f8PaAW',330,'ala-carte'),(877,'','nguyen8@mailinator.com','H3','Men\'s Swivel Handle',1,14.00,'SGP','client','2017-11-06 04:33:11','2017-11-06','S11f8PaAW',330,'ala-carte'),(878,'','chuan@bonseyjaden.com','Sub-S3','',1,55.00,'MYS','client','2017-11-06 05:04:07','2017-11-06','ByJLaDaRZ',331,'subscription'),(879,'','chuan@bonseyjaden.com','PS','Men’s Starter Pack',1,18.00,'MYS','client','2017-11-06 05:04:07','2017-11-06','ByJLaDaRZ',331,'ala-carte'),(880,'LIM BENG SIEW','daniellim@pacificasiawidegroup.com','H1','Men\'s Premium Handle',1,13.00,'MYS','sales app','2017-11-06 06:13:08','2017-11-06','B13u6_6CZ',333,'ala-carte'),(881,'LIM BENG SIEW','daniellim@pacificasiawidegroup.com','PS','Men’s Starter Pack',1,18.00,'MYS','sales app','2017-11-06 06:12:28','2017-11-06','BySIadTCW',332,'ala-carte'),(882,'','Uhhjjjkkk@yahoo.com','ASK-2017','Awesome Shave Kit',2,109.00,'MYS','client','2017-11-06 07:27:06','2017-11-06','HJGRCt6R-',334,'ala-carte'),(883,'','ly@gmail.com','PS','Men’s Starter Pack',1,18.00,'MYS','client','2017-11-06 07:41:13','2017-11-06','ByzmGq6CW',335,'ala-carte'),(884,'','chuan@bonseyjaden.com','PF','Women’s Starter Pack',1,18.00,'MYS','client','2017-11-06 07:55:43','2017-11-06','Hy_Yrc6RZ',336,'ala-carte'),(885,'','chuan@bonseyjaden.com','S6','Men\'s S6 Cartridge Pack',1,59.00,'MYS','client','2017-11-06 07:55:43','2017-11-06','Hy_Yrc6RZ',336,'ala-carte'),(886,'','chuan@bonseyjaden.com','H1','Men\'s Premium Handle',1,10.00,'SGP','client','2017-11-06 07:55:43','2017-11-06','Hy_Yrc6RZ',336,'ala-carte'),(887,'','sjbcwdhiweh@wicbwihbfwe.com','ASK-2017','Awesome Shave Kit',1,109.00,'MYS','client','2017-11-06 08:06:14','2017-11-06','H1Rg_qp0-',337,'ala-carte'),(888,'','nguyen9@mailinator.com','PS','Men’s Starter Pack',5,18.00,'MYS','client','2017-11-06 08:44:42','2017-11-06','S1X-WjaRb',340,'ala-carte'),(889,'','nguyen9@mailinator.com','H3','Men\'s Swivel Handle',3,19.00,'MYS','client','2017-11-06 08:08:19','2017-11-06','HkndO9pAb',339,'ala-carte'),(890,'','nguyen9@mailinator.com','Sub-S6','',1,70.00,'MYS','client','2017-11-06 08:06:30','2017-11-06','r10Z_5p0W',338,'subscription'),(891,'','nguyen9@mailinator.com','H3','Men\'s Swivel Handle',8,19.00,'MYS','client','2017-11-06 08:08:19','2017-11-06','HkndO9pAb',339,'ala-carte'),(892,'','nguyen9@mailinator.com','PS','Men’s Starter Pack',4,18.00,'MYS','client','2017-11-06 08:44:42','2017-11-06','S1X-WjaRb',340,'ala-carte'),(893,'','nguyen9@mailinator.com','PS','Men’s Starter Pack',5,18.00,'MYS','client','2017-11-06 08:44:42','2017-11-06','S1X-WjaRb',340,'ala-carte'),(894,'','nguyen9@mailinator.com','PF','Women’s Starter Pack',1,18.00,'MYS','client','2017-11-06 08:44:42','2017-11-06','S1X-WjaRb',340,'ala-carte'),(895,'','ly@bonseyjaden.com','Sub-F5','',1,300.00,'MYS','client','2017-11-06 10:32:07','2017-11-06','B1gN5nTCW',341,'subscription'),(896,'','lan11@mailinator.com','Y-Sub-S3','',1,220.00,'MYS','client','2017-11-06 10:57:59','2017-11-06','BykHeTaAW',342,'subscription'),(897,'','lan11@mailinator.com','PS','Men’s Starter Pack',1,18.00,'MYS','client','2017-11-06 11:27:29','2017-11-06','HJ5XP66RZ',343,'ala-carte'),(898,'','lan11@mailinator.com','S3','Men’s S3 Cartridge Pack',1,27.00,'MYS','client','2017-11-06 11:27:29','2017-11-06','HJ5XP66RZ',343,'ala-carte'),(899,'KEN WEE TAN','ken@inventionmarketinggroup.com.my','PS','Men’s Starter Pack',1,18.00,'MYS','sales app','2017-11-06 11:36:43','2017-11-06','SyQLFT6A-',344,'ala-carte'),(900,'KEN WEE TAN','ken@inventionmarketinggroup.com.my','S3','Men’s S3 Cartridge Pack',1,27.00,'MYS','sales app','2017-11-06 11:38:11','2017-11-06','rkssFaaR-',345,'ala-carte'),(901,'KEN WEE TAN','ken@inventionmarketinggroup.com.my','H1','Men\'s Premium Handle',1,13.00,'MYS','sales app','2017-11-06 11:38:11','2017-11-06','rkssFaaR-',345,'ala-carte'),(902,'KEN WEE TAN','ken@inventionmarketinggroup.com.my','Sub-S3','',1,55.00,'MYS','sales app','2017-11-06 11:42:10','2017-11-06','HJq9966AZ',346,'subscription'),(903,'','abc@gmail.com','ASK-2017','Awesome Shave Kit',1,109.00,'MYS','client','2017-11-06 13:15:50','2017-11-06','Hy1ceyC0-',347,'ala-carte'),(904,'','abc@gmail.com','PS','Men’s Starter Pack',1,18.00,'MYS','client','2017-11-06 13:15:50','2017-11-06','Hy1ceyC0-',347,'ala-carte'),(905,'','abc@gmail.com','Sub-S5','',1,70.00,'MYS','client','2017-11-06 13:19:53','2017-11-06','BkZY-kARW',348,'subscription'),(906,'','lty01@mailinator.com','PS','Men’s Starter Pack',1,18.00,'MYS','client','2017-11-06 13:53:21','2017-11-06','SyqUF1R0b',349,'ala-carte'),(907,'','lty01@mailinator.com','ASK-2017','Awesome Shave Kit',1,109.00,'MYS','client','2017-11-06 13:53:21','2017-11-06','SyqUF1R0b',349,'ala-carte'),(908,'','Xjdhdh@djdjd.com','Y-Sub-S6','',1,280.00,'MYS','client','2017-11-06 23:05:36','2017-11-06','H1KT9PCAW',350,'subscription'),(909,'KEN WEE TAN','ken@inventionmarketinggroup.com.my','PS','Men’s Starter Pack',34,18.00,'MYS','sales app','2017-11-07 04:21:30','2017-11-07','SkGRNnACb',360,'ala-carte'),(910,'KEN WEE TAN','ken@inventionmarketinggroup.com.my','Y-Sub-S3','',2,220.00,'MYS','sales app','2017-11-07 03:09:28','2017-11-07','B1xl4i0C-',352,'subscription'),(911,'KEN WEE TAN','ken@inventionmarketinggroup.com.my','H1','Men\'s Premium Handle',4,13.00,'MYS','sales app','2017-11-07 04:04:30','2017-11-07','ByIAe3RR-',357,'ala-carte'),(912,'','thap@bonseyjaden.com','H2','Women’s Razor Handle',1,10.00,'SGP','client','2017-11-07 07:30:40','2017-11-07','SydmWy1kf',361,'ala-carte'),(913,'','ngoclan@bonseyjaden.com','ASK-2017','Awesome Shave Kit',1,109.00,'MYS','client','2017-11-07 07:31:41','2017-11-07','HyBv-kJyM',362,'ala-carte'),(914,'','lwz01@mailinator.com','S3','Men’s S3 Cartridge Pack',1,27.00,'MYS','client','2017-11-07 07:33:53','2017-11-07','rk9JG1yyM',363,'ala-carte'),(915,'','lwz01@mailinator.com','Sub-S5','',1,70.00,'MYS','client','2017-11-07 07:33:53','2017-11-07','rk9JG1yyM',363,'subscription'),(916,'','ybdao@bonseyjaden.com','ASK-2017','Awesome Shave Kit',1,109.00,'MYS','client','2017-11-07 07:42:49','2017-11-07','HyGWNyykz',364,'ala-carte'),(917,'','ybdao@bonseyjaden.com','PF','Women’s Starter Pack',6,18.00,'MYS','client','2017-11-07 08:00:58','2017-11-07','S1XSO111f',368,'ala-carte'),(918,'','ybdao@bonseyjaden.com','Y-Sub-S5','',1,280.00,'MYS','client','2017-11-07 07:42:49','2017-11-07','HyGWNyykz',364,'subscription'),(919,'','lan15@mailinator.com','PF','Women’s Starter Pack',1,18.00,'MYS','client','2017-11-07 07:49:06','2017-11-07','rJ5_rkkJz',365,'ala-carte'),(920,'','lan15@mailinator.com','Sub-S3','',1,55.00,'MYS','client','2017-11-07 07:49:06','2017-11-07','rJ5_rkkJz',365,'subscription'),(921,'','ybdao@bonseyjaden.com','S3','Men’s S3 Cartridge Pack',7,27.00,'MYS','client','2017-11-07 07:57:48','2017-11-07','ryHKw1JJM',367,'ala-carte'),(922,'','ybdao@bonseyjaden.com','F5','Women’s F5 Cartridge Pack',1,45.00,'MYS','client','2017-11-07 07:53:01','2017-11-07','BJ8w8JJJG',366,'ala-carte'),(923,'','ybdao@bonseyjaden.com','PS','Men’s Starter Pack',1,18.00,'MYS','client','2017-11-07 07:53:01','2017-11-07','BJ8w8JJJG',366,'ala-carte'),(924,'','ybdao@bonseyjaden.com','H3','Men\'s Swivel Handle',1,19.00,'MYS','client','2017-11-07 07:53:01','2017-11-07','BJ8w8JJJG',366,'ala-carte'),(925,'','ybdao@bonseyjaden.com','S5','Men\'s S5 Cartridge Pack',2,39.00,'MYS','client','2017-11-07 08:00:58','2017-11-07','S1XSO111f',368,'ala-carte'),(926,'','ybdao@bonseyjaden.com','H1','Men\'s Premium Handle',1,13.00,'MYS','client','2017-11-07 07:53:01','2017-11-07','BJ8w8JJJG',366,'ala-carte'),(927,'','ybdao@bonseyjaden.com','PF','Women’s Starter Pack',5,18.00,'MYS','client','2017-11-07 07:53:01','2017-11-07','BJ8w8JJJG',366,'ala-carte'),(928,'','ybdao@bonseyjaden.com','S3','Men’s S3 Cartridge Pack',1,27.00,'MYS','client','2017-11-07 07:57:48','2017-11-07','ryHKw1JJM',367,'ala-carte'),(929,'','ybdao@bonseyjaden.com','S3','Men’s S3 Cartridge Pack',126,27.00,'MYS','client','2017-11-07 07:57:48','2017-11-07','ryHKw1JJM',367,'ala-carte'),(930,'','ybdao@bonseyjaden.com','PF','Women’s Starter Pack',14,18.00,'MYS','client','2017-11-07 08:00:58','2017-11-07','S1XSO111f',368,'ala-carte'),(931,'','lwz01@mailinator.com','FREE','Test product',1,1.00,'MYS','client','2017-11-07 09:54:22','2017-11-07','rk8RG-11M',369,'ala-carte'),(932,'','ybdao@bonseyjaden.com','Y-Sub-S6','',1,280.00,'MYS','client','2017-11-07 10:03:47','2017-11-07','BkibrZ1kG',370,'subscription'),(933,'','ybdao@bonseyjaden.com','ASK-2017','Awesome Shave Kit',1,109.00,'MYS','client','2017-11-07 10:19:31','2017-11-07','Bys2dZ11G',371,'ala-carte'),(934,'','ybdao@bonseyjaden.com','ASK-2017','Awesome Shave Kit',1,109.00,'MYS','client','2017-11-07 10:24:39','2017-11-07','rJxxqZyyM',372,'ala-carte'),(935,'','ybdao@bonseyjaden.com','ASK-2017','Awesome Shave Kit',1,109.00,'MYS','client','2017-11-07 10:26:32','2017-11-07','SyewqWkkf',373,'ala-carte'),(936,'','lan15@mailinator.com','PS','Men’s Starter Pack',1,18.00,'MYS','client','2017-11-07 10:29:57','2017-11-07','r1a7oWyyf',374,'ala-carte'),(937,'','lan15@mailinator.com','H3','Men\'s Swivel Handle',1,19.00,'MYS','client','2017-11-07 10:29:57','2017-11-07','r1a7oWyyf',374,'ala-carte'),(938,'','ly@bonseyjaden.com','Sub-F5','',1,300.00,'MYS','client','2017-11-07 14:56:45','2017-11-07','S1B2tSJyz',375,'subscription'),(939,'','ly@bonseyjaden.com','H3','Men\'s Swivel Handle',1,14.00,'SGP','client','2017-11-07 15:18:00','2017-11-07','Bke2CryJG',376,'ala-carte'),(940,'','ly@bonseyjaden.com','Sub-S6','',1,70.00,'MYS','client','2017-11-07 15:19:08','2017-11-07','SyBlyUkkf',377,'subscription'),(941,'','ly@bonseyjaden.com','Sub-F5','',30,300.00,'MYS','client','2017-11-07 14:56:45','2017-11-07','S1B2tSJyz',375,'subscription'),(942,'','ly@bonseyjaden.com','H3','Men\'s Swivel Handle',1,19.00,'MYS','client','2017-11-07 15:34:43','2017-11-07','HksqzUkyG',379,'ala-carte'),(943,'','weikhern@gmail.com','ASK-2017','Awesome Shave Kit',2,109.00,'MYS','client','2017-11-08 00:30:08','2017-11-08','B1tGgCk1G',380,'ala-carte'),(944,'','weikhern@gmail.com','PS','Men’s Starter Pack',1,18.00,'MYS','client','2017-11-08 00:30:08','2017-11-08','B1tGgCk1G',380,'ala-carte'),(945,'','weikhern@gmail.com','Y-Sub-S6','',1,280.00,'MYS','client','2017-11-08 00:40:20','2017-11-08','BJpuzRyJM',381,'subscription'),(946,'','bdao@gmail.com','Y-Sub-S3','',1,220.00,'MYS','client','2017-11-08 01:51:50','2017-11-08','HyAN7yl1z',382,'subscription'),(947,'','ybdao@bonseyjaden.com','ASK-2017','Awesome Shave Kit',7,109.00,'MYS','client','2017-11-08 07:09:00','2017-11-08','ByVcTQlkf',393,'ala-carte'),(948,'','ybdao@bonseyjaden.com','FREE','Test product',6,1.00,'MYS','client','2017-11-08 07:09:00','2017-11-08','ByVcTQlkf',393,'ala-carte'),(949,'','ngoclan@bonseyjaden.com','ASK-2017','Awesome Shave Kit',1,109.00,'MYS','client','2017-11-08 02:24:27','2017-11-08','HyNyjJe1f',384,'ala-carte'),(950,'','ngoclan@bonseyjaden.com','FREE','Test product',1,1.00,'MYS','client','2017-11-08 02:25:48','2017-11-08','BkVNjJlyM',385,'ala-carte'),(951,'','ly@bonseyjaden.com','FREE','Test product',34,1.00,'MYS','client','2017-11-08 03:03:31','2017-11-08','H1jZExx1z',386,'ala-carte'),(952,'','ybdao@bonseyjaden.com','H3','Men\'s Swivel Handle',411,19.00,'MYS','client','2017-11-08 03:12:21','2017-11-08','B16MUgg1z',387,'ala-carte'),(953,'','ybdao@bonseyjaden.com','PF','Women’s Starter Pack',912,18.00,'MYS','client','2017-11-08 03:30:04','2017-11-08','HkrS5egJf',388,'ala-carte'),(954,'','ybdao@bonseyjaden.com','S5','Men\'s S5 Cartridge Pack',670,39.00,'MYS','client','2017-11-08 04:03:20','2017-11-08','HkWGMbxJM',390,'ala-carte'),(955,'','ybdao@bonseyjaden.com','H2','Women’s Razor Handle',81,13.00,'MYS','client','2017-11-08 03:12:21','2017-11-08','B16MUgg1z',387,'ala-carte'),(956,'','ybdao@bonseyjaden.com','H2','Women’s Razor Handle',142,13.00,'MYS','client','2017-11-08 08:36:56','2017-11-08','BklEzrxkG',399,'ala-carte'),(957,'','ybdao@bonseyjaden.com','S5','Men\'s S5 Cartridge Pack',550,39.00,'MYS','client','2017-11-08 04:03:20','2017-11-08','HkWGMbxJM',390,'ala-carte'),(958,'','ybdao@bonseyjaden.com','H3','Men\'s Swivel Handle',1204,19.00,'MYS','client','2017-11-08 03:12:21','2017-11-08','B16MUgg1z',387,'ala-carte'),(959,'','ly@bonseyjaden.com','Sub-S3','',1,55.00,'MYS','client','2017-11-08 03:34:30','2017-11-08','SJRHsxg1f',389,'subscription'),(960,'','ly@bonseyjaden.com','FREE','Test product',49,1.00,'MYS','client','2017-11-08 03:03:31','2017-11-08','H1jZExx1z',386,'ala-carte'),(961,'','ybdao@bonseyjaden.com','PF','Women’s Starter Pack',496,18.00,'MYS','client','2017-11-08 03:30:04','2017-11-08','HkrS5egJf',388,'ala-carte'),(962,'','ybdao@bonseyjaden.com','H3','Men\'s Swivel Handle',743,19.00,'MYS','client','2017-11-08 03:12:21','2017-11-08','B16MUgg1z',387,'ala-carte'),(963,'','ybdao@bonseyjaden.com','H2','Women’s Razor Handle',46,13.00,'MYS','client','2017-11-08 03:12:21','2017-11-08','B16MUgg1z',387,'ala-carte'),(964,'','ybdao@bonseyjaden.com','ASK-2017','Awesome Shave Kit',4,109.00,'MYS','client','2017-11-08 07:03:14','2017-11-08','SkqV3Xl1G',392,'ala-carte'),(965,'','lan16@mailinator.com','H1','Men\'s Premium Handle',1,13.00,'MYS','client','2017-11-08 04:46:20','2017-11-08','ryVm3Wx1G',391,'ala-carte'),(966,'','lan16@mailinator.com','PS','Men’s Starter Pack',1,18.00,'MYS','client','2017-11-08 04:46:20','2017-11-08','ryVm3Wx1G',391,'ala-carte'),(967,'','ybdao@bonseyjaden.com','ASK-2017','Awesome Shave Kit',11,109.00,'MYS','client','2017-11-08 07:09:00','2017-11-08','ByVcTQlkf',393,'ala-carte'),(968,'','ybdao@bonseyjaden.com','PF','Women’s Starter Pack',2968,18.00,'MYS','client','2017-11-08 03:30:04','2017-11-08','HkrS5egJf',388,'ala-carte'),(969,'','ybdao@bonseyjaden.com','H3','Men\'s Swivel Handle',44,19.00,'MYS','client','2017-11-08 03:12:21','2017-11-08','B16MUgg1z',387,'ala-carte'),(970,'','ybdao@bonseyjaden.com','ASK-2017','Awesome Shave Kit',2,109.00,'MYS','client','2017-11-08 07:09:00','2017-11-08','ByVcTQlkf',393,'ala-carte'),(971,'','ybdao@bonseyjaden.com','FREE','Test product',1,1.00,'MYS','client','2017-11-08 07:09:00','2017-11-08','ByVcTQlkf',393,'ala-carte'),(972,'KEN WEE TAN','ken@inventionmarketinggroup.com.my','ASK-2017','Awesome Shave Kit',4,109.00,'MYS','sales app','2017-11-08 07:28:24','2017-11-08','SyZmG4gyz',394,'ala-carte'),(973,'','ybdao@bonseyjaden.com','Y-Sub-S5','',1,280.00,'MYS','client','2017-11-08 07:43:47','2017-11-08','BJo2BNl1M',395,'subscription'),(974,'','ybdao@bonseyjaden.com','ASK-2017','Awesome Shave Kit',3,109.00,'MYS','client','2017-11-08 08:26:59','2017-11-08','B12AJrlyz',397,'ala-carte'),(975,'','ybdao@bonseyjaden.com','ASK-2017','Awesome Shave Kit',1,109.00,'MYS','client','2017-11-08 08:26:59','2017-11-08','B12AJrlyz',397,'ala-carte'),(976,'','ybdao@bonseyjaden.com','ASK-2017','Awesome Shave Kit',8,109.00,'MYS','client','2017-11-08 07:09:00','2017-11-08','ByVcTQlkf',393,'ala-carte'),(977,'','ybdao@bonseyjaden.com','A1','Shaving Foam',2,22.00,'MYS','client','2017-11-08 08:36:56','2017-11-08','BklEzrxkG',399,'ala-carte'),(978,'','ybdao@bonseyjaden.com','A3','Shaving Gel',2,22.00,'MYS','client','2017-11-08 08:36:56','2017-11-08','BklEzrxkG',399,'ala-carte'),(979,'','ybdao@bonseyjaden.com','F5','Women’s F5 Cartridge Pack',3,45.00,'MYS','client','2017-11-08 08:36:56','2017-11-08','BklEzrxkG',399,'ala-carte'),(980,'','ybdao@bonseyjaden.com','A4-2017','Shaving Soap',2,12.00,'MYS','client','2017-11-08 08:36:56','2017-11-08','BklEzrxkG',399,'ala-carte'),(981,'','ybdao@bonseyjaden.com','H1','Men\'s Premium Handle',1,13.00,'MYS','client','2017-11-08 08:36:56','2017-11-08','BklEzrxkG',399,'ala-carte'),(982,'','ybdao@bonseyjaden.com','PS','Men’s Starter Pack',2,18.00,'MYS','client','2017-11-08 08:36:56','2017-11-08','BklEzrxkG',399,'ala-carte'),(983,'','ybdao@bonseyjaden.com','S3','Men’s S3 Cartridge Pack',1,27.00,'MYS','client','2017-11-08 08:36:56','2017-11-08','BklEzrxkG',399,'ala-carte'),(984,'','ybdao@bonseyjaden.com','S6','Men\'s S6 Cartridge Pack',1,59.00,'MYS','client','2017-11-08 08:36:56','2017-11-08','BklEzrxkG',399,'ala-carte'),(985,'','ybdao@bonseyjaden.com','H2','Women’s Razor Handle',1,13.00,'MYS','client','2017-11-08 08:36:56','2017-11-08','BklEzrxkG',399,'ala-carte'),(986,'','ybdao@bonseyjaden.com','A2','After Shave Cream',57,17.00,'MYS','client','2017-11-08 08:36:56','2017-11-08','BklEzrxkG',399,'ala-carte'),(987,'KEN WEE TAN','ken@inventionmarketinggroup.com.my','ASK-2017','Awesome Shave Kit',1,109.00,'MYS','sales app','2017-11-08 10:49:08','2017-11-08','Hya7-weyf',400,'ala-carte'),(988,'','kimtn129@gmail.com','FREE','Test product',1,1.00,'MYS','client','2017-11-08 11:26:04','2017-11-08','B1S0YDe1G',401,'ala-carte'),(989,'KEN WEE TAN','ken@inventionmarketinggroup.com.my','H1','Men\'s Premium Handle',55311,13.00,'MYS','sales app','2017-11-09 08:23:39','2017-11-09','SyEcx5ZyM',439,'ala-carte'),(990,'KEN WEE TAN','ken@inventionmarketinggroup.com.my','H3','Men\'s Swivel Handle',2,19.00,'MYS','sales app','2017-11-09 08:23:39','2017-11-09','SyEcx5ZyM',439,'ala-carte'),(991,'KEN WEE TAN','ken@inventionmarketinggroup.com.my','PS','Men’s Starter Pack',5373,18.00,'MYS','sales app','2017-11-09 03:27:09','2017-11-09','Bk8MorZ1z',412,'ala-carte'),(992,'','lan21@mailinator.com','H3','Men\'s Swivel Handle',1,19.00,'MYS','client','2017-11-09 02:33:19','2017-11-09','ryw_A4Wyf',404,'ala-carte'),(993,'','lan21@mailinator.com','Sub-S6','',1,70.00,'MYS','client','2017-11-09 02:33:19','2017-11-09','ryw_A4Wyf',404,'subscription'),(994,'','lan1@mailinator.com','ASK-2017','Awesome Shave Kit',1,109.00,'MYS','client','2017-11-09 03:04:31','2017-11-09','By_TrHWJG',408,'ala-carte'),(995,'','lan1@mailinator.com','H1','Men\'s Premium Handle',1,13.00,'MYS','client','2017-11-09 03:04:31','2017-11-09','By_TrHWJG',408,'ala-carte'),(996,'','lan1@mailinator.com','H3','Men\'s Swivel Handle',1,19.00,'MYS','client','2017-11-09 03:04:31','2017-11-09','By_TrHWJG',408,'ala-carte'),(997,'','lan1@mailinator.com','PF','Women’s Starter Pack',1,18.00,'MYS','client','2017-11-09 03:04:31','2017-11-09','By_TrHWJG',408,'ala-carte'),(998,'','lan1@mailinator.com','S3','Men’s S3 Cartridge Pack',1,27.00,'MYS','client','2017-11-09 03:04:31','2017-11-09','By_TrHWJG',408,'ala-carte'),(999,'KEN WEE TAN','ken@inventionmarketinggroup.com.my','H1','Men\'s Premium Handle',42135,13.00,'MYS','sales app','2017-11-09 03:41:42','2017-11-09','Bk0dAHZkf',414,'ala-carte'),(1000,'KEN WEE TAN','ken@inventionmarketinggroup.com.my','Y-Sub-S6','',855,280.00,'MYS','sales app','2017-11-09 03:07:46','2017-11-09','BkjFUBW1G',410,'subscription'),(1001,'KEN WEE TAN','ken@inventionmarketinggroup.com.my','ASK-2017','Awesome Shave Kit',6,109.00,'MYS','sales app','2017-11-09 03:23:32','2017-11-09','rypEcSWJz',411,'ala-carte'),(1002,'KEN WEE TAN','ken@inventionmarketinggroup.com.my','Y-Sub-S6','',675,280.00,'MYS','sales app','2017-11-09 03:07:46','2017-11-09','BkjFUBW1G',410,'subscription'),(1003,'KEN WEE TAN','ken@inventionmarketinggroup.com.my','Y-Sub-S3','',354,220.00,'MYS','sales app','2017-11-09 03:23:32','2017-11-09','rypEcSWJz',411,'subscription'),(1004,'KEN WEE TAN','ken@inventionmarketinggroup.com.my','H1','Men\'s Premium Handle',2899,13.00,'MYS','sales app','2017-11-09 08:23:39','2017-11-09','SyEcx5ZyM',439,'ala-carte'),(1005,'KEN WEE TAN','ken@inventionmarketinggroup.com.my','PS','Men’s Starter Pack',1424,18.00,'MYS','sales app','2017-11-09 03:27:09','2017-11-09','Bk8MorZ1z',412,'ala-carte'),(1006,'KEN WEE TAN','ken@inventionmarketinggroup.com.my','H1','Men\'s Premium Handle',31114,13.00,'MYS','sales app','2017-11-09 08:23:39','2017-11-09','SyEcx5ZyM',439,'ala-carte'),(1007,'KEN WEE TAN','ken@inventionmarketinggroup.com.my','H1','Men\'s Premium Handle',5266,13.00,'MYS','sales app','2017-11-09 03:41:42','2017-11-09','Bk0dAHZkf',414,'ala-carte'),(1008,'KEN WEE TAN','ken@inventionmarketinggroup.com.my','H1','Men\'s Premium Handle',103876,13.00,'MYS','sales app','2017-11-09 03:41:42','2017-11-09','Bk0dAHZkf',414,'ala-carte'),(1009,'','ybdao@bonseyjaden.com','PF','Women’s Starter Pack',2864,18.00,'MYS','client','2017-11-09 07:08:05','2017-11-09','HkA0COWyz',428,'ala-carte'),(1010,'','ybdao@bonseyjaden.com','S5','Men\'s S5 Cartridge Pack',435,39.00,'MYS','client','2017-11-09 03:58:52','2017-11-09','By4FzL-kG',415,'ala-carte'),(1011,'','ybdao@bonseyjaden.com','H2','Women’s Razor Handle',92,13.00,'MYS','client','2017-11-09 07:08:05','2017-11-09','HkA0COWyz',428,'ala-carte'),(1012,'','ybdao@bonseyjaden.com','A2','After Shave Cream',99,17.00,'MYS','client','2017-11-09 08:12:25','2017-11-09','rJ-lCYZkG',437,'ala-carte'),(1013,'','ybdao@bonseyjaden.com','H3','Men\'s Swivel Handle',293,19.00,'MYS','client','2017-11-09 03:58:52','2017-11-09','By4FzL-kG',415,'ala-carte'),(1014,'','lan22@mailinator.com','H3','Men\'s Swivel Handle',8,19.00,'MYS','client','2017-11-09 04:04:37','2017-11-09','Hkp0QIbyz',416,'ala-carte'),(1015,'','lan22@mailinator.com','ASK-2017','Awesome Shave Kit',32,109.00,'MYS','client','2017-11-09 04:04:37','2017-11-09','Hkp0QIbyz',416,'ala-carte'),(1016,'KEN WEE TAN','ken@inventionmarketinggroup.com.my','Y-Sub-S6','',141,280.00,'MYS','sales app','2017-11-09 03:07:46','2017-11-09','BkjFUBW1G',410,'subscription'),(1017,'','lan22@mailinator.com','PF','Women’s Starter Pack',2,18.00,'MYS','client','2017-11-09 10:37:49','2017-11-09','HJIWg3-1G',445,'ala-carte'),(1018,'','lan22@mailinator.com','F5','Women’s F5 Cartridge Pack',1,45.00,'MYS','client','2017-11-09 04:09:11','2017-11-09','SyJlrLZJf',417,'ala-carte'),(1019,'KEN WEE TAN','ken@inventionmarketinggroup.com.my','Y-Sub-S6','',1580,280.00,'MYS','sales app','2017-11-09 03:07:46','2017-11-09','BkjFUBW1G',410,'subscription'),(1020,'','ybdao@bonseyjaden.com','S5','Men\'s S5 Cartridge Pack',344,39.00,'MYS','client','2017-11-09 03:58:52','2017-11-09','By4FzL-kG',415,'ala-carte'),(1021,'','ybdao@bonseyjaden.com','PF','Women’s Starter Pack',1220,18.00,'MYS','client','2017-11-09 07:08:05','2017-11-09','HkA0COWyz',428,'ala-carte'),(1022,'','ybdao@bonseyjaden.com','H3','Men\'s Swivel Handle',333,19.00,'MYS','client','2017-11-09 03:58:52','2017-11-09','By4FzL-kG',415,'ala-carte'),(1023,'','ybdao@bonseyjaden.com','A2','After Shave Cream',129,17.00,'MYS','client','2017-11-09 08:12:25','2017-11-09','rJ-lCYZkG',437,'ala-carte'),(1024,'KEN WEE TAN','ken@inventionmarketinggroup.com.my','PS','Men’s Starter Pack',1297,18.00,'MYS','sales app','2017-11-09 03:27:09','2017-11-09','Bk8MorZ1z',412,'ala-carte'),(1025,'','lan23@mailinator.com','H3','Men\'s Swivel Handle',1,19.00,'MYS','client','2017-11-09 04:24:08','2017-11-09','B1xuuU-yf',421,'ala-carte'),(1026,'','lan23@mailinator.com','F5','Women’s F5 Cartridge Pack',1,45.00,'MYS','client','2017-11-09 04:33:43','2017-11-09','H1ghq8WkG',423,'ala-carte'),(1027,'','ybdao@bonseyjaden.com','H3','Men\'s Swivel Handle',824,19.00,'MYS','client','2017-11-09 03:58:52','2017-11-09','By4FzL-kG',415,'ala-carte'),(1028,'','ybdao@bonseyjaden.com','S5','Men\'s S5 Cartridge Pack',595,39.00,'MYS','client','2017-11-09 03:58:52','2017-11-09','By4FzL-kG',415,'ala-carte'),(1029,'','ybdao@bonseyjaden.com','Y-Sub-S3','',1,220.00,'MYS','client','2017-11-09 04:47:36','2017-11-09','SJZeRIb1M',424,'subscription'),(1030,'','ybdao@bonseyjaden.com','PF','Women’s Starter Pack',3013,18.00,'MYS','client','2017-11-09 07:08:05','2017-11-09','HkA0COWyz',428,'ala-carte'),(1031,'','ybdao@bonseyjaden.com','A2','After Shave Cream',508,17.00,'MYS','client','2017-11-09 08:12:25','2017-11-09','rJ-lCYZkG',437,'ala-carte'),(1032,'KEN WEE TAN','ken@inventionmarketinggroup.com.my','Y-Sub-S3','',1582,220.00,'MYS','sales app','2017-11-09 03:23:32','2017-11-09','rypEcSWJz',411,'subscription'),(1033,'KEN WEE TAN','ken@inventionmarketinggroup.com.my','H1','Men\'s Premium Handle',8622,13.00,'MYS','sales app','2017-11-09 08:23:39','2017-11-09','SyEcx5ZyM',439,'ala-carte'),(1034,'','lty01@mailinator.com','Y-Sub-S5','',1,280.00,'MYS','client','2017-11-09 05:32:18','2017-11-09','B1svOPbJf',426,'subscription'),(1035,'KEN WEE TAN','ken@inventionmarketinggroup.com.my','S5','Men\'s S5 Cartridge Pack',2,39.00,'MYS','sales app','2017-11-09 06:18:00','2017-11-09','S1eQmdbyz',427,'ala-carte'),(1036,'','ybdao@bonseyjaden.com','H2','Women’s Razor Handle',83,13.00,'MYS','client','2017-11-09 07:08:05','2017-11-09','HkA0COWyz',428,'ala-carte'),(1037,'','ybdao@bonseyjaden.com','H3','Men\'s Swivel Handle',1,19.00,'MYS','client','2017-11-09 07:08:05','2017-11-09','HkA0COWyz',428,'ala-carte'),(1038,'','ybdao@bonseyjaden.com','PS','Men’s Starter Pack',5,18.00,'MYS','client','2017-11-09 07:08:05','2017-11-09','HkA0COWyz',428,'ala-carte'),(1039,'','ybdao@bonseyjaden.com','H1','Men\'s Premium Handle',1,13.00,'MYS','client','2017-11-09 07:08:05','2017-11-09','HkA0COWyz',428,'ala-carte'),(1040,'','lan22@mailinator.com','Sub-F5','',3,300.00,'MYS','client','2017-11-09 07:18:26','2017-11-09','rysrbF-kM',430,'subscription'),(1041,'','lan22@mailinator.com','H3','Men\'s Swivel Handle',7,19.00,'MYS','client','2017-11-09 04:04:37','2017-11-09','Hkp0QIbyz',416,'ala-carte'),(1042,'','lan22@mailinator.com','Sub-F5','',7,300.00,'MYS','client','2017-11-09 07:18:26','2017-11-09','rysrbF-kM',430,'subscription'),(1043,'','lan22@mailinator.com','ASK-2017','Awesome Shave Kit',31,109.00,'MYS','client','2017-11-09 04:04:37','2017-11-09','Hkp0QIbyz',416,'ala-carte'),(1044,'','lan22@mailinator.com','ASK-2017','Awesome Shave Kit',21,109.00,'MYS','client','2017-11-09 04:04:37','2017-11-09','Hkp0QIbyz',416,'ala-carte'),(1045,'','lan22@mailinator.com','FREE','Test product',1,1.00,'MYS','client','2017-11-09 07:26:06','2017-11-09','HJDGQtWJf',432,'ala-carte'),(1046,'','lan24@mailinator.com','FREE','Test product',1,1.00,'MYS','client','2017-11-09 07:29:51','2017-11-09','SJdxVFbJG',433,'ala-carte'),(1047,'','lan25@mailinator.com','PS','Men’s Starter Pack',519,18.00,'MYS','client','2017-11-09 07:48:38','2017-11-09','HJ1wuF-kz',434,'ala-carte'),(1048,'','lan25@mailinator.com','PF','Women’s Starter Pack',21,18.00,'MYS','client','2017-11-09 08:11:15','2017-11-09','H12oTFWJf',436,'ala-carte'),(1049,'','lan25@mailinator.com','PS','Men’s Starter Pack',17,18.00,'MYS','client','2017-11-09 07:48:38','2017-11-09','HJ1wuF-kz',434,'ala-carte'),(1050,'','lan25@mailinator.com','PS','Men’s Starter Pack',35,18.00,'MYS','client','2017-11-09 07:48:38','2017-11-09','HJ1wuF-kz',434,'ala-carte'),(1051,'','lan25@mailinator.com','PS','Men’s Starter Pack',377,18.00,'MYS','client','2017-11-09 07:48:38','2017-11-09','HJ1wuF-kz',434,'ala-carte'),(1052,'','lan25@mailinator.com','PS','Men’s Starter Pack',61,18.00,'MYS','client','2017-11-09 07:48:38','2017-11-09','HJ1wuF-kz',434,'ala-carte'),(1053,'','lan25@mailinator.com','PF','Women’s Starter Pack',8,18.00,'MYS','client','2017-11-09 08:11:15','2017-11-09','H12oTFWJf',436,'ala-carte'),(1054,'','ybdao@bonseyjaden.com','PF','Women’s Starter Pack',3587,18.00,'MYS','client','2017-11-09 07:08:05','2017-11-09','HkA0COWyz',428,'ala-carte'),(1055,'','ybdao@bonseyjaden.com','H3','Men\'s Swivel Handle',251,19.00,'MYS','client','2017-11-09 03:58:52','2017-11-09','By4FzL-kG',415,'ala-carte'),(1056,'','ybdao@bonseyjaden.com','A1','Shaving Foam',1,22.00,'MYS','client','2017-11-09 08:12:25','2017-11-09','rJ-lCYZkG',437,'ala-carte'),(1057,'','ybdao@bonseyjaden.com','S5','Men\'s S5 Cartridge Pack',438,39.00,'MYS','client','2017-11-09 03:58:52','2017-11-09','By4FzL-kG',415,'ala-carte'),(1058,'','ybdao@bonseyjaden.com','H2','Women’s Razor Handle',29,13.00,'MYS','client','2017-11-09 07:08:05','2017-11-09','HkA0COWyz',428,'ala-carte'),(1059,'','ybdao@bonseyjaden.com','PS','Men’s Starter Pack',9,18.00,'MYS','client','2017-11-09 07:08:05','2017-11-09','HkA0COWyz',428,'ala-carte'),(1060,'','ybdao@bonseyjaden.com','S3','Men’s S3 Cartridge Pack',5,27.00,'MYS','client','2017-11-09 08:12:25','2017-11-09','rJ-lCYZkG',437,'ala-carte'),(1061,'','ybdao@bonseyjaden.com','S6','Men\'s S6 Cartridge Pack',2,59.00,'MYS','client','2017-11-09 08:12:25','2017-11-09','rJ-lCYZkG',437,'ala-carte'),(1062,'','ybdao@bonseyjaden.com','Sub-S6','',1,70.00,'MYS','client','2017-11-09 08:12:25','2017-11-09','rJ-lCYZkG',437,'subscription'),(1063,'','ybdao@bonseyjaden.com','H1','Men\'s Premium Handle',4,13.00,'MYS','client','2017-11-09 07:08:05','2017-11-09','HkA0COWyz',428,'ala-carte'),(1064,'','ybdao@bonseyjaden.com','FREE','Test product',2,1.00,'MYS','client','2017-11-09 08:12:25','2017-11-09','rJ-lCYZkG',437,'ala-carte'),(1065,'','ybdao@bonseyjaden.com','F5','Women’s F5 Cartridge Pack',1,45.00,'MYS','client','2017-11-09 08:12:25','2017-11-09','rJ-lCYZkG',437,'ala-carte'),(1066,'','ybdao@bonseyjaden.com','ASK-2017','Awesome Shave Kit',1,109.00,'MYS','client','2017-11-09 08:12:25','2017-11-09','rJ-lCYZkG',437,'ala-carte'),(1067,'','ybdao@bonseyjaden.com','A4-2017','Shaving Soap',1,12.00,'MYS','client','2017-11-09 08:12:25','2017-11-09','rJ-lCYZkG',437,'ala-carte'),(1068,'','ybdao@bonseyjaden.com','A3','Shaving Gel',2,22.00,'MYS','client','2017-11-09 08:12:25','2017-11-09','rJ-lCYZkG',437,'ala-carte'),(1069,'','ybdao@bonseyjaden.com','H1','Men\'s Premium Handle',5,13.00,'MYS','client','2017-11-09 07:08:05','2017-11-09','HkA0COWyz',428,'ala-carte'),(1070,'KEN WEE TAN','ken@inventionmarketinggroup.com.my','H2','Women’s Razor Handle',1,13.00,'MYS','sales app','2017-11-09 08:23:39','2017-11-09','SyEcx5ZyM',439,'ala-carte'),(1071,'','lan25@mailinator.com','Sub-S6','',1,70.00,'MYS','client','2017-11-09 09:13:38','2017-11-09','rJsB39WkG',442,'subscription'),(1072,'','ybdao@bonseyjaden.com','A1','Shaving Foam',1,22.00,'MYS','client','2017-11-09 09:48:03','2017-11-09','HyhLNiWJM',443,'ala-carte'),(1073,'','ybdao@bonseyjaden.com','PF','Women’s Starter Pack',1371,18.00,'MYS','client','2017-11-09 07:08:05','2017-11-09','HkA0COWyz',428,'ala-carte'),(1074,'','ybdao@bonseyjaden.com','S3','Men’s S3 Cartridge Pack',4,27.00,'MYS','client','2017-11-09 08:12:25','2017-11-09','rJ-lCYZkG',437,'ala-carte'),(1075,'','ybdao@bonseyjaden.com','Y-Sub-S5','',1,280.00,'MYS','client','2017-11-09 09:50:16','2017-11-09','BJx1BoZkf',444,'subscription'),(1076,'','hos01@mailinator.com','FREE','Test product',1,1.00,'MYS','client','2017-11-09 11:06:08','2017-11-09','BkOjUhZ1G',446,'ala-carte'),(1077,'','weikhern@gmail.com','PS','Men’s Starter Pack',1,18.00,'MYS','client','2017-11-10 00:24:02','2017-11-10','rJcjb_fJM',447,'ala-carte'),(1078,'','weikhern@gmail.com','Y-Sub-S6','',1,280.00,'MYS','client','2017-11-10 00:24:02','2017-11-10','rJcjb_fJM',447,'subscription'),(1079,'KEN WEE TAN','ken@inventionmarketinggroup.com.my','Sub-S6','',3,70.00,'MYS','sales app','2017-11-10 01:55:25','2017-11-10','BJHzwFz1z',448,'subscription'),(1080,'','lan27@mailinator.com','H3','Men\'s Swivel Handle',2,19.00,'MYS','client','2017-11-10 02:10:25','2017-11-10','r1Yc9tf1z',449,'ala-carte'),(1081,'','lan27@mailinator.com','Y-Sub-S6','',1,280.00,'MYS','client','2017-11-10 02:10:25','2017-11-10','r1Yc9tf1z',449,'subscription'),(1082,'KEN WEE TAN','ken@inventionmarketinggroup.com.my','ASK-2017','Awesome Shave Kit',3,109.00,'MYS','sales app','2017-11-10 03:49:15','2017-11-10','ryV6ZiMyz',455,'ala-carte'),(1083,'','muxur@cars2.club','PS','Men’s Starter Pack',1,18.00,'MYS','client','2017-11-10 02:15:13','2017-11-10','SJ5noYfkM',451,'ala-carte'),(1084,'','lan26@mailinator.com','ASK-2017','Awesome Shave Kit',1,109.00,'MYS','client','2017-11-10 02:21:42','2017-11-10','ByJH6tf1f',452,'ala-carte'),(1085,'','lan22@mailinator.com','ASK-2017','Awesome Shave Kit',11,109.00,'MYS','client','2017-11-10 03:35:51','2017-11-10','BygjCqfJf',454,'ala-carte'),(1086,'JASMINE LIM','JASMINELIM.92@GMAIL.COM','ASK-2017','Awesome Shave Kit',83971,49.00,'SGP','sales app','2017-11-10 07:46:24','2017-11-10','SJu8YCMJz',462,'ala-carte'),(1087,'','ybdao@bonseyjaden.com','PS','Men’s Starter Pack',62,18.00,'MYS','client','2017-11-10 07:00:46','2017-11-10','HJvsATzyM',458,'ala-carte'),(1088,'','ybdao@bonseyjaden.com','H1','Men\'s Premium Handle',11,13.00,'MYS','client','2017-11-10 06:59:03','2017-11-10','SkySRpGyz',457,'ala-carte'),(1089,'','ybdao@bonseyjaden.com','H2','Women’s Razor Handle',1,13.00,'MYS','client','2017-11-10 06:59:03','2017-11-10','SkySRpGyz',457,'ala-carte'),(1090,'','ybdao@bonseyjaden.com','H3','Men\'s Swivel Handle',2,19.00,'MYS','client','2017-11-10 09:09:13','2017-11-10','ByMp2J7kf',473,'ala-carte'),(1091,'','ybdao@bonseyjaden.com','ASK-2017','Awesome Shave Kit',561515,109.00,'MYS','client','2017-11-10 07:00:46','2017-11-10','HJvsATzyM',458,'ala-carte'),(1092,'','ybdao@bonseyjaden.com','PF','Women’s Starter Pack',199,18.00,'MYS','client','2017-11-10 07:39:03','2017-11-10','HkesDAz1G',461,'ala-carte'),(1093,'JASMINE LIM','JASMINELIM.92@GMAIL.COM','Y-Sub-S6F','',1,236.00,'MYS','sales app','2017-11-10 07:31:07','2017-11-10','Sk4THAz1f',460,'subscription'),(1094,'','ybdao@bonseyjaden.com','PF','Women’s Starter Pack',295,18.00,'MYS','client','2017-11-10 07:39:03','2017-11-10','HkesDAz1G',461,'ala-carte'),(1095,'','ybdao@bonseyjaden.com','ASK-2017','Awesome Shave Kit',29704,109.00,'MYS','client','2017-11-10 07:00:46','2017-11-10','HJvsATzyM',458,'ala-carte'),(1096,'','lan22@mailinator.com','Sub-S5','',11966950,39.00,'MYS','client','2017-11-10 08:01:27','2017-11-10','r1x1TRzJz',463,'subscription'),(1097,'','lan22@mailinator.com','Sub-S5','',7860650,39.00,'MYS','client','2017-11-10 08:01:27','2017-11-10','r1x1TRzJz',463,'subscription'),(1098,'','lan22@mailinator.com','Sub-S5','',9743172,39.00,'MYS','client','2017-11-10 08:01:27','2017-11-10','r1x1TRzJz',463,'subscription'),(1099,'','ybdao@bonseyjaden.com','S6','Men’s 6-Blade Cartridge Pack',1,21.00,'SGP','client','2017-11-10 08:22:05','2017-11-10','ByBhZyQJf',465,'ala-carte'),(1100,'','ybdao@bonseyjaden.com','H1','Men\'s Premium Handle',1,10.00,'SGP','client','2017-11-10 08:22:05','2017-11-10','ByBhZyQJf',465,'ala-carte'),(1101,'','ybdao@bonseyjaden.com','ASK-2017','Awesome Shave Kit',1,49.00,'SGP','client','2017-11-10 08:22:05','2017-11-10','ByBhZyQJf',465,'ala-carte'),(1102,'','bdao.y0794@gmail.com','H1','Men\'s Premium Handle',2107,10.00,'SGP','client','2017-11-10 08:28:09','2017-11-10','SybXmJ7Jz',466,'ala-carte'),(1103,'','bdao.y0794@gmail.com','ASK-2017','Awesome Shave Kit',10,49.00,'SGP','client','2017-11-10 08:29:58','2017-11-10','H1y9my7kM',467,'ala-carte'),(1104,'','bdao.y0794@gmail.com','H2','Women’s Razor Handle',1,10.00,'SGP','client','2017-11-10 08:28:09','2017-11-10','SybXmJ7Jz',466,'ala-carte'),(1105,'','bdao.y0794@gmail.com','H1','Men\'s Premium Handle',4836,10.00,'SGP','client','2017-11-10 08:28:09','2017-11-10','SybXmJ7Jz',466,'ala-carte'),(1106,'','bdao.y0794@gmail.com','ASK-2017','Awesome Shave Kit',7,49.00,'SGP','client','2017-11-10 08:29:58','2017-11-10','H1y9my7kM',467,'ala-carte'),(1107,'','ybdao@bonseyjaden.com','ASK-2017','Awesome Shave Kit',958663,109.00,'MYS','client','2017-11-10 07:00:46','2017-11-10','HJvsATzyM',458,'ala-carte'),(1108,'','ybdao@bonseyjaden.com','ASK-2017','Awesome Shave Kit',90256,109.00,'MYS','client','2017-11-10 07:00:46','2017-11-10','HJvsATzyM',458,'ala-carte'),(1109,'','lan22@mailinator.com','Sub-S6','',1,59.00,'MYS','client','2017-11-10 08:41:25','2017-11-10','rkCV8y71M',470,'subscription'),(1110,'','thap@bonseyjaden.com','H1','Men\'s Premium Handle',1,13.00,'MYS','client','2017-11-10 08:50:26','2017-11-10','rJj8uy7kM',471,'ala-carte'),(1111,'','thap@bonseyjaden.com','Y-Sub-S5','',1,64.00,'SGP','client','2017-11-10 08:50:26','2017-11-10','rJj8uy7kM',471,'subscription'),(1112,'JASMINE LIM','JASMINELIM.92@GMAIL.COM','A2','After Shave Cream',3,6.00,'SGP','sales app','2017-11-10 09:02:48','2017-11-10','BkgHiyQ1z',472,'ala-carte'),(1113,'','ybdao@bonseyjaden.com','ASK-2017','Awesome Shave Kit',171260,109.00,'MYS','client','2017-11-10 07:00:46','2017-11-10','HJvsATzyM',458,'ala-carte'),(1114,'','ybdao@bonseyjaden.com','PF','Women’s Starter Pack',254,18.00,'MYS','client','2017-11-10 07:39:03','2017-11-10','HkesDAz1G',461,'ala-carte'),(1115,'','ybdao@bonseyjaden.com','PS','Men’s Starter Pack',38,18.00,'MYS','client','2017-11-10 07:00:46','2017-11-10','HJvsATzyM',458,'ala-carte'),(1116,'','ybdao@bonseyjaden.com','H1','Men\'s Premium Handle',32,13.00,'MYS','client','2017-11-10 06:59:03','2017-11-10','SkySRpGyz',457,'ala-carte'),(1117,'JASMINE LIM','JASMINELIM.92@GMAIL.COM','ASK-2017','Awesome Shave Kit',33522,49.00,'SGP','sales app','2017-11-10 07:46:24','2017-11-10','SJu8YCMJz',462,'ala-carte'),(1118,'JASMINE LIM','JASMINELIM.92@GMAIL.COM','ASK-2017','Awesome Shave Kit',88819,49.00,'SGP','sales app','2017-11-10 07:46:24','2017-11-10','SJu8YCMJz',462,'ala-carte'),(1119,'JASMINE LIM','JASMINELIM.92@GMAIL.COM','ASK-2017','Awesome Shave Kit',28012,49.00,'SGP','sales app','2017-11-10 07:46:24','2017-11-10','SJu8YCMJz',462,'ala-carte'),(1120,'JASMINE LIM','JASMINELIM.92@GMAIL.COM','F5','Women\'s 5-Blade Cartridge Pack',20,16.00,'SGP','sales app','2017-11-10 09:19:50','2017-11-10','ryySygQJG',476,'ala-carte'),(1121,'JASMINE LIM','JASMINELIM.92@GMAIL.COM','H3','Men\'s Swivel Handle',7,14.00,'SGP','sales app','2017-11-10 09:45:10','2017-11-10','SJ1Ere7JM',477,'ala-carte'),(1122,'JASMINE LIM','JASMINELIM.92@GMAIL.COM','ASK-2017','Awesome Shave Kit',198031,49.00,'SGP','sales app','2017-11-10 07:46:24','2017-11-10','SJu8YCMJz',462,'ala-carte'),(1123,'','lan22@mailinator.com','Y-Sub-S5','',1,156.00,'MYS','client','2017-11-10 09:52:49','2017-11-10','rJKeveXkz',479,'subscription'),(1124,'JASMINE LIM','JASMINELIM.92@GMAIL.COM','A3','Shaving Gel',10,8.00,'SGP','sales app','2017-11-10 09:55:55','2017-11-10','HyN2PeQyG',480,'ala-carte'),(1125,'','lan22@mailinator.com','PS','Men’s Starter Pack',1,18.00,'MYS','client','2017-11-10 10:14:06','2017-11-10','BJIg2gQyf',481,'ala-carte'),(1126,'','lan22@mailinator.com','ASK-2017','Awesome Shave Kit',116,109.00,'MYS','client','2017-11-10 03:35:51','2017-11-10','BygjCqfJf',454,'ala-carte'),(1127,'','lan22@mailinator.com','Y-Sub-S6','',2,236.00,'MYS','client','2017-11-10 10:58:01','2017-11-10','BkGSU-mkG',487,'subscription'),(1128,'','lan22@mailinator.com','Y-Sub-S3','',1,108.00,'MYS','client','2017-11-10 10:14:06','2017-11-10','BJIg2gQyf',481,'subscription'),(1129,'','test@mail.com','H2','Women’s Razor Handle',7,10.00,'SGP','client','2017-11-10 10:25:01','2017-11-10','rk8Y0xXJG',482,'ala-carte'),(1130,'','test@mail.com','H1','Men\'s Premium Handle',14,10.00,'SGP','client','2017-11-10 10:25:01','2017-11-10','rk8Y0xXJG',482,'ala-carte'),(1131,'JASMINE LIM','JASMINELIM.92@GMAIL.COM','ASK-2017','Awesome Shave Kit',342886,49.00,'SGP','sales app','2017-11-10 07:46:24','2017-11-10','SJu8YCMJz',462,'ala-carte'),(1132,'JASMINE LIM','JASMINELIM.92@GMAIL.COM','ASK-2017','Awesome Shave Kit',160407,49.00,'SGP','sales app','2017-11-10 07:46:24','2017-11-10','SJu8YCMJz',462,'ala-carte'),(1133,'','thap@bonseyjaden.com','Y-Sub-S6','',136,236.00,'MYS','client','2017-11-10 10:57:24','2017-11-10','rJpzLZ7kG',485,'subscription'),(1134,'','thap@bonseyjaden.com','Y-Sub-S6','',35,236.00,'MYS','client','2017-11-10 10:57:24','2017-11-10','rJpzLZ7kG',485,'subscription'),(1135,'KEN WEE TAN','ken@inventionmarketinggroup.com.my','A5','Shaving Cream',9,15.00,'MYS','sales app','2017-11-10 10:57:45','2017-11-10','Hyz4I-7Jf',486,'ala-carte'),(1136,'KEN WEE TAN','ken@inventionmarketinggroup.com.my','Y-Sub-S6','',5,236.00,'MYS','sales app','2017-11-10 10:57:45','2017-11-10','Hyz4I-7Jf',486,'subscription'),(1137,'','soso01@mailinator.com','Sub-S3','',1,27.00,'MYS','client','2017-11-10 10:59:12','2017-11-10','S1OYIZQyG',488,'subscription'),(1138,'','soso01@mailinator.com','H1','Men\'s Premium Handle',1,10.00,'SGP','client','2017-11-10 10:59:12','2017-11-10','S1OYIZQyG',488,'ala-carte'),(1139,'','lan22@mailinator.com','ASK-2017','Awesome Shave Kit',194,109.00,'MYS','client','2017-11-10 03:35:51','2017-11-10','BygjCqfJf',454,'ala-carte'),(1140,'','lan22@mailinator.com','H2','Women’s Razor Handle',1,13.00,'MYS','client','2017-11-10 11:10:52','2017-11-10','S1SSYb7kz',490,'ala-carte'),(1141,'','lan22@mailinator.com','H1','Men\'s Premium Handle',1,13.00,'MYS','client','2017-11-10 11:10:52','2017-11-10','S1SSYb7kz',490,'ala-carte'),(1142,'','lan22@mailinator.com','Sub-S3','',1,27.00,'MYS','client','2017-11-10 11:12:32','2017-11-10','HJ_jYbX1f',491,'subscription'),(1143,'','lan22@mailinator.com','PF','Women’s Starter Pack',1,18.00,'MYS','client','2017-11-10 11:18:09','2017-11-10','Hkqxs-QyG',492,'ala-carte'),(1144,'','lan22@mailinator.com','ASK-2017','Awesome Shave Kit',376,109.00,'MYS','client','2017-11-10 03:35:51','2017-11-10','BygjCqfJf',454,'ala-carte'),(1145,'','qlns@kusrc.com','ASK-2017','Awesome Shave Kit',1,109.00,'MYS','client','2017-11-10 11:24:40','2017-11-10','HyZY2bXkM',493,'ala-carte'),(1146,'','ybdao@bonseyjaden.com','PS','Men’s Starter Pack',75,18.00,'MYS','client','2017-11-10 07:00:46','2017-11-10','HJvsATzyM',458,'ala-carte'),(1147,'','ybdao@bonseyjaden.com','H1','Men\'s Premium Handle',6,13.00,'MYS','client','2017-11-10 06:59:03','2017-11-10','SkySRpGyz',457,'ala-carte'),(1148,'','ybdao@bonseyjaden.com','H2','Women’s Razor Handle',3,13.00,'MYS','client','2017-11-10 06:59:03','2017-11-10','SkySRpGyz',457,'ala-carte'),(1149,'','ybdao@bonseyjaden.com','PF','Women’s Starter Pack',311,18.00,'MYS','client','2017-11-10 07:39:03','2017-11-10','HkesDAz1G',461,'ala-carte'),(1150,'','ybdao@bonseyjaden.com','H3','Men\'s Swivel Handle',8,19.00,'MYS','client','2017-11-10 09:09:13','2017-11-10','ByMp2J7kf',473,'ala-carte'),(1151,'','ybdao@bonseyjaden.com','ASK-2017','Awesome Shave Kit',215511,109.00,'MYS','client','2017-11-10 07:00:46','2017-11-10','HJvsATzyM',458,'ala-carte'),(1152,'','lan26@mailinator.com','PF','Women’s Starter Pack',2,18.00,'MYS','client','2017-11-10 11:29:22','2017-11-10','rJc96ZQyM',495,'ala-carte'),(1153,'','lan26@mailinator.com','H2','Women’s Razor Handle',2,13.00,'MYS','client','2017-11-10 11:29:22','2017-11-10','rJc96ZQyM',495,'ala-carte'),(1154,'','thap@bonseyjaden.com','Y-Sub-S6','',9,236.00,'MYS','client','2017-11-10 10:57:24','2017-11-10','rJpzLZ7kG',485,'subscription'),(1155,'','thap@bonseyjaden.com','ASK-2017','Awesome Shave Kit',1,109.00,'MYS','client','2017-11-10 11:32:13','2017-11-10','SySB0bQJf',496,'ala-carte'),(1156,'JASMINE LIM','JASMINELIM.92@GMAIL.COM','Sub-S5F','',2,37.50,'MYS','sales app','2017-11-10 13:02:57','2017-11-10','rJFY7QX1G',502,'subscription'),(1157,'JASMINE LIM','JASMINELIM.92@GMAIL.COM','Sub-S6F','',9,59.00,'MYS','sales app','2017-11-10 11:34:18','2017-11-10','S1f6AZmJG',497,'subscription'),(1158,'JASMINE LIM','JASMINELIM.92@GMAIL.COM','Sub-S6F','',13,59.00,'MYS','sales app','2017-11-10 11:34:18','2017-11-10','S1f6AZmJG',497,'subscription'),(1159,'JASMINE LIM','JASMINELIM.92@GMAIL.COM','Sub-S3F','',1,27.00,'MYS','sales app','2017-11-10 11:36:10','2017-11-10','S1QVJzmkM',498,'subscription'),(1160,'JASMINE LIM','JASMINELIM.92@GMAIL.COM','Y-Sub-S3F','',1,108.00,'MYS','sales app','2017-11-10 12:06:49','2017-11-10','ryZDUf7yG',499,'subscription'),(1161,'JASMINE LIM','JASMINELIM.92@GMAIL.COM','Y-Sub-F5F','',2,300.00,'MYS','sales app','2017-11-10 12:30:49','2017-11-10','rJ--3Gm1G',500,'subscription'),(1162,'JASMINE LIM','JASMINELIM.92@GMAIL.COM','Sub-S3F','',2,27.00,'MYS','sales app','2017-11-10 11:36:10','2017-11-10','S1QVJzmkM',498,'subscription'),(1163,'','kimtn129@gmail.com','ASK-2017','Awesome Shave Kit',1,109.00,'MYS','client','2017-11-10 13:07:16','2017-11-10','Hy6YEQ7Jz',503,'ala-carte'),(1164,'JASMINE LIM','JASMINELIM.92@GMAIL.COM','Y-Sub-S3F','',3,108.00,'MYS','sales app','2017-11-10 12:06:49','2017-11-10','ryZDUf7yG',499,'subscription'),(1165,'JASMINE LIM','JASMINELIM.92@GMAIL.COM','Sub-F5F','',1,75.00,'MYS','sales app','2017-11-10 13:55:18','2017-11-10','H1061Nm1f',504,'subscription'),(1166,'','mervin@bonseyjaden.com','PS','Men’s Starter Pack',1,14.00,'SGP','client','2017-11-10 14:40:50','2017-11-10','HJ9d5NQJM',505,'ala-carte'),(1167,'','mervin@bonseyjaden.com','PS','Men’s Starter Pack',8,18.00,'MYS','client','2017-11-10 14:54:42','2017-11-10','Bkc3T4QyM',506,'ala-carte'),(1168,'','lan22@mailinator.com','ASK-2017','Awesome Shave Kit',1,109.00,'MYS','client','2017-11-11 02:02:11','2017-11-11','H13mqCmJM',507,'ala-carte'),(1169,'','lan22@mailinator.com','Sub-F5','',1,75.00,'MYS','client','2017-11-11 02:02:11','2017-11-11','H13mqCmJM',507,'subscription');
/*!40000 ALTER TABLE `SaleReports` ENABLE KEYS */;
UNLOCK TABLES;

--
-- Table structure for table `SellerUsers`
--

DROP TABLE IF EXISTS `SellerUsers`;
/*!40101 SET @saved_cs_client     = @@character_set_client */;
/*!40101 SET character_set_client = utf8 */;
CREATE TABLE `SellerUsers` (
  `id` int(11) NOT NULL AUTO_INCREMENT,
  `badgeId` varchar(10) NOT NULL,
  `icNumber` varchar(20) NOT NULL,
  `agentName` varchar(50) NOT NULL,
  `startDate` date NOT NULL,
  `campaign` varchar(50) NOT NULL,
  `email` varchar(50) NOT NULL,
  `latestUpdatedDate` date DEFAULT NULL,
  `createdAt` datetime NOT NULL,
  `updatedAt` datetime NOT NULL,
  `CountryId` int(11) DEFAULT NULL,
  `isActive` tinyint(4) DEFAULT '1',
  PRIMARY KEY (`id`),
  UNIQUE KEY `badgeId` (`badgeId`),
  UNIQUE KEY `SellerUsers_badgeId_unique` (`badgeId`),
  KEY `CountryId` (`CountryId`),
  CONSTRAINT `SellerUsers_ibfk_1` FOREIGN KEY (`CountryId`) REFERENCES `Countries` (`id`) ON DELETE SET NULL ON UPDATE CASCADE
) ENGINE=InnoDB AUTO_INCREMENT=156 DEFAULT CHARSET=utf8;
/*!40101 SET character_set_client = @saved_cs_client */;

--
-- Dumping data for table `SellerUsers`
--

LOCK TABLES `SellerUsers` WRITE;
/*!40000 ALTER TABLE `SellerUsers` DISABLE KEYS */;
INSERT INTO `SellerUsers` VALUES (1,'IM0064','930216015297','MEGAT MOHAMMAD NAIMULLAH AZLAN','2016-09-23','SHAVES2U','megatazlan1992@gmail.com','2017-11-10','2017-10-26 11:21:16','2017-11-10 23:59:00',1,0),(2,'IM0001','860813235107','KEN WEE TAN','2016-09-22','SHAVES2U','ken@inventionmarketinggroup.com.my','2017-11-10','2017-10-26 11:21:16','2017-11-10 23:59:00',1,0),(3,'IM0191','901003145095','NURKHALIS MOHD YUSOF','2016-10-01','SHAVES2U','khalisyusof@gmail.com','2017-11-10','2017-10-26 11:21:16','2017-11-10 23:59:00',1,0),(4,'AR0001','620807105047','DAVID TAN BOK HENG ','2016-11-01','SHAVES2U','davidbhtan@pacificasiawidegroup.com','2017-11-10','2017-10-26 11:21:16','2017-11-10 23:59:00',1,0),(5,'AR0957','611129065343','LIM BENG SIEW','2016-11-01','SHAVES2U','daniellim@pacificasiawidegroup.com','2017-11-10','2017-10-26 11:21:16','2017-11-10 23:59:00',1,0),(6,'AR3106','990713088993','ARVIN A/L SIVAKUMAR','2016-12-01','SHAVES2U','arvinsivakumar13@gmail','2017-11-10','2017-10-26 11:21:16','2017-11-10 23:59:00',1,0),(7,'IM0304','900116105466','PRAVENA SATHURAMAN','2017-01-01','SHAVES2U','pravenasathuraman@gmail.com','2017-11-10','2017-10-26 11:21:16','2017-11-10 23:59:00',1,0),(8,'LO0042','961221106451','YI-HAN ONG BEN','2017-05-15','SHAVES2U','benjaminong19@gmail.com','2017-11-10','2017-10-26 11:21:16','2017-11-10 23:59:00',1,0),(9,'LO0098','940917146467','JIA HAO WONG','2017-05-15','SHAVES2U','haohaowong@gmail.com','2017-11-10','2017-10-26 11:21:16','2017-11-10 23:59:00',1,0),(10,'LO0001','S8533238D','JUE QING CHIA','2017-05-15','SHAVES2U','jueqing85@hotmail.com','2017-11-10','2017-10-26 11:21:16','2017-11-10 23:59:00',1,0),(11,'LO0110','931212145709','HARITH FEIZAL MAT NOR','2017-05-15','SHAVES2U','harithfeizal@yahoo.com','2017-11-10','2017-10-26 11:21:16','2017-11-10 23:59:00',1,0),(12,'IM0468','940901146163','ADRI ROSLAN','2017-04-18','SHAVES2U','adri_roslan@yahoo.com','2017-11-10','2017-10-26 11:21:16','2017-11-10 23:59:00',1,0),(13,'LO0145','910610146588','LI YEN TAN ','2017-05-22','SHAVES2U','purplelily.lily@gmail.com','2017-11-10','2017-10-26 11:21:16','2017-11-10 23:59:00',1,0),(14,'IM0526','950525146619','SHAH AMIRUL AIZAT SHAH HAIRI ','2017-05-23','SHAVES2U','shahwaitforit95@yahoo.com','2017-11-10','2017-10-26 11:21:16','2017-11-10 23:59:00',1,0),(15,'IM0334','930303055035','CARL MATTHIAS SELVARAJ','2017-04-24','SHAVES2U','carl_selvaraj@yahoo.com','2017-11-10','2017-10-26 11:21:16','2017-11-10 23:59:00',1,0),(16,'LO0156','921017145828','PEI JING SEOW CRYSTAL','2017-05-29','SHAVES2U','jingcrystal_1017@hotmail.com','2017-11-10','2017-10-26 11:21:16','2017-11-10 23:59:00',1,0),(17,'IM0531','941008065816','WAN NUR AZIETA ANIS WAN A.R.AZIZUNASATIYON','2017-05-30','SHAVES2U','wannurazietaanis@gmail.com','2017-11-10','2017-10-26 11:21:16','2017-11-10 23:59:00',1,0),(18,'LO0163','970316145917','SHI CHUAN NG JACK','2017-06-30','SHAVES2U','jacknsc97@gmail.com','2017-11-10','2017-10-26 11:21:16','2017-11-10 23:59:00',1,0),(19,'IM0545','931121145587','MUHAMMAD HELMI RADZALI','2017-07-08','SHAVES2U','emi_kasanova9321@yahoo.com','2017-11-10','2017-10-26 11:21:16','2017-11-10 23:59:00',1,0),(20,'IM0555','940711055148','FARAH ZAYANI ZULKIPLY','2017-07-18','SHAVES2U','farahzayani94@yahoo.com','2017-11-10','2017-10-26 11:21:16','2017-11-10 23:59:00',1,0),(21,'LO0169','920222065507','KOK ZENG KAN ALVIN','2017-07-24','SHAVES2U','akkz@ymail.com','2017-11-10','2017-10-26 11:21:16','2017-11-10 23:59:00',1,0),(22,'IM0561','930813045363','AFIQ NAZMI  RAMLI','2017-07-25','SHAVES2U','afiqnazmiofficial@gmail.com','2017-11-10','2017-10-26 11:21:16','2017-11-10 23:59:00',1,0),(23,'IM0563','980405015929','KALACHELUAM  A/L CHANDRA SEKARAN','2017-07-25','SHAVES2U','kalachelvam60@gmail.com','2017-11-10','2017-10-26 11:21:16','2017-11-10 23:59:00',1,0),(24,'IM0564','930308045338','NUR IRADAH ERNI  NASER','2017-07-25','SHAVES2U','nuriradaherni@yahoo.com','2017-11-10','2017-10-26 11:21:16','2017-11-10 23:59:00',1,0),(25,'LO0174','890314435072','WEI LING  WONG JASTY','2017-07-31','SHAVES2U','jasty.ling27@gmail.com','2017-11-10','2017-10-26 11:21:16','2017-11-10 23:59:00',1,0),(26,'LO0175','950328085044','NURDIANA  JAMAL ARIFFIN','2017-08-01','SHAVES2U','nurdianajamalll@gmail.com','2017-11-10','2017-10-26 11:21:16','2017-11-10 23:59:00',1,0),(27,'IM0566','940419086027','MOHAMMAD UTBAH MOHD NOH','2017-08-02','SHAVES2U','utbahmohdnoh94313@gmail.com','2017-11-10','2017-10-26 11:21:16','2017-11-10 23:59:00',1,0),(28,'LO0178','950220115395','MUHAMAD IZZAT KASSIM','2017-08-07','SHAVES2U','izzatkaasim81@gmial.com','2017-11-10','2017-10-26 11:21:16','2017-11-10 23:59:00',1,0),(29,'IM0572','940718145728','NURUL HIDAYAT ABD RAHIM','2017-08-11','SHAVES2U','nurulhidayat.ar@gmail.com','2017-11-10','2017-10-26 11:21:16','2017-11-10 23:59:00',1,0),(30,'LO0181','890726145223','KHANG WEI HENG BOSCO','2017-08-17','SHAVES2U','boscoheng@yahoo.com','2017-11-10','2017-10-26 11:21:16','2017-11-10 23:59:00',1,0),(31,'IM0582','990521055206','SITI AISYAH  MOHD NIZAM ','2017-08-23','SHAVES2U','aisyahnizam96@yahoo.com','2017-11-10','2017-10-26 11:21:16','2017-11-10 23:59:00',1,0),(32,'IM0577','990227055184','NUR AMIRAH  RUSDIN','2017-08-23','SHAVES2U','amirahrusdin@gmail.com','2017-11-10','2017-10-26 11:21:16','2017-11-10 23:59:00',1,0),(33,'IM0583','920803015276','AMIRA SYUHADA  BINTI ALIAS','2017-08-29','SHAVES2U','miaalias38@gmail.com','2017-11-10','2017-10-26 11:21:16','2017-11-10 23:59:00',1,0),(34,'IM0584','971104106267','YUKENTHIRAN S/O PRAKASH','2017-09-05','SHAVES2U','yukenthiran@yahoo.com','2017-11-10','2017-10-26 11:21:16','2017-11-10 23:59:00',1,0),(35,'LO0182','940901146219','SIVA-SREE-HARI  MUNIANDY','2017-09-06','SHAVES2U','sivasreehari@yahoo.com','2017-11-10','2017-10-26 11:21:16','2017-11-10 23:59:00',1,0),(36,'IM0591','940524146685','ASRAFF KHAFF HEIKHALL BIN ZAINAL ABIDIN','2017-09-05','SHAVES2U','asraff2405@gmail.com','2017-11-10','2017-10-26 11:21:16','2017-11-10 23:59:00',1,0),(37,'IM0594','930122086078','MAIZATUL AMALINA BINTI SUHAIMI','2017-09-12','SHAVES2U','maizatulamalina93@gmail.com','2017-11-10','2017-10-26 11:21:16','2017-11-10 23:59:00',1,0),(38,'IM0595','860427236523','MOHD NAZRI BIN MAJID','2017-09-12','SHAVES2U','jeerrya@gmail.com','2017-11-10','2017-10-26 11:21:16','2017-11-10 23:59:00',1,0),(39,'IM0601','910808016439','ABDUL HAQIM  BIN A.RAHMAN','2017-09-19','SHAVES2U','abdulhaqim91@gmail.com','2017-11-10','2017-10-26 11:21:16','2017-11-10 23:59:00',1,0),(40,'LO0184','960430065209','MUHAMMAD HISHAMUDIN ABDULLAH','2017-09-20','SHAVES2U','hisyamabdullah323@gmail.com','2017-11-10','2017-10-26 11:21:16','2017-11-10 23:59:00',1,0),(41,'LO0185','940205146354','MARIE  MOREIRA','2017-09-21','SHAVES2U','marie123moreira@yahoo.com','2017-11-10','2017-10-26 11:21:16','2017-11-10 23:59:00',1,0),(42,'LO0187','951211145802','JIA YI  LIM JANESSA','2017-09-27','SHAVES2U','janessa1195@gmail.com','2017-11-10','2017-10-26 11:21:16','2017-11-10 23:59:00',1,0),(43,'LO0188','941115136245','CHRIS DAREN RANTAI','2017-09-29','SHAVES2U','darenianrantai@gmail.com','2017-11-10','2017-10-26 11:21:16','2017-11-10 23:59:00',1,0),(44,'AR2901','900717105476','LIAN CHOY CIN','2017-01-02','SHAVES2U','rainbow_hut@hotmail.com','2017-11-10','2017-10-26 11:21:16','2017-11-10 23:59:00',1,0),(45,'LO0189','980518146271','SOON LEONG KONG ANSON','2017-10-06','SHAVES2U','ansonleong75@hotmail.com','2017-11-10','2017-10-26 11:21:16','2017-11-10 23:59:00',1,0),(46,'LO0191','900430105827','WEE KEONG WONG ','2017-10-09','SHAVES2U','keo900430@hotmail.com','2017-11-10','2017-10-26 11:21:16','2017-11-10 23:59:00',1,0),(47,'IM0613','920617086265','AHAMAD NASRI BIN HARUN','2017-10-10','SHAVES2U','nas_uda@yahoo.com','2017-11-10','2017-10-26 11:21:16','2017-11-10 23:59:00',1,0),(48,'IM0614','920613145942','NURAZLIN  BINTI MOHAMED ','2017-10-10','SHAVES2U','lynnmohamed92@gmail.com','2017-11-10','2017-10-26 11:21:16','2017-11-10 23:59:00',1,0),(49,'IM0615','890320085398','SITI KHADIJAH  BINTI ABD RAHMAN ','2017-10-10','SHAVES2U','gemsyjameel@gmail.com','2017-11-10','2017-10-26 11:21:16','2017-11-10 23:59:00',1,0),(50,'IM0617','880315145895','MOHAN RAO  A/L SUNDARAJOO','2017-10-13','SHAVES2U','moenrao@gmail.com','2017-11-10','2017-10-26 11:21:16','2017-11-10 23:59:00',1,0),(51,'IM0618','910817146745','ABDULLAH HUSNI  BIN AMIR HUSNI ','2017-10-16','SHAVES2U','mr.abdullahhusni@gmail.com','2017-11-10','2017-10-26 11:21:16','2017-11-10 23:59:00',1,0),(52,'IM0619','960224145881','MUHAMMAD AFIQ FITRI BIN ZAIN ARIFFIN','2017-10-24','SHAVES2U','afiqftr@gmail.com','2017-11-10','2017-10-26 11:21:16','2017-11-10 23:59:00',1,0),(53,'LO0194','970111935069','TEMUULEN  TARAZ','2017-10-24','SHAVES2U','ttemuulen@icloud.com','2017-11-10','2017-10-26 11:21:16','2017-11-10 23:59:00',1,0),(54,'DO00001','S9217590A','JASMINE LIM','2016-10-28','SHAVES2U','JASMINELIM.92@GMAIL.COM','2017-11-10','2017-10-26 11:21:16','2017-11-10 23:59:00',7,1),(55,'DO00097','S1445149H','NG SIAN NGOH','2016-10-28','SHAVES2U','SIANNGOH@GMAIL.COM','2017-11-10','2017-10-26 11:21:16','2017-11-10 23:59:00',7,1),(56,'DO00018','S9428722G','NG YU YANG','2016-10-28','SHAVES2U','NGYUYANG1@HOTMAIL.COM','2017-11-10','2017-10-26 11:21:16','2017-11-10 23:59:00',7,1),(57,'DO00079','S8922161G','WINCHELL NG','2016-10-28','SHAVES2U','YUKIWINCHELLDAVID@HOTMAIL.COM','2017-11-10','2017-10-26 11:21:16','2017-11-10 23:59:00',7,1),(58,'DO00035','S9643875C','LOH JIA YING','2016-10-28','SHAVES2U','LOHJIAYING159@HOTMAIL.COM','2017-11-10','2017-10-26 11:21:16','2017-11-10 23:59:00',7,1),(59,'DO00013','S9313599G','WONG KIN HENG','2016-10-28','SHAVES2U','MANUTD933@HOTMAIL.COM','2017-11-10','2017-10-26 11:21:16','2017-11-10 23:59:00',7,1),(60,'DO00022','S9140195I','OH ZHI GANG','2016-10-28','SHAVES2U','WAHPAINGEH1991@GMAIL.COM','2017-11-10','2017-10-26 11:21:17','2017-11-10 23:59:00',7,1),(61,'DO00055','S9048825B','MATTHEW TAN','2016-10-28','SHAVES2U','MATTHEWTJY1128@GMAIL.COM','2017-11-10','2017-10-26 11:21:17','2017-11-10 23:59:00',7,1),(62,'DO00003','S9303682D','LIM SI HUI CASSANDRA','2016-10-28','SHAVES2U','CLIMSIHUI@GMAIL.COM','2017-11-10','2017-10-26 11:21:17','2017-11-10 23:59:00',7,1),(63,'DO00078','S9343294J','ANG WEI XIANG','2016-10-28','SHAVES2U','ISORROPIA.SHADOW@GMAIL.COM','2017-11-10','2017-10-26 11:21:17','2017-11-10 23:59:00',7,1),(64,'DO00012','S9422690B','YEO WEI ZHONG','2016-11-02','SHAVES2U','WEIZHONG_YEO@HOTMAIL.COM','2017-11-10','2017-10-26 11:21:17','2017-11-10 23:59:00',7,1),(65,'DO00111','S9820707D','CELINE GOH','2016-12-30','SHAVES2U','CELINEGOH98@GMAIL.COM','2017-11-10','2017-10-26 11:21:17','2017-11-10 23:59:00',7,1),(66,'DO00117','S9328455J','NORMAN TAY','2017-02-01','SHAVES2U','G.CAMILIA@YAHOO.COM.SG','2017-11-10','2017-10-26 11:21:17','2017-11-10 23:59:00',7,0),(67,'DO00119','S7339880J','TAN POH POH (DAWN)','2017-02-01','SHAVES2U','G.CAMILIA@YAHOO.COM.SG','2017-11-10','2017-10-26 11:21:17','2017-11-10 23:59:00',7,0),(68,'DO00202','S9829847I','DIANA GIAM','2017-03-06','SHAVES2U','MAXISMASIE98@GMAIL.COM','2017-11-10','2017-10-26 11:21:17','2017-11-10 23:59:00',7,1),(69,'DO00209','S9621153H','HO HUI MIN','2017-03-20','SHAVES2U','HOHUIMIN@HOTMAIL.COM','2017-11-10','2017-10-26 11:21:17','2017-11-10 23:59:00',7,0),(70,'VO00002','S9410627C','LEK YONG ZEN, EDWIN','2017-03-31','SHAVES2U','MARIK_R9@HOTMAIL.COM','2017-11-10','2017-10-26 11:21:17','2017-11-10 23:59:00',7,1),(71,'VO00027','S9217961C','GOH HONG WEI','2017-04-03','SHAVES2U','GUNZBON222@HOTMAIL.COM','2017-11-10','2017-10-26 11:21:17','2017-11-10 23:59:00',7,1),(72,'VO00001','S8218307H','VELLE ONG SI SI','2017-04-03','SHAVES2U','VELLE@INFINITYORGANISATION.COM','2017-11-10','2017-10-26 11:21:17','2017-11-10 23:59:00',7,1),(73,'VO00010','S8900771B','CHERRON TEO','2017-04-05','SHAVES2U','TCHERRON89@YMAIL.COM','2017-11-10','2017-10-26 11:21:17','2017-11-10 23:59:00',7,1),(74,'VO00020','S9146115C','TENG HUI QI (WIN)','2017-04-10','SHAVES2U','WINWINQI@HOTMAIL.COM','2017-11-10','2017-10-26 11:21:17','2017-11-10 23:59:00',7,1),(75,'VO00021','S9121654Z','VICTOR LEE WEI DE','2017-04-10','SHAVES2U','VICTORJUNE263@GMAIL.COM','2017-11-10','2017-10-26 11:21:17','2017-11-10 23:59:00',7,1),(76,'VO00017','S8207236E','CHUNG MUN NGEE (MAGGIE)','2017-04-13','SHAVES2U','CMN_BLUE@YAHOO.COM.SG','2017-11-10','2017-10-26 11:21:17','2017-11-10 23:59:00',7,1),(77,'VO00036','S7909562A','SIM BOON SIANG (ANDY)','2017-04-13','SHAVES2U','ANDYSIM_79@YAHOO.COM.SG','2017-11-10','2017-10-26 11:21:17','2017-11-10 23:59:00',7,1),(78,'DO00215','S9347985H','GOH LI YI','2017-04-17','SHAVES2U','LYGOH004@GMAIL.COM','2017-11-10','2017-10-26 11:21:17','2017-11-10 23:59:00',7,1),(79,'VO00025','S9332027A','LIM SI HUI','2017-04-17','SHAVES2U','LIMSIHUI1@GMAIL.COM','2017-11-10','2017-10-26 11:21:17','2017-11-10 23:59:00',7,1),(80,'VO00031','S7429535E','KANG POH KIANG (KERENE)','2017-04-17','SHAVES2U','KERINE_KANG@HOTMAIL.COM','2017-11-10','2017-10-26 11:21:17','2017-11-10 23:59:00',7,0),(81,'VO00041','S9177000H','YAN LIHUI','2017-04-18','SHAVES2U','YANLIHUI918@GMAIL.COM','2017-11-10','2017-10-26 11:21:17','2017-11-10 23:59:00',7,0),(82,'VO00023','S9010870J','TEO CAISHAN','2017-04-21','SHAVES2U','CAISHAN_90@HOTMAIL.COM','2017-11-10','2017-10-26 11:21:17','2017-11-10 23:59:00',7,0),(83,'DO00221','S8716307E','NICHOLAS RYAN IAN','2017-04-24','SHAVES2U','NICHOLASRYAN.GDW@GMAIL.COM','2017-11-10','2017-10-26 11:21:17','2017-11-10 23:59:00',7,1),(84,'VO00005','S9018040A','TEO HUI PING, FELICIA','2017-04-24','SHAVES2U','FELICIATHP@GMAIL.COM','2017-11-10','2017-10-26 11:21:17','2017-11-10 23:59:00',7,0),(85,'VO00035','S8464199E','SOONG SIEW PING','2017-04-24','SHAVES2U','SUNNY.SOONG27@GMAIL.COM','2017-11-10','2017-10-26 11:21:17','2017-11-10 23:59:00',7,0),(86,'VO00026','S9728294C','AUGUSTINE YEO TING JIA','2017-04-24','SHAVES2U','AUGGYCLARITY@GMAIL.COM','2017-11-10','2017-10-26 11:21:17','2017-11-10 23:59:00',7,1),(87,'VO00007','S9370038D','SIN MAN YI','2017-05-01','SHAVES2U','SINMANYI@GMAIL.COM','2017-11-10','2017-10-26 11:21:17','2017-11-10 23:59:00',7,1),(88,'VO00004','S9035550C','CHONG SHU HUI MICHEL','2017-05-01','SHAVES2U','YUKI_MICHEL@HOTMAIL.COM','2017-11-10','2017-10-26 11:21:17','2017-11-10 23:59:00',7,1),(89,'VO00009','S9249499C','MOK WAN TING (KARIN)','2017-05-01','SHAVES2U','KARINMOKWANTING@HOTMAIL.COM','2017-11-10','2017-10-26 11:21:17','2017-11-10 23:59:00',7,0),(90,'VO00011','S8828076H','DAHLIA BINTE OMAR','2017-05-01','SHAVES2U','LYYAWHITE@HOTMAIL.COM','2017-11-10','2017-10-26 11:21:17','2017-11-10 23:59:00',7,1),(91,'VO00018','S8240804E','HO SHU FEN, ADELINE','2017-05-01','SHAVES2U','CHRIST_MAS_SG@YAHOO.COM','2017-11-10','2017-10-26 11:21:17','2017-11-10 23:59:00',7,0),(92,'VO00014','S9324837F','KOH XI ZHEN (ORANGE)','2017-05-01','SHAVES2U','XI-ZHEN103@HOTMAIL.COM','2017-11-10','2017-10-26 11:21:17','2017-11-10 23:59:00',7,1),(93,'DO00223','S8607685C','ASNAWI BIN RAHMAT','2017-05-05','SHAVES2U','ASNAWIRAHMAT@YAHOO.COM.SG','2017-11-10','2017-10-26 11:21:17','2017-11-10 23:59:00',7,1),(94,'DO00226','S9318646Z','GOH JIAN WEI','2017-05-11','SHAVES2U','SMARTIESONICE@GMAIL.COM','2017-11-10','2017-10-26 11:21:17','2017-11-10 23:59:00',7,0),(95,'DO00227','S9637105E','TAN YI LING ZOE','2017-05-11','SHAVES2U','ZOETYL@OUTLOOK.COM','2017-11-10','2017-10-26 11:21:17','2017-11-10 23:59:00',7,1),(96,'VO00038','S9543123B','HAW QIZHI','2017-05-17','SHAVES2U','QIZHI95@GMAIL.COM','2017-11-10','2017-10-26 11:21:17','2017-11-10 23:59:00',7,1),(97,'VO00040','S8436839C','YUE LEY SEE (VANESSA)','2017-05-18','SHAVES2U','VANYUE@HOTMAIL.COM','2017-11-10','2017-10-26 11:21:17','2017-11-10 23:59:00',7,1),(98,'VO00042','S7533463Z','AW SIAN GECK','2017-05-18','SHAVES2U','ASG98@HOTMAIL.COM','2017-11-10','2017-10-26 11:21:17','2017-11-10 23:59:00',7,0),(99,'VO00043','S8243278G','RACHELGINA JASMINE TAY SIEW GEK','2017-05-22','SHAVES2U','RACHEL.TAY@HOTMAIL.COM','2017-11-10','2017-10-26 11:21:17','2017-11-10 23:59:00',7,0),(100,'DO00230','S7426681I','SHEN FONG LAN','2017-06-02','SHAVES2U','SOHBERNARD@YAHOO.COM','2017-11-10','2017-10-26 11:21:17','2017-11-10 23:59:00',7,1),(101,'VO00047','S1602866E','TAN YONG HWA FRANKLIN','2017-06-09','SHAVES2U','FRANK.RENEWALCC@GMAIL.COM','2017-11-10','2017-10-26 11:21:17','2017-11-10 23:59:00',7,0),(102,'VO00049','S9374377F','LU SHIYU (BOBBY)','2017-06-09','SHAVES2U','BOBBYLU.CO@GMAIL.COM','2017-11-10','2017-10-26 11:21:17','2017-11-10 23:59:00',7,1),(103,'VO00048','S9334436G','CHIN MING HUI','2017-06-09','SHAVES2U','ETHANMINGHUI@GMAIL.COM','2017-11-10','2017-10-26 11:21:17','2017-11-10 23:59:00',7,1),(104,'VO00050','S6817789H','NEO AH HYE (JACKSON)','2017-06-13','SHAVES2U','JACKSON.NEO12@YAHOO.COM','2017-11-10','2017-10-26 11:21:17','2017-11-10 23:59:00',7,1),(105,'DO00235','S8612965E','TAY WEI HAO KELVIN','2017-06-19','SHAVES2U','KEVINTAY1986@GMAIL.COM','2017-11-10','2017-10-26 11:21:17','2017-11-10 23:59:00',7,1),(106,'VO00052','T0001201C','SHREYASH PRASAD','2017-06-22','SHAVES2U','KALASHPRASAD2000@OUTLOOK.SG','2017-11-10','2017-10-26 11:21:17','2017-11-10 23:59:00',7,0),(107,'VO00053','S7606135A','LOO CHIN SEONG JASON','2017-06-22','SHAVES2U','LOOCHINSEONGJASON@GMAIL.COM','2017-11-10','2017-10-26 11:21:17','2017-11-10 23:59:00',7,1),(108,'VO00054','S9827513D','TAN KAI WEN, KEITH','2017-06-23','SHAVES2U','WOSHIKEITHHH@GMAIL.COM','2017-11-10','2017-10-26 11:21:17','2017-11-10 23:59:00',7,0),(109,'VO00055','T0040909F','TAN XUAN RONG, XAVIER','2017-06-23','SHAVES2U','XAVIER37@YAHOO.COM.SG','2017-11-10','2017-10-26 11:21:17','2017-11-10 23:59:00',7,0),(110,'VO00056','S9674148J','CHATTERJEE SIMRAN','2017-06-29','SHAVES2U','SIMRAN_CHATTERJEE@HOTMAIL.COM','2017-11-10','2017-10-26 11:21:17','2017-11-10 23:59:00',7,0),(111,'DO00237','S9433404G','GOH MUN YAU','2017-07-03','SHAVES2U','MUNYAU94@HOTMAIL.COM','2017-11-10','2017-10-26 11:21:17','2017-11-10 23:59:00',7,0),(112,'VO00061','S9111063F','ELINA PAI SHU XIAN','2017-07-04','SHAVES2U','ELINAPAI91@GMAIL.COM','2017-11-10','2017-10-26 11:21:17','2017-11-10 23:59:00',7,1),(113,'VO00062','T0039086G','TAN JUN HAO, JADON','2017-07-04','SHAVES2U','JADONTANZ@GMAIL.COM','2017-11-10','2017-10-26 11:21:17','2017-11-10 23:59:00',7,0),(114,'VO00064','S9905982F','NORIDHUAN BIN ABD RAHAMAN','2017-07-04','SHAVES2U','RIDZSHANCO13@GMAIL.COM','2017-11-10','2017-10-26 11:21:17','2017-11-10 23:59:00',7,0),(115,'VO00060','T0027528F','THEN WEI SIONG (GARY)','2017-07-03','SHAVES2U','GARYWEIR81216@GMAIL.COM','2017-11-10','2017-10-26 11:21:17','2017-11-10 23:59:00',7,0),(116,'VO00065','S9370617Z','PANG TAI PING','2017-07-10','SHAVES2U','T.P.PANG@HOTMAIL.COM','2017-11-10','2017-10-26 11:21:17','2017-11-10 23:59:00',7,1),(117,'VO00066','S9633399D','CHUA JIAYING BERLYN','2017-07-12','SHAVES2U','NIL@GMAIL.COM','2017-11-10','2017-10-26 11:21:17','2017-11-10 23:59:00',7,0),(118,'VO00067','S7789642B','LEE AN NEE (ANN)','2017-07-14','SHAVES2U','ANGELYNALEE@GMAIL.COM','2017-11-10','2017-10-26 11:21:17','2017-11-10 23:59:00',7,1),(119,'DO00239','S7418337I','LEONG CHEN CHEN MAVIS','2017-08-01','SHAVES2U','FRUITY_032000@YAHOO.COM.SG','2017-11-10','2017-10-26 11:21:17','2017-11-10 23:59:00',7,0),(120,'DO00240','S8980112E','CHU THI THUY','2017-08-01','SHAVES2U','TRACYCHU218@GMAIL.COM','2017-11-10','2017-10-26 11:21:17','2017-11-10 23:59:00',7,0),(121,'VO00068','S8432105B','LIU ZHIHAO','2017-08-01','SHAVES2U','ZHIHAO@HOTMAIL.CO.UK','2017-11-10','2017-10-26 11:21:17','2017-11-10 23:59:00',7,1),(122,'VO00069','S9640157D','LIM POH JIE','2017-08-02','SHAVES2U','POHJIELIM@GMAIL.COM','2017-11-10','2017-10-26 11:21:17','2017-11-10 23:59:00',7,1),(123,'DO00242','S8306052B','SU JINHUI','2017-08-02','SHAVES2U','JSHOLDEM1983@GMAIL.COM','2017-11-10','2017-10-26 11:21:17','2017-11-10 23:59:00',7,1),(124,'DO00243','S9329793H','CALEB LIM YI XUAN','2017-08-04','SHAVES2U','CALEBLIM@HOTMAIL.COM','2017-11-10','2017-10-26 11:21:17','2017-11-10 23:59:00',7,0),(125,'DO00245','S9840007I','RAYNA TAN EN QI','2017-08-11','SHAVES2U','RAYNATEQ@GMAIL.COM','2017-11-10','2017-10-26 11:21:17','2017-11-10 23:59:00',7,0),(126,'VO00071','T0003088G','ONG XIN YI (CHERYL)','2017-08-08','SHAVES2U','CHERYLONELYGIRL123@GMAIL.COM','2017-11-10','2017-10-26 11:21:17','2017-11-10 23:59:00',7,0),(127,'VO00072','T0100935J','WONG KHAI KIN (ERIC)','2017-08-08','SHAVES2U','NIL@GMAIL.COM','2017-11-10','2017-10-26 11:21:17','2017-11-10 23:59:00',7,0),(128,'DO00246','S9426900H','NUR WASILAH','2017-08-14','SHAVES2U','NURWASILAH.MNS@GMAIL.COM','2017-11-10','2017-10-26 11:21:17','2017-11-10 23:59:00',7,0),(129,'DO00247','S9219595C','SANTINA VIVIEN J S','2017-08-14','SHAVES2U','THE.WHISPERS.OF.ANGELS@GMAIL.COM','2017-11-10','2017-10-26 11:21:17','2017-11-10 23:59:00',7,0),(130,'VO00073','S8532141B','CHUA GENG KUAN (KEN)','2017-08-15','SHAVES2U','NIL@GMAIL.COM','2017-11-10','2017-10-26 11:21:17','2017-11-10 23:59:00',7,1),(131,'VO00074','S8825443J','TAN GUO WEI','2017-08-21','SHAVES2U','GUOWEI1988@GMAIL.COM','2017-11-10','2017-10-26 11:21:17','2017-11-10 23:59:00',7,1),(132,'VO00075','S9123731H','JEREMY QUEK CHENG HWEE','2017-08-22','SHAVES2U','JEREMY619_911@HOTMAIL.COM','2017-11-10','2017-10-26 11:21:17','2017-11-10 23:59:00',7,0),(133,'VO00076','S9620417E','SAIRA BEGUM D/O MOHAMED ADAL','2017-08-22','SHAVES2U','SAIRA96@HOTMAIL.CO.UK','2017-11-10','2017-10-26 11:21:17','2017-11-10 23:59:00',7,0),(134,'DO00249','S1642525G','CHENG SHIOW ING BERENICE','2017-08-28','SHAVES2U','CHENGB2525@GMAIL.COM','2017-11-10','2017-10-26 11:21:17','2017-11-10 23:59:00',7,0),(135,'DO00248','S9672522A','DENNIS THEOPHILUS PALIT','2017-08-28','SHAVES2U','DT.PALIT@HOTMAIL.COM','2017-11-10','2017-10-26 11:21:17','2017-11-10 23:59:00',7,1),(136,'DO00250','S9313260B','PEH FEN NI FIONA','2017-08-28','SHAVES2U','FIONA_PEH@HOTMAIL.COM','2017-11-10','2017-10-26 11:21:17','2017-11-10 23:59:00',7,1),(137,'DO00251','S1442867D','YEOH LEE MUI, ALICE','2017-09-05','SHAVES2U','ALISONONG183@GMAIL.COM','2017-11-10','2017-10-26 11:21:17','2017-11-10 23:59:00',7,0),(138,'DO00252','S9615384H','SITI FARHANAH','2017-09-06','SHAVES2U','FARHANAH_55@HOTMAIL.COM','2017-11-10','2017-10-26 11:21:17','2017-11-10 23:59:00',7,0),(139,'VO00080','S9120687J','KOH HAO ZHI (ADAM)','2017-09-12','SHAVES2U','ADAMKOH91@GMAIL.COM','2017-11-10','2017-10-26 11:21:17','2017-11-10 23:59:00',7,1),(140,'DO00253','S9433696A','MUHAMMAD AKID SHAMIM','2017-09-13','SHAVES2U','AAKIDSHAMIM@GMAIL.COM','2017-11-10','2017-10-26 11:21:17','2017-11-10 23:59:00',7,0),(141,'VO00082','S1220991F','ANG SIAM HUA (PHILIP)','2017-09-18','SHAVES2U','PHILIPANGSIAMHUA@GMAIL.COM','2017-11-10','2017-10-26 11:21:17','2017-11-10 23:59:00',7,0),(142,'VO00083','T0110368C','POH JIA YING','2017-09-18','SHAVES2U','JIAYING_POH@YAHOO.COM','2017-11-10','2017-10-26 11:21:17','2017-11-10 23:59:00',7,1),(143,'DO00255','S9338229C','SHAUN CHUA SONG JUN','2017-09-25','SHAVES2U','FREEDOM681@HOTMAIL.COM','2017-11-10','2017-10-26 11:21:17','2017-11-10 23:59:00',7,1),(144,'DO00256','S8801948B','CHONG WEI LUN ALAN','2017-09-25','SHAVES2U','ALANCHONG0509@GMAIL.COM','2017-11-10','2017-10-26 11:21:17','2017-11-10 23:59:00',7,0),(145,'VO00085','S9742833F','KAVITA D/O MOHANA SUNDARAM','2017-09-22','SHAVES2U','KAVITA_1997@HOTMAIL.COM','2017-11-10','2017-10-26 11:21:17','2017-11-10 23:59:00',7,1),(146,'DO00257','S1670952B','LOH PENG CHEONG','2017-09-28','SHAVES2U','MYBRAINOS@GMAIL.COM','2017-11-10','2017-10-26 11:21:17','2017-11-10 23:59:00',7,1),(147,'DO00254','S9533703A','TAN WEI LIN, VANESSA','2017-09-28','SHAVES2U','VANESSA.TANWEILIN@GMAIL.COM','2017-11-10','2017-10-26 11:21:17','2017-11-10 23:59:00',7,1),(148,'DO00258','S8819238I','LEE WEI LIANG WILLIAM','2017-10-03','SHAVES2U','WLWL8886@HOTMAIL.COM','2017-11-10','2017-10-26 11:21:17','2017-11-10 23:59:00',7,1),(149,'DO00259','S9423939G','PRAKASH PALANICHAMY','2017-10-11','SHAVES2U','DAVID.PRASKASH17@GMAIL.COM','2017-11-10','2017-10-26 11:21:17','2017-11-10 23:59:00',7,1),(150,'DO00260','S9231695E','AMANDA PHUA ZINING','2017-10-22','SHAVES2U','AMANDA.0109@HOTMAIL.COM','2017-11-10','2017-10-26 11:21:17','2017-11-10 23:59:00',7,1),(151,'VO00088','S8733949C','NG MAY SHUANG, JACKLYN','2017-10-24','SHAVES2U','GNNYLKCAJ@GMAIL.COM','2017-11-10','2017-10-26 11:21:17','2017-11-10 23:59:00',7,1),(152,'VO00087','S8118780J','SIM PHENG CHYE (PETER)','2017-10-24','SHAVES2U','HELLINACELL1234@HOTMAIL.COM','2017-11-10','2017-10-26 11:21:17','2017-11-10 23:59:00',7,1),(153,'IM0623','931214127011','ALEXIS KETTS BATUCAL','2017-10-31','SHAVES2U','alexisbatucal@gmail.com','2017-11-10','2017-11-02 02:17:17','2017-11-10 23:59:00',1,0),(154,'LO0196','950223106099','TUO HUEI  GOH BRANDON','2017-11-02','SHAVES2U','gohtuohuei@gmail.com','2017-11-10','2017-11-07 06:01:17','2017-11-10 23:59:00',1,0),(155,'DO00261','S9338955G','DEWI NUR AQILA','2017-11-07','SHAVES2U','DEWI.NRAQILA@GMAIL.COM','2017-11-10','2017-11-08 04:30:00','2017-11-10 23:59:00',7,1);
/*!40000 ALTER TABLE `SellerUsers` ENABLE KEYS */;
UNLOCK TABLES;

--
-- Table structure for table `Skus`
--

DROP TABLE IF EXISTS `Skus`;
/*!40101 SET @saved_cs_client     = @@character_set_client */;
/*!40101 SET character_set_client = utf8 */;
CREATE TABLE `Skus` (
  `id` int(11) NOT NULL AUTO_INCREMENT,
  `sku` varchar(50) NOT NULL,
  `unit` varchar(30) DEFAULT NULL,
  `basedPrice` decimal(10,0) NOT NULL,
  `sellPrice` decimal(10,0) NOT NULL,
  `currency` varchar(5) NOT NULL,
  `rating` int(11) DEFAULT '0',
  `createdAt` datetime NOT NULL,
  `updatedAt` datetime NOT NULL,
  `ProductId` int(11) DEFAULT NULL,
  `CountryId` int(11) DEFAULT NULL,
  PRIMARY KEY (`id`),
  KEY `ProductId` (`ProductId`),
  KEY `CountryId` (`CountryId`),
  CONSTRAINT `Skus_ibfk_1` FOREIGN KEY (`ProductId`) REFERENCES `Products` (`id`) ON DELETE SET NULL ON UPDATE CASCADE,
  CONSTRAINT `Skus_ibfk_2` FOREIGN KEY (`CountryId`) REFERENCES `Countries` (`id`) ON DELETE SET NULL ON UPDATE CASCADE
) ENGINE=InnoDB DEFAULT CHARSET=utf8;
/*!40101 SET character_set_client = @saved_cs_client */;

--
-- Dumping data for table `Skus`
--

LOCK TABLES `Skus` WRITE;
/*!40000 ALTER TABLE `Skus` DISABLE KEYS */;
/*!40000 ALTER TABLE `Skus` ENABLE KEYS */;
UNLOCK TABLES;

--
-- Table structure for table `Subscriptions`
--

DROP TABLE IF EXISTS `Subscriptions`;
/*!40101 SET @saved_cs_client     = @@character_set_client */;
/*!40101 SET character_set_client = utf8 */;
CREATE TABLE `Subscriptions` (
  `id` int(11) NOT NULL AUTO_INCREMENT,
  `nextDeliverDate` date DEFAULT NULL,
  `startDeliverDate` date DEFAULT '2017-10-27',
  `expiredDateAt` date DEFAULT NULL,
  `currentDeliverNumber` int(11) DEFAULT '0',
  `totalDeliverTimes` int(11) DEFAULT '1',
  `nextChargeDate` date DEFAULT NULL,
  `currentChargeNumber` int(11) DEFAULT '0',
  `totalChargeTimes` int(11) DEFAULT '1',
  `currentOrderId` int(11) DEFAULT NULL,
  `status` enum('Processing','On Hold','Finished','Cancel') DEFAULT 'Processing',
  `fullname` varchar(50) DEFAULT NULL,
  `email` varchar(50) DEFAULT NULL,
  `phone` varchar(20) DEFAULT NULL,
  `discountPercent` int(11) DEFAULT '0',
  `qty` int(11) DEFAULT '0',
  `createdAt` datetime NOT NULL,
  `updatedAt` datetime NOT NULL,
  `CardId` int(11) DEFAULT NULL,
  `PlanId` int(11) DEFAULT NULL,
  `SellerUserId` int(11) DEFAULT NULL,
  `SkuId` int(11) DEFAULT NULL,
  `UserId` int(11) DEFAULT NULL,
  `DeliveryAddressId` int(11) DEFAULT NULL,
  `BillingAddressId` int(11) DEFAULT NULL,
  `PlanCountryId` int(11) DEFAULT NULL,
  PRIMARY KEY (`id`),
  KEY `CardId` (`CardId`),
  KEY `PlanId` (`PlanId`),
  KEY `SellerUserId` (`SellerUserId`),
  KEY `SkuId` (`SkuId`),
  KEY `UserId` (`UserId`),
  KEY `DeliveryAddressId` (`DeliveryAddressId`),
  KEY `BillingAddressId` (`BillingAddressId`),
  KEY `PlanCountryId` (`PlanCountryId`),
  CONSTRAINT `Subscriptions_ibfk_1` FOREIGN KEY (`CardId`) REFERENCES `Cards` (`id`) ON DELETE SET NULL ON UPDATE CASCADE,
  CONSTRAINT `Subscriptions_ibfk_2` FOREIGN KEY (`PlanId`) REFERENCES `Plans` (`id`) ON DELETE SET NULL ON UPDATE CASCADE,
  CONSTRAINT `Subscriptions_ibfk_3` FOREIGN KEY (`SellerUserId`) REFERENCES `SellerUsers` (`id`) ON DELETE SET NULL ON UPDATE CASCADE,
  CONSTRAINT `Subscriptions_ibfk_4` FOREIGN KEY (`SkuId`) REFERENCES `Skus` (`id`) ON DELETE SET NULL ON UPDATE CASCADE,
  CONSTRAINT `Subscriptions_ibfk_5` FOREIGN KEY (`UserId`) REFERENCES `Users` (`id`) ON DELETE SET NULL ON UPDATE CASCADE,
  CONSTRAINT `Subscriptions_ibfk_6` FOREIGN KEY (`DeliveryAddressId`) REFERENCES `DeliveryAddresses` (`id`) ON DELETE SET NULL ON UPDATE CASCADE,
  CONSTRAINT `Subscriptions_ibfk_7` FOREIGN KEY (`BillingAddressId`) REFERENCES `DeliveryAddresses` (`id`) ON DELETE SET NULL ON UPDATE CASCADE,
  CONSTRAINT `Subscriptions_ibfk_8` FOREIGN KEY (`PlanCountryId`) REFERENCES `PlanCountries` (`id`) ON DELETE SET NULL ON UPDATE CASCADE
) ENGINE=InnoDB AUTO_INCREMENT=243 DEFAULT CHARSET=utf8;
/*!40101 SET character_set_client = @saved_cs_client */;

--
-- Dumping data for table `Subscriptions`
--

LOCK TABLES `Subscriptions` WRITE;
/*!40000 ALTER TABLE `Subscriptions` DISABLE KEYS */;
INSERT INTO `Subscriptions` VALUES (1,NULL,'2018-01-26','2018-10-26',0,4,'2018-10-26',1,1,NULL,'Processing',NULL,'kimtn129@gmail.com',NULL,0,1,'2017-10-26 12:17:42','2017-10-26 12:17:42',1,NULL,NULL,NULL,1,1,1,1),(2,NULL,'2018-01-26','2018-10-26',0,4,'2018-01-26',1,4,NULL,'Processing',NULL,'ly@bonseyjaden.com',NULL,0,1,'2017-10-26 12:48:07','2017-10-26 12:48:07',NULL,NULL,NULL,NULL,NULL,2,2,3),(3,NULL,'2018-01-26','2018-10-26',0,4,'2017-11-26',1,12,NULL,'Processing',NULL,'ly@bonseyjaden.com',NULL,0,1,'2017-10-26 14:59:36','2017-10-26 14:59:36',NULL,NULL,NULL,NULL,NULL,2,2,7),(4,NULL,'2018-01-26','2018-10-26',0,4,'2018-10-26',1,1,NULL,'Processing',NULL,'ly@bonseyjaden.com',NULL,10,1,'2017-10-26 15:28:58','2017-10-26 15:28:58',NULL,NULL,NULL,NULL,NULL,2,5,5),(5,NULL,'2017-10-28','2018-10-27',0,4,'2018-10-27',1,1,NULL,'Processing',NULL,'mervin@bonseyjaden.com','+60123456789',0,1,'2017-10-27 02:17:50','2017-10-27 02:17:50',7,NULL,4,NULL,NULL,8,8,1),(6,NULL,'2018-01-27','2018-10-27',0,4,'2018-01-27',1,4,NULL,'Processing',NULL,'xqds@reddit.usa.cc',NULL,10,1,'2017-10-27 03:03:43','2017-10-27 03:03:43',10,NULL,NULL,NULL,16,9,7,3),(7,NULL,'2017-10-28','2018-10-27',0,4,'2018-10-27',1,1,NULL,'Processing',NULL,'test@gmail.com','+601234567890',0,1,'2017-10-27 03:10:24','2017-10-27 03:10:24',11,NULL,2,NULL,NULL,12,12,1),(8,NULL,'2018-01-27','2018-10-27',0,4,'2018-10-27',1,1,NULL,'Processing',NULL,'psds@dfg6.kozow.com',NULL,0,1,'2017-10-27 03:34:28','2017-10-27 03:34:28',12,NULL,NULL,NULL,20,13,13,1),(9,NULL,'2018-01-27','2018-10-27',0,4,'2018-01-27',1,4,NULL,'Processing',NULL,'psds@dfg6.kozow.com',NULL,0,1,'2017-10-27 03:51:36','2017-10-27 03:51:36',13,NULL,NULL,NULL,20,13,14,3),(10,NULL,'2018-01-27','2018-10-27',0,4,'2018-10-27',1,1,NULL,'Processing',NULL,'ly@bonseyjaden.com',NULL,0,1,'2017-10-27 03:55:10','2017-10-27 03:55:10',NULL,NULL,NULL,NULL,NULL,2,2,5),(11,NULL,'2018-01-27','2018-10-27',0,4,'2017-11-27',1,12,NULL,'Processing',NULL,'ly@bonseyjaden.com',NULL,0,1,'2017-10-27 03:55:52','2017-10-27 03:55:52',NULL,NULL,NULL,NULL,NULL,2,2,7),(12,NULL,'2018-01-27','2018-10-27',0,4,'2017-11-27',1,12,NULL,'Processing',NULL,'ly@bonseyjaden.com',NULL,0,1,'2017-10-27 03:59:31','2017-10-27 03:59:31',NULL,NULL,NULL,NULL,NULL,2,2,7),(13,NULL,'2018-01-27','2018-10-27',0,4,'2017-11-27',1,12,NULL,'Processing',NULL,'ly@bonseyjaden.com',NULL,10,1,'2017-10-27 07:03:05','2017-10-27 07:03:05',NULL,NULL,NULL,NULL,NULL,19,19,7),(14,NULL,'2018-01-27','2018-10-27',0,4,'2018-01-27',1,4,NULL,'Processing',NULL,'ly@bonseyjaden.com',NULL,10,1,'2017-10-27 07:03:05','2017-10-27 07:03:05',NULL,NULL,NULL,NULL,NULL,19,19,4),(15,NULL,'2018-01-27','2018-10-27',0,4,'2018-01-27',1,4,NULL,'Processing',NULL,'psds@dfg6.kozow.com',NULL,10,1,'2017-10-27 07:04:48','2017-10-27 07:04:48',24,NULL,NULL,NULL,20,13,25,3),(16,NULL,'2018-01-27','2018-10-27',0,4,'2017-11-27',1,12,NULL,'Processing',NULL,'oads@w.0w.ro',NULL,10,1,'2017-10-27 09:44:05','2017-10-27 09:44:05',28,NULL,NULL,NULL,23,26,26,7),(17,NULL,'2018-01-28','2018-10-28',0,4,'2018-01-28',1,4,NULL,'Processing',NULL,'ly@bonseyjaden.com',NULL,0,1,'2017-10-28 04:35:15','2017-10-28 04:35:15',NULL,NULL,NULL,NULL,NULL,19,20,4),(18,NULL,'2018-01-28','2018-10-28',0,4,'2017-11-28',1,12,NULL,'Processing',NULL,'ly@bonseyjaden.com',NULL,0,1,'2017-10-28 07:58:22','2017-10-28 07:58:22',NULL,NULL,NULL,NULL,NULL,19,19,8),(19,NULL,'2017-10-29','2018-10-28',0,4,'2018-01-28',1,4,NULL,'Processing',NULL,'weizi@bonseyjaden.com','+60698412568',0,1,'2017-10-28 08:42:38','2017-10-28 08:42:38',44,NULL,2,NULL,NULL,31,32,3),(20,NULL,'2017-10-29','2018-10-28',0,4,'2018-01-28',1,4,NULL,'Processing',NULL,'weizi@bonseyjaden.com','+60369854785',0,1,'2017-10-28 08:44:03','2017-10-28 08:44:03',46,NULL,2,NULL,NULL,33,33,6),(21,NULL,'2018-01-28','2018-10-28',0,4,'2018-10-28',1,1,NULL,'Processing',NULL,'weizi@bonseyjaden.com','+60698745896',0,1,'2017-10-28 09:31:53','2017-10-28 09:31:53',49,NULL,2,NULL,NULL,36,36,1),(22,NULL,'2018-01-28','2018-10-28',0,4,'2018-01-28',1,4,NULL,'Processing',NULL,'mres@o.cfo2go.ro',NULL,10,1,'2017-10-28 11:15:02','2017-10-28 11:15:02',54,NULL,NULL,NULL,37,38,38,3),(23,NULL,'2018-01-28','2018-10-28',0,4,'2018-01-28',1,4,NULL,'Processing',NULL,'mres@o.cfo2go.ro',NULL,10,1,'2017-10-28 11:19:47','2017-10-28 11:19:47',54,NULL,NULL,NULL,37,38,38,3),(24,NULL,'2017-10-29','2018-10-28',0,4,'2018-10-28',1,1,NULL,'Processing',NULL,'weizi@bonseyjaden.com','+60123654789',0,1,'2017-10-28 11:38:37','2017-10-28 11:38:37',55,NULL,2,NULL,NULL,39,39,1),(25,NULL,'2018-01-28','2018-10-28',0,4,'2017-11-28',1,12,NULL,'Processing',NULL,'ly@bonseyjaden.com',NULL,10,1,'2017-10-28 11:39:35','2017-10-28 11:39:35',48,NULL,NULL,NULL,NULL,19,20,7),(26,NULL,'2017-10-29','2018-10-28',0,4,'2018-10-28',1,1,NULL,'Processing',NULL,'mervin@bonseyjaden.com','+60123456789',0,1,'2017-10-28 12:02:36','2017-10-28 12:02:36',57,NULL,2,NULL,NULL,41,41,1),(27,NULL,'2018-01-28','2018-10-28',0,4,'2018-10-28',1,1,NULL,'Processing',NULL,'prabu@bonseyjaden.com',NULL,0,1,'2017-10-28 16:29:49','2017-10-28 16:29:49',59,NULL,NULL,NULL,42,43,43,1),(28,NULL,'2017-10-30','2018-10-29',0,4,'2018-01-29',1,4,NULL,'Processing',NULL,'mees@drivetagdev.com','+60123456789',10,1,'2017-10-29 04:29:50','2017-10-29 04:29:50',63,NULL,2,NULL,NULL,46,46,3),(29,NULL,'2018-01-29','2018-10-29',0,4,'2018-01-29',1,4,NULL,'Processing',NULL,'wtfs@cutout.club',NULL,0,1,'2017-10-29 04:30:11','2017-10-29 04:30:11',62,NULL,NULL,NULL,45,45,45,3),(30,NULL,'2018-01-29','2018-10-29',0,4,'2018-10-29',1,1,NULL,'Processing',NULL,'mees@drivetagdev.com',NULL,0,1,'2017-10-29 04:31:00','2017-10-29 04:31:00',61,NULL,NULL,NULL,44,46,46,5),(31,NULL,'2017-10-30','2018-10-29',0,4,'2018-01-29',1,4,NULL,'Processing',NULL,'ly@bonseyjaden.com','+60123456789',0,1,'2017-10-29 04:37:31','2017-10-29 04:37:31',64,NULL,2,NULL,NULL,47,47,3),(32,NULL,'2017-10-30','2018-10-29',0,4,'2018-01-29',1,4,NULL,'Processing',NULL,'ly@bonseyjaden.com','+60123456789',0,1,'2017-10-29 04:37:31','2017-10-29 04:37:31',64,NULL,2,NULL,NULL,47,47,6),(33,NULL,'2017-10-30','2018-10-29',0,4,'2018-01-29',1,4,NULL,'Processing',NULL,'ly@bonseyjaden.com','+60123456789',0,1,'2017-10-29 04:37:31','2017-10-29 04:37:31',64,NULL,2,NULL,NULL,47,47,4),(34,NULL,'2017-10-30','2018-10-29',0,4,'2018-10-29',1,1,NULL,'Processing',NULL,'vzfs@zhcne.com','+60123456789',0,1,'2017-10-29 04:45:47','2017-10-29 04:45:47',66,NULL,2,NULL,NULL,49,49,2),(35,NULL,'2018-01-29','2018-10-29',0,4,'2018-10-29',1,1,NULL,'Processing',NULL,'wtfs@cutout.club',NULL,0,1,'2017-10-29 04:48:13','2017-10-29 04:48:13',62,NULL,NULL,NULL,45,45,45,2),(36,NULL,'2018-01-29','2018-10-29',0,4,'2018-01-29',1,4,NULL,'Processing',NULL,'vzfs@zhcne.com',NULL,0,1,'2017-10-29 04:48:52','2017-10-29 04:48:52',65,NULL,NULL,NULL,46,49,49,6),(37,NULL,'2017-10-30','2018-10-29',0,4,'2018-01-29',1,4,NULL,'Processing',NULL,'jvfs@mnode.me','+60098765432',10,1,'2017-10-29 07:21:59','2017-10-29 07:21:59',68,NULL,2,NULL,NULL,50,50,6),(38,NULL,'2018-01-29','2018-10-29',0,4,'2018-01-29',1,4,NULL,'Processing',NULL,'mres@o.cfo2go.ro',NULL,10,1,'2017-10-29 09:33:53','2017-10-29 09:33:53',69,NULL,NULL,NULL,37,38,38,4),(39,NULL,'2018-01-29','2018-10-29',0,4,'2018-01-29',1,4,NULL,'Processing',NULL,'usfs@reddit.usa.cc',NULL,10,1,'2017-10-29 09:39:05','2017-10-29 09:39:05',70,NULL,NULL,NULL,48,51,51,3),(40,NULL,'2018-01-29','2018-10-29',0,4,'2018-10-29',1,1,NULL,'Processing',NULL,'kimtn129@gmail.com',NULL,0,9,'2017-10-29 17:11:25','2017-10-29 17:11:25',1,NULL,NULL,NULL,1,1,1,1),(41,NULL,'2017-10-31','2018-10-30',0,4,'2018-01-30',1,4,NULL,'Processing',NULL,'ly@bonseyjaden.com','+60123456789',0,1,'2017-10-30 01:45:31','2017-10-30 01:45:31',76,NULL,2,NULL,NULL,55,55,3),(44,NULL,'2018-01-30','2018-10-30',0,4,'2018-01-30',1,4,NULL,'Processing',NULL,'kimtn129@gmail.com',NULL,0,1,'2017-10-30 02:03:43','2017-10-30 02:03:43',1,NULL,NULL,NULL,1,1,1,4),(45,NULL,'2018-01-30','2018-10-30',0,4,'2018-01-30',1,4,NULL,'Processing',NULL,'kimtn129@gmail.com',NULL,0,1,'2017-10-30 02:03:43','2017-10-30 02:03:43',1,NULL,NULL,NULL,1,1,1,3),(46,NULL,'2018-01-30','2018-10-30',0,4,'2018-10-30',1,1,NULL,'Processing',NULL,'quy.thi.nhan@gmail.com',NULL,0,1,'2017-10-30 02:39:13','2017-10-30 02:39:13',80,NULL,NULL,NULL,49,56,56,1),(47,NULL,'2018-01-30','2018-10-30',0,4,'2018-01-30',1,4,NULL,'Processing',NULL,'zaclwz82@yahoo.com',NULL,10,1,'2017-10-30 02:42:27','2017-10-30 02:42:27',60,NULL,NULL,NULL,NULL,40,40,4),(48,NULL,'2018-01-30','2018-10-30',0,4,'2018-01-30',1,4,NULL,'Processing',NULL,'usfs@reddit.usa.cc',NULL,0,2,'2017-10-30 02:52:25','2017-10-30 02:52:25',70,NULL,NULL,NULL,48,51,51,3),(49,NULL,'2018-01-30','2018-10-30',0,4,'2018-01-30',1,4,NULL,'Processing',NULL,'ly@bonseyjaden.com',NULL,0,1,'2017-10-30 03:26:49','2017-10-30 03:26:49',73,NULL,NULL,NULL,NULL,55,55,3),(50,NULL,'2018-01-30','2018-10-30',0,4,'2018-01-30',1,4,NULL,'Processing',NULL,'weizi@bonseyjaden.com','+60123456789',0,1,'2017-10-30 06:36:10','2017-10-30 06:36:10',85,NULL,2,NULL,NULL,59,59,4),(51,NULL,'2017-10-31','2018-10-30',0,4,'2018-10-30',1,1,NULL,'Processing',NULL,'test@fmail.com','+601234567890',0,1,'2017-10-30 08:27:42','2017-10-30 08:27:42',87,NULL,2,NULL,NULL,60,60,1),(52,NULL,'2018-01-30','2018-10-30',0,4,'2018-01-30',1,4,NULL,'Processing',NULL,'cigs@sroff.com',NULL,0,1,'2017-10-30 09:52:49','2017-10-30 09:52:49',81,NULL,NULL,NULL,NULL,57,57,3),(53,NULL,'2018-01-30','2018-10-30',0,4,'2018-01-30',1,4,NULL,'Processing',NULL,'usfs@reddit.usa.cc',NULL,10,1,'2017-10-30 10:01:18','2017-10-30 10:01:18',70,NULL,NULL,NULL,48,51,51,3),(54,NULL,'2018-01-30','2018-10-30',0,4,'2018-10-30',1,1,NULL,'Processing',NULL,'ly@bonseyjaden.com',NULL,0,1,'2017-10-30 10:03:37','2017-10-30 10:03:37',73,NULL,NULL,NULL,NULL,55,55,1),(55,NULL,'2017-10-31','2018-10-30',0,4,'2018-10-30',1,1,NULL,'Processing',NULL,'test@gmail.com','+60123456789',0,1,'2017-10-30 10:12:30','2017-10-30 10:12:30',88,NULL,2,NULL,NULL,61,61,5),(56,NULL,'2018-01-30','2018-10-30',0,4,'2018-01-30',1,4,NULL,'Processing',NULL,'usfs@reddit.usa.cc',NULL,0,1,'2017-10-30 10:33:50','2017-10-30 10:33:50',84,NULL,NULL,NULL,48,51,51,3),(57,NULL,'2018-01-30','2018-10-30',0,4,'2018-01-30',1,4,NULL,'Processing',NULL,'ly@bonseyjaden.com',NULL,0,1,'2017-10-30 11:11:25','2017-10-30 11:11:25',90,NULL,NULL,NULL,NULL,63,63,3),(58,NULL,'2018-01-30','2018-10-30',0,4,'2018-10-30',1,1,NULL,'Processing',NULL,'abc@mailinator.com',NULL,10,1,'2017-10-30 14:31:59','2017-10-30 14:31:59',91,NULL,NULL,NULL,62,64,64,2),(59,NULL,'2018-01-30','2018-10-30',0,4,'2018-01-30',1,4,NULL,'Processing',NULL,'abc@mailinator.com',NULL,10,1,'2017-10-30 14:59:42','2017-10-30 14:59:42',91,NULL,NULL,NULL,62,64,64,3),(60,NULL,'2018-01-31','2018-10-31',0,4,'2018-01-31',1,4,NULL,'Processing',NULL,'ly@bonseyjaden.com',NULL,0,1,'2017-10-31 02:56:41','2017-10-31 02:56:41',73,NULL,NULL,NULL,NULL,55,55,4),(61,NULL,'2018-01-31','2018-10-31',0,4,'2018-01-31',1,4,NULL,'Processing',NULL,'abc@mailinator.com',NULL,0,1,'2017-10-31 03:29:16','2017-10-31 03:29:16',93,NULL,NULL,NULL,62,64,64,4),(68,'2017-11-01','2018-01-31','2018-10-31',0,4,'2018-01-31',1,4,NULL,'Processing',NULL,'lan2@mailinator.com',NULL,0,1,'2017-10-31 07:09:58','2017-10-31 07:09:58',112,NULL,NULL,NULL,NULL,81,81,3),(69,'2017-11-01','2018-01-31','2018-10-31',0,4,'2018-01-31',1,4,NULL,'Processing',NULL,'lan2@mailinator.com',NULL,0,1,'2017-10-31 07:11:11','2017-10-31 07:11:11',107,NULL,NULL,NULL,76,78,78,3),(70,'2017-11-01','2017-11-01','2018-10-31',0,4,'2018-10-31',1,1,NULL,'Processing',NULL,'test@gmail.com','+601234567890',0,1,'2017-10-31 07:14:31','2017-10-31 07:14:31',113,NULL,2,NULL,NULL,82,82,1),(71,'2017-11-01','2018-01-31','2018-10-31',0,4,'2018-01-31',1,4,NULL,'Processing',NULL,'lan1@mailinator.com',NULL,0,1,'2017-10-31 07:45:30','2017-11-09 03:08:42',117,NULL,NULL,NULL,69,84,76,16),(80,'2017-11-01','2018-01-31','2018-10-31',0,4,'2018-10-31',1,1,NULL,'Processing',NULL,'mervin@bonseyjaden.com',NULL,0,1,'2017-10-31 11:57:15','2017-10-31 11:57:15',125,NULL,NULL,NULL,80,86,86,1),(81,'2017-11-01','2018-01-31','2018-10-31',0,4,'2018-01-31',1,4,NULL,'Processing',NULL,'mervin@bonseyjaden.com',NULL,0,1,'2017-10-31 11:59:00','2017-10-31 11:59:00',125,NULL,NULL,NULL,80,86,86,6),(82,'2017-11-01','2017-11-02','2018-11-01',0,4,'2018-02-01',1,4,NULL,'Processing',NULL,'tester102@mailinator.com','+600123457698',10,1,'2017-11-01 01:56:27','2017-11-01 01:56:27',127,NULL,2,NULL,NULL,98,98,3),(83,'2017-11-01','2018-02-01','2018-11-01',0,4,'2018-11-01',1,1,NULL,'Processing',NULL,'ly.tranthao261@gmail.com',NULL,0,1,'2017-11-01 03:09:29','2017-11-02 11:49:25',164,NULL,NULL,NULL,8,99,99,1),(84,'2017-11-01','2018-02-01','2018-11-01',0,4,'2018-02-01',1,4,NULL,'Processing',NULL,'ly.tranthao261@gmail.com',NULL,0,1,'2017-11-01 03:48:58','2017-11-01 03:48:58',128,NULL,NULL,NULL,8,99,99,16),(85,'2017-11-01','2018-02-01','2018-11-01',0,4,'2018-02-01',1,4,NULL,'Processing',NULL,'ly.tranthao261@gmail.com',NULL,0,1,'2017-11-01 04:53:44','2017-11-01 04:53:44',129,NULL,NULL,NULL,8,101,102,6),(86,'2017-11-01','2018-02-01','2018-11-01',0,4,'2018-02-01',1,4,NULL,'Processing',NULL,'ngoclan@bonseyjaden.com',NULL,10,1,'2017-11-01 06:44:10','2017-11-01 06:44:10',135,NULL,NULL,NULL,7,107,107,4),(87,'2017-11-01','2018-02-01','2018-11-01',0,4,'2018-02-01',1,4,NULL,'Processing',NULL,'ngoclan@bonseyjaden.com',NULL,10,1,'2017-11-01 07:33:34','2017-11-01 07:33:34',138,NULL,NULL,NULL,7,108,108,4),(88,'2017-11-01','2018-02-01','2018-11-01',0,4,'2018-11-01',1,1,NULL,'Processing',NULL,'chuan@bonseyjaden.com',NULL,0,3,'2017-11-01 07:41:45','2017-11-01 07:41:45',140,NULL,NULL,NULL,93,113,112,1),(89,'2017-11-01','2018-02-01','2018-11-01',0,4,'2018-02-01',1,4,NULL,'Processing',NULL,'lan5@mailinator.com',NULL,10,1,'2017-11-01 08:13:13','2017-11-01 08:13:13',141,NULL,NULL,NULL,NULL,116,116,4),(90,'2017-11-01','2018-02-01','2018-11-01',0,4,'2018-11-01',1,1,NULL,'Processing',NULL,'qkgs@kazelink.ml',NULL,10,1,'2017-11-01 09:11:44','2017-11-01 09:11:44',146,NULL,NULL,NULL,NULL,117,117,2),(91,'2017-11-01','2018-02-01','2018-11-01',0,4,'2018-02-01',1,4,NULL,'Processing',NULL,'qkgs@kazelink.ml',NULL,10,1,'2017-11-01 09:11:44','2017-11-01 09:11:44',146,NULL,NULL,NULL,NULL,117,117,6),(92,'2017-11-02','2018-02-01','2018-11-01',0,4,'2018-02-01',1,4,NULL,'Processing',NULL,'ly@bonseyjaden.com',NULL,0,1,'2017-11-01 10:30:48','2017-11-01 10:30:48',79,NULL,NULL,NULL,NULL,55,19,6),(93,'2017-11-02','2018-02-01','2018-11-01',0,4,'2018-11-01',1,1,NULL,'Processing',NULL,'lan6@mailinator.com',NULL,10,1,'2017-11-01 10:35:12','2017-11-02 11:45:19',163,NULL,NULL,NULL,95,118,118,1),(94,'2017-11-02','2017-11-02','2018-11-01',0,4,'2018-02-01',1,4,NULL,'Processing',NULL,'lan7@mailinator.com','+600987654321',10,1,'2017-11-01 10:45:19','2017-11-01 10:45:19',149,NULL,2,NULL,NULL,119,119,4),(95,'2017-11-02','2018-02-01','2018-11-01',0,4,'2018-02-01',1,4,NULL,'Processing',NULL,'lan6@mailinator.com',NULL,0,1,'2017-11-01 10:51:09','2017-11-01 10:51:09',147,NULL,NULL,NULL,95,118,118,3),(96,'2017-11-02','2017-11-02','2018-11-01',0,4,'2018-02-01',1,4,NULL,'Processing',NULL,'lan7@mailinator.com','+600987654321',10,1,'2017-11-01 10:53:13','2017-11-01 10:53:13',154,NULL,2,NULL,NULL,124,124,4),(97,'2017-11-02','2018-02-02','2018-11-02',0,4,'2018-02-02',1,4,NULL,'Processing',NULL,'ly@bonseyjaden.com',NULL,0,1,'2017-11-02 01:35:22','2017-11-02 01:35:22',48,NULL,NULL,NULL,NULL,55,55,6),(98,'2017-11-03','2018-02-02','2018-11-02',0,4,'2018-02-02',1,4,NULL,'Processing',NULL,'ly@bonseyjaden.com',NULL,10,1,'2017-11-02 02:22:07','2017-11-07 14:58:43',215,NULL,NULL,NULL,97,125,125,16),(99,'2017-11-03','2018-02-02','2018-11-02',0,4,'2018-02-02',1,4,NULL,'Processing',NULL,'ly@bonseyjaden.com',NULL,0,1,'2017-11-02 02:25:06','2017-11-02 02:25:06',156,NULL,NULL,NULL,97,125,125,3),(100,'2017-11-03','2017-11-03','2018-11-02',0,4,'2018-11-02',1,1,NULL,'Processing',NULL,'test@gmail.com','+6012345644664',0,1,'2017-11-02 03:23:35','2017-11-02 03:23:35',159,NULL,2,NULL,NULL,127,127,1),(101,'2017-11-03','2018-02-02','2018-11-02',0,4,'2018-02-02',1,4,NULL,'Processing',NULL,'lan6@mailinator.com',NULL,10,1,'2017-11-02 03:43:00','2017-11-02 03:43:00',147,NULL,NULL,NULL,95,118,118,3),(102,'2017-11-03','2018-02-02','2018-11-02',0,4,'2018-11-02',1,1,NULL,'Processing',NULL,'ly@bonseyjaden.com',NULL,0,1,'2017-11-02 11:03:54','2017-11-02 11:03:54',161,NULL,NULL,NULL,NULL,130,130,1),(103,'2017-11-03','2018-02-02','2018-11-02',0,4,'2018-02-02',1,4,NULL,'Processing',NULL,'ly@bonseyjaden.com',NULL,10,1,'2017-11-02 11:30:14','2017-11-02 11:35:18',156,NULL,NULL,NULL,97,130,125,16),(104,'2017-11-03','2018-02-02','2018-11-02',0,4,'2018-02-02',1,4,NULL,'Processing',NULL,'lan6@mailinator.com',NULL,10,1,'2017-11-02 11:32:33','2017-11-02 11:32:33',163,NULL,NULL,NULL,95,118,118,16),(105,'2017-11-03','2018-02-02','2018-11-02',0,4,'2018-11-02',1,1,NULL,'Processing',NULL,'ly.tranthao261@gmail.com',NULL,0,1,'2017-11-02 11:47:21','2017-11-02 11:47:21',128,NULL,NULL,NULL,8,101,101,15),(106,'2017-11-03','2018-02-02','2018-11-02',0,4,'2018-02-02',1,4,NULL,'Processing',NULL,'zaclwz82@yahoo.com',NULL,10,1,'2017-11-02 11:51:01','2017-11-02 11:51:01',165,NULL,NULL,NULL,103,134,134,4),(107,'2017-11-03','2018-02-02','2018-11-02',0,4,'2018-11-02',1,1,NULL,'Processing',NULL,'thap@bonseyjaden.com',NULL,0,2,'2017-11-02 12:01:29','2017-11-02 12:01:52',166,NULL,NULL,NULL,5,126,126,1),(108,'2017-11-03','2018-02-02','2018-11-02',0,4,'2018-11-02',1,1,NULL,'Processing',NULL,'lan11@mailinator.com',NULL,0,1,'2017-11-02 12:11:41','2017-11-02 12:11:41',167,NULL,NULL,NULL,NULL,135,135,1),(109,'2017-11-03','2018-02-02','2018-11-02',0,4,'2018-02-02',1,4,NULL,'Processing',NULL,'ngoclan@bonseyjaden.com',NULL,10,1,'2017-11-02 12:13:48','2017-11-02 12:13:48',135,NULL,NULL,NULL,7,115,109,3),(110,'2017-11-03','2017-11-03','2018-11-02',0,4,'2018-11-02',1,1,NULL,'Processing',NULL,'test@gmail.com','+60123456789',0,2,'2017-11-02 13:50:28','2017-11-02 13:50:28',169,NULL,2,NULL,NULL,136,136,1),(111,'2017-11-03','2017-11-03','2018-11-02',0,4,'2018-11-02',1,1,NULL,'Processing',NULL,'test@gmail.com','+601234567890',0,1,'2017-11-02 13:53:00','2017-11-02 13:53:00',170,NULL,2,NULL,NULL,137,137,1),(112,'2017-11-03','2017-11-03','2018-11-02',0,4,'2018-11-02',1,1,NULL,'Processing',NULL,'test@gmail.com','+601234567890',0,1,'2017-11-02 14:02:35','2017-11-02 14:02:35',172,NULL,2,NULL,NULL,138,138,1),(113,'2017-11-03','2017-11-03','2018-11-02',0,4,'2018-11-02',1,1,NULL,'Processing',NULL,'test@gmail.com','+601234567890123',0,1,'2017-11-02 14:03:49','2017-11-02 14:03:49',173,NULL,2,NULL,NULL,139,139,1),(114,'2017-11-03','2017-11-03','2018-11-02',0,4,'2018-11-02',1,1,NULL,'Processing',NULL,'kimtn129@gmail.com','+60165348846',0,1,'2017-11-02 15:33:24','2017-11-02 15:33:24',175,NULL,2,NULL,NULL,141,141,1),(115,'2017-11-03','2017-11-03','2018-11-02',0,4,'2018-11-02',1,1,NULL,'Processing',NULL,'kimtn129@gmail.com','+60656494958',0,1,'2017-11-02 16:21:47','2017-11-02 16:21:47',176,NULL,2,NULL,NULL,142,142,2),(116,'2017-11-03','2017-11-03','2018-11-02',0,4,'2018-02-02',1,4,NULL,'Processing',NULL,'lan6@mailinator.com','+600987654321',10,1,'2017-11-02 23:51:59','2017-11-02 23:51:59',178,NULL,2,NULL,NULL,144,144,3),(117,'2017-11-03','2018-02-02','2018-11-02',0,4,'2018-11-02',1,1,NULL,'Processing',NULL,'lan6@mailinator.com','+600987654321',10,1,'2017-11-02 23:51:59','2017-11-02 23:51:59',178,NULL,2,NULL,NULL,144,144,5),(118,'2017-11-03','2017-11-04','2018-11-03',0,4,'2018-11-03',1,1,NULL,'Processing',NULL,'lan6@mailinator.com','+600987654321',10,1,'2017-11-03 01:20:59','2017-11-03 01:20:59',179,NULL,2,NULL,NULL,145,145,2),(119,'2017-11-03','2018-02-03','2018-11-03',0,4,'2018-02-03',1,4,NULL,'Processing',NULL,'lan6@mailinator.com','+600987654321',10,1,'2017-11-03 01:20:59','2017-11-03 01:20:59',179,NULL,2,NULL,NULL,145,145,6),(120,'2017-11-03','2017-11-04','2018-11-03',0,4,'2018-11-03',1,1,NULL,'Processing',NULL,'tranminhlan07t1@gmail.com','+60123456789',0,1,'2017-11-03 01:33:31','2017-11-03 01:33:31',180,NULL,2,NULL,NULL,146,146,1),(121,'2017-11-04','2018-02-03','2018-11-03',0,4,'2018-02-03',1,4,NULL,'Processing',NULL,'nguyen@mailinator.com',NULL,10,1,'2017-11-03 02:40:33','2017-11-03 02:40:33',181,NULL,NULL,NULL,NULL,148,148,16),(122,'2017-11-04','2018-02-03','2018-11-03',0,4,'2018-11-03',1,1,NULL,'Processing',NULL,'nguyen@mailinator.com',NULL,0,1,'2017-11-03 02:45:51','2017-11-03 02:52:44',182,NULL,NULL,NULL,112,148,148,1),(123,'2017-11-04','2018-02-03','2018-11-03',0,4,'2018-02-03',1,4,NULL,'Processing',NULL,'nguyen2@mailinator.com',NULL,10,1,'2017-11-03 02:59:12','2017-11-03 02:59:12',183,NULL,NULL,NULL,NULL,150,150,4),(124,'2017-11-04','2018-02-03','2018-11-03',0,4,'2018-02-03',1,4,NULL,'Processing',NULL,'nguyen1@mailinator.com',NULL,0,1,'2017-11-03 03:29:31','2017-11-03 03:29:31',184,NULL,NULL,NULL,NULL,153,153,16),(125,'2017-11-04','2017-11-04','2018-11-03',0,4,'2018-11-03',1,1,NULL,'Processing',NULL,'tranminhlan07t1@gmail.com','+601234567890',0,1,'2017-11-03 03:36:07','2017-11-03 03:36:07',186,NULL,2,NULL,NULL,155,155,1),(126,'2017-11-04','2018-02-03','2018-11-03',0,4,'2018-02-03',1,4,NULL,'Processing',NULL,'thap@bonseyjaden.com',NULL,0,1,'2017-11-03 03:46:49','2017-11-03 03:46:49',157,NULL,NULL,NULL,5,126,126,4),(127,'2017-11-04','2018-02-03','2018-11-03',0,4,'2018-02-03',1,4,NULL,'Processing',NULL,'nguyen3@mailinator.com',NULL,10,1,'2017-11-03 03:46:52','2017-11-03 03:46:52',187,NULL,NULL,NULL,NULL,156,156,16),(128,'2017-11-04','2018-02-03','2018-11-03',0,4,'2018-02-03',1,4,NULL,'Processing',NULL,'lan6@mailinator.com','+60098765432',0,1,'2017-11-03 03:49:31','2017-11-03 03:49:31',188,NULL,2,NULL,NULL,157,157,3),(129,'2017-11-04','2017-11-04','2018-11-03',0,4,'2018-11-03',1,1,NULL,'Processing',NULL,'lan6@mailinator.com','+60098765432',0,1,'2017-11-03 03:49:31','2017-11-03 03:49:31',188,NULL,2,NULL,NULL,157,157,1),(130,'2017-11-04','2018-02-03','2018-11-03',0,4,'2018-02-03',1,4,NULL,'Processing',NULL,'lan6@mailinator.com','+600987654321',0,1,'2017-11-03 03:52:09','2017-11-03 03:52:09',189,NULL,2,NULL,NULL,158,158,3),(131,'2017-11-04','2017-11-04','2018-11-03',0,4,'2018-11-03',1,1,NULL,'Processing',NULL,'lan6@mailinator.com','+600987654321',0,1,'2017-11-03 03:52:09','2017-11-03 03:52:09',189,NULL,2,NULL,NULL,158,158,5),(132,'2017-11-04','2017-11-04','2018-11-03',0,4,'2018-11-03',1,1,NULL,'Processing',NULL,'lan6@mailinator.com','+600987654321',0,1,'2017-11-03 04:00:39','2017-11-03 04:00:39',190,NULL,2,NULL,NULL,159,159,1),(133,'2017-11-04','2018-02-03','2018-11-03',0,4,'2018-02-03',1,4,NULL,'Processing',NULL,'lan6@mailinator.com','+600987654321',0,1,'2017-11-03 04:00:39','2017-11-03 04:00:39',190,NULL,2,NULL,NULL,159,159,6),(134,'2017-11-04','2018-02-03','2018-11-03',0,4,'2018-11-03',1,1,NULL,'Processing',NULL,'test@gmail.com','+601234567890',0,1,'2017-11-03 04:09:00','2017-11-03 04:09:00',191,NULL,2,NULL,NULL,160,160,2),(135,'2017-11-04','2017-11-04','2018-11-03',0,4,'2018-11-03',1,1,NULL,'Processing',NULL,'test@gmail.com','+601234567890',0,1,'2017-11-03 04:17:50','2017-11-03 04:17:50',192,NULL,2,NULL,NULL,161,161,1),(136,'2017-11-04','2018-02-03','2018-11-03',0,4,'2018-11-03',1,1,NULL,'Processing',NULL,'test@gmail.com','+601234567890',0,1,'2017-11-03 04:17:50','2017-11-03 04:17:50',192,NULL,2,NULL,NULL,161,161,2),(137,'2017-11-04','2018-02-03','2018-11-03',0,4,'2018-02-03',1,4,NULL,'Processing',NULL,'zaclwz82@yahoo.com',NULL,0,1,'2017-11-03 04:19:28','2017-11-03 04:19:28',165,NULL,NULL,NULL,103,134,134,6),(138,'2017-11-04','2017-11-04','2018-11-03',0,4,'2018-11-03',1,1,NULL,'Processing',NULL,'test@gmail.com','+60123456789',0,1,'2017-11-03 04:40:08','2017-11-03 04:40:08',194,NULL,2,NULL,NULL,163,163,1),(139,'2017-11-04','2018-02-03','2018-11-03',0,4,'2018-11-03',1,1,NULL,'Processing',NULL,'lty01@mailinator.com',NULL,0,1,'2017-11-03 05:37:12','2017-11-03 05:37:12',195,NULL,NULL,NULL,NULL,164,164,2),(140,'2017-11-04','2017-11-04','2018-11-03',0,4,'2018-11-03',1,1,NULL,'Processing',NULL,'lty01@mailinator.com','+603164972134',0,1,'2017-11-03 05:54:25','2017-11-03 05:54:25',197,NULL,4,NULL,NULL,166,166,1),(141,'2017-11-04','2017-11-04','2018-11-03',0,4,'2018-02-03',1,4,NULL,'Processing',NULL,'lty01@mailinator.com','+60639854705',0,1,'2017-11-03 06:08:46','2017-11-03 06:08:46',199,NULL,4,NULL,NULL,167,167,3),(142,'2017-11-04','2018-02-03','2018-11-03',0,4,'2018-11-03',1,1,NULL,'Processing',NULL,'lty01@mailinator.com',NULL,0,1,'2017-11-03 06:13:44','2017-11-03 06:13:44',196,NULL,NULL,NULL,118,165,165,2),(143,'2017-11-04','2017-11-04','2018-11-03',0,4,'2018-11-03',1,1,NULL,'Processing',NULL,'lan6@mailinator.com','+600987654321',0,1,'2017-11-03 06:44:06','2017-11-03 06:44:06',201,NULL,2,NULL,NULL,169,169,1),(144,'2017-11-04','2017-11-04','2018-11-03',0,4,'2018-11-03',1,1,NULL,'Processing',NULL,'test@gmail.com','+601234567890',0,1,'2017-11-03 07:03:24','2017-11-03 07:03:24',202,NULL,2,NULL,NULL,170,170,1),(145,'2017-11-04','2018-02-03','2018-11-03',0,4,'2018-11-03',1,1,NULL,'Processing',NULL,'test@gmail.com','+601234567890',0,1,'2017-11-03 07:03:24','2017-11-03 07:03:24',202,NULL,2,NULL,NULL,170,170,5),(146,'2017-11-04','2017-11-04','2018-11-03',0,4,'2018-11-03',1,1,NULL,'Processing',NULL,'tranminhlan07t1@gmail.com','+60123456789',0,1,'2017-11-03 07:15:06','2017-11-03 07:15:06',203,NULL,2,NULL,NULL,171,171,1),(147,'2017-11-04','2018-02-03','2018-11-03',0,4,'2018-02-03',1,4,NULL,'Processing',NULL,'kimtn129@gmail.com',NULL,0,1,'2017-11-03 07:16:56','2017-11-03 07:16:56',1,NULL,NULL,NULL,1,142,142,4),(148,'2017-11-04','2017-11-04','2018-11-03',0,4,'2018-11-03',1,1,NULL,'Processing',NULL,'tranminhlan07t1@gmail.com','+601234567890',0,1,'2017-11-03 07:20:00','2017-11-03 07:20:00',204,NULL,2,NULL,NULL,172,172,1),(149,'2017-11-04','2017-11-04','2018-11-03',0,4,'2018-11-03',1,1,NULL,'Processing',NULL,'lan6@mailinator.com','+600987654321',10,1,'2017-11-03 07:23:03','2017-11-03 07:23:03',205,NULL,2,NULL,NULL,173,173,1),(150,'2017-11-04','2018-02-03','2018-11-03',0,4,'2018-02-03',1,4,NULL,'Processing',NULL,'lan6@mailinator.com','+600987654321',10,1,'2017-11-03 07:23:03','2017-11-03 07:23:03',205,NULL,2,NULL,NULL,173,173,6),(151,'2017-11-04','2018-02-03','2018-11-03',0,4,'2018-02-03',1,4,NULL,'Processing',NULL,'ngoclan@bonseyjaden.com',NULL,10,1,'2017-11-03 08:00:22','2017-11-03 08:00:22',135,NULL,NULL,NULL,7,115,109,16),(152,'2017-11-04','2018-02-03','2018-11-03',0,4,'2018-02-03',1,4,NULL,'Processing',NULL,'kimtn129@gmail.com',NULL,0,1,'2017-11-03 08:21:07','2017-11-03 08:21:07',1,NULL,NULL,NULL,1,142,142,3),(153,'2017-11-04','2018-02-03','2018-11-03',0,4,'2018-11-03',1,1,NULL,'Processing',NULL,'kimtn129@gmail.com',NULL,0,1,'2017-11-03 08:21:07','2017-11-03 08:21:07',1,NULL,NULL,NULL,1,142,142,1),(154,'2017-11-04','2018-02-03','2018-11-03',0,4,'2018-11-03',1,1,NULL,'Processing',NULL,'kimtn129@gmail.com',NULL,0,1,'2017-11-03 08:21:07','2017-11-03 08:21:07',1,NULL,NULL,NULL,1,142,142,2),(155,'2017-11-04','2018-02-03','2018-11-03',0,4,'2018-11-03',1,1,NULL,'Processing',NULL,'kimtn129@gmail.com',NULL,0,1,'2017-11-03 08:21:07','2017-11-03 08:21:07',1,NULL,NULL,NULL,1,142,142,5),(156,'2017-11-04','2018-02-03','2018-11-03',0,4,'2018-02-03',1,4,NULL,'Processing',NULL,'ngoclan@bonseyjaden.com',NULL,0,1,'2017-11-03 09:04:08','2017-11-03 09:04:08',135,NULL,NULL,NULL,7,115,109,3),(157,'2017-11-04','2017-11-04','2018-11-03',0,4,'2018-11-03',1,1,NULL,'Processing',NULL,'mervin@bonseyjaden.com','+60123456789',0,1,'2017-11-03 09:10:40','2017-11-03 09:10:40',212,NULL,2,NULL,NULL,175,175,1),(158,'2017-11-04','2018-02-03','2018-11-03',0,4,'2018-02-03',1,4,NULL,'Processing',NULL,'nguyen5@mailinator.com',NULL,10,1,'2017-11-03 09:43:48','2017-11-03 09:43:48',213,NULL,NULL,NULL,122,176,176,16),(159,'2017-11-04','2018-02-03','2018-11-03',0,4,'2018-11-03',1,1,NULL,'Processing',NULL,'ngoclan@bonseyjaden.com',NULL,0,1,'2017-11-03 10:05:05','2017-11-03 10:05:05',135,NULL,NULL,NULL,7,115,109,10),(160,'2017-11-04','2018-02-03','2018-11-03',0,4,'2018-02-03',1,4,NULL,'Processing',NULL,'ngoclan@bonseyjaden.com',NULL,10,1,'2017-11-03 10:13:45','2017-11-03 10:13:45',135,NULL,NULL,NULL,7,115,109,3),(161,'2017-11-04','2017-11-04','2018-11-03',0,4,'2018-11-03',1,1,NULL,'Processing',NULL,'test@gmail.com','+601234564879',0,7,'2017-11-03 10:24:22','2017-11-03 10:24:22',214,NULL,2,NULL,NULL,178,178,1),(162,'2017-11-04','2018-02-03','2018-11-03',0,4,'2018-02-03',1,4,NULL,'Processing',NULL,'ly@bonseyjaden.com',NULL,0,1,'2017-11-03 10:33:01','2017-11-03 10:33:01',162,NULL,NULL,NULL,97,125,125,4),(163,'2017-11-04','2018-02-03','2018-11-03',0,4,'2018-11-03',1,1,NULL,'Processing',NULL,'ly@bonseyjaden.com',NULL,10,1,'2017-11-03 10:44:41','2017-11-03 10:44:41',215,NULL,NULL,NULL,97,125,125,5),(164,'2017-11-04','2018-02-03','2018-11-03',0,4,'2018-02-03',1,4,NULL,'Processing',NULL,'ly@bonseyjaden.com',NULL,0,1,'2017-11-03 11:15:04','2017-11-03 11:15:04',156,NULL,NULL,NULL,97,125,125,3),(165,'2017-11-04','2018-02-03','2018-11-03',0,4,'2018-02-03',1,4,NULL,'Processing',NULL,'mervin@bonseyjaden.com',NULL,0,2,'2017-11-03 11:42:33','2017-11-03 11:42:33',125,NULL,NULL,NULL,80,86,86,4),(166,'2017-11-05','2018-02-05','2018-11-05',0,4,'2018-02-05',1,4,NULL,'Processing',NULL,'dposavac@gmail.com',NULL,0,1,'2017-11-05 03:28:08','2017-11-05 03:28:08',219,NULL,NULL,NULL,128,185,185,4),(167,'2017-11-05','2018-02-05','2018-11-05',0,4,'2018-02-05',1,4,NULL,'Processing',NULL,'Dposavac@gmail.com',NULL,0,1,'2017-11-05 04:04:30','2017-11-05 04:04:30',220,NULL,NULL,NULL,128,186,186,4),(168,'2017-11-05','2018-02-06','2018-11-06',0,4,'2018-02-06',1,4,NULL,'Processing',NULL,'durifto@gmail.com',NULL,0,1,'2017-11-06 01:12:44','2017-11-06 01:12:44',221,NULL,NULL,NULL,131,187,187,4),(169,'2017-11-05','2018-02-06','2018-11-06',0,4,'2018-11-06',1,1,NULL,'Processing',NULL,'Sanjayh@gmail.com',NULL,0,1,'2017-11-06 02:15:56','2017-11-06 02:15:56',225,NULL,NULL,NULL,134,191,191,15),(170,'2017-11-05','2018-02-06','2018-11-06',0,4,'2018-11-06',1,1,NULL,'Processing',NULL,'nguyen8@mailinator.com',NULL,10,1,'2017-11-06 04:14:59','2017-11-06 04:14:59',227,NULL,NULL,NULL,137,192,192,1),(171,'2017-11-07','2018-02-06','2018-11-06',0,4,'2018-02-06',1,4,NULL,'Processing',NULL,'chuan@bonseyjaden.com',NULL,0,1,'2017-11-06 05:04:07','2017-11-06 05:04:07',229,NULL,NULL,NULL,93,194,194,3),(172,'2017-11-07','2018-02-06','2018-11-06',0,4,'2018-02-06',1,4,NULL,'Processing',NULL,'nguyen9@mailinator.com',NULL,10,1,'2017-11-06 08:06:30','2017-11-06 08:06:30',233,NULL,NULL,NULL,142,199,199,16),(173,'2017-11-07','2018-02-06','2018-11-06',0,4,'2018-11-06',1,1,NULL,'Processing',NULL,'ly@bonseyjaden.com',NULL,10,1,'2017-11-06 10:32:07','2017-11-06 10:32:07',215,NULL,NULL,NULL,97,125,125,6),(174,'2017-11-07','2018-02-06','2018-11-06',0,4,'2018-11-06',1,1,NULL,'Processing',NULL,'lan11@mailinator.com',NULL,10,1,'2017-11-06 10:57:59','2017-11-06 10:57:59',237,NULL,NULL,NULL,105,207,207,1),(175,'2017-11-07','2018-02-06','2018-11-06',0,4,'2018-02-06',1,4,NULL,'Processing',NULL,'mervin@bonseyjaden.com','+60153486789',0,1,'2017-11-06 11:42:09','2017-11-06 11:42:09',241,NULL,2,NULL,NULL,212,212,3),(176,'2017-11-07','2018-02-06','2018-11-06',0,4,'2018-02-06',1,4,NULL,'Processing',NULL,'abc@gmail.com',NULL,10,1,'2017-11-06 13:19:53','2017-11-06 13:19:53',242,NULL,NULL,NULL,92,214,214,4),(177,'2017-11-07','2018-02-06','2018-11-06',0,4,'2018-11-06',1,1,NULL,'Processing',NULL,'Xjdhdh@djdjd.com',NULL,0,1,'2017-11-06 23:05:36','2017-11-06 23:05:36',244,NULL,NULL,NULL,146,215,215,15),(178,'2017-11-07','2017-11-08','2018-11-07',0,4,'2018-11-07',1,1,NULL,'Processing',NULL,'test@gmail.com','+60133556889',0,2,'2017-11-07 03:09:28','2017-11-07 03:09:28',246,NULL,2,NULL,NULL,216,216,1),(179,'2017-11-08','2018-02-07','2018-11-07',0,4,'2018-02-07',1,4,NULL,'Processing',NULL,'lwz01@mailinator.com',NULL,0,1,'2017-11-07 07:33:53','2017-11-07 07:33:53',248,NULL,NULL,NULL,154,218,218,4),(180,'2017-11-08','2018-02-07','2018-11-07',0,4,'2018-11-07',1,1,NULL,'Processing',NULL,'ybdao@bonseyjaden.com',NULL,0,1,'2017-11-07 07:42:49','2017-11-07 08:18:41',251,NULL,NULL,NULL,152,219,219,2),(181,'2017-11-08','2018-02-07','2018-11-07',0,4,'2018-02-07',1,4,NULL,'Processing',NULL,'lan15@mailinator.com',NULL,0,1,'2017-11-07 07:49:06','2017-11-07 07:49:06',250,NULL,NULL,NULL,155,220,221,3),(182,'2017-11-08','2018-02-07','2018-11-07',0,4,'2018-11-07',1,1,NULL,'Processing',NULL,'ybdao@bonseyjaden.com',NULL,0,1,'2017-11-07 10:03:47','2017-11-09 09:47:08',285,NULL,NULL,NULL,152,219,219,15),(183,'2017-11-08','2018-02-07','2018-11-07',0,4,'2018-11-07',1,1,NULL,'Processing',NULL,'ly@bonseyjaden.com',NULL,10,1,'2017-11-07 14:56:45','2017-11-07 14:56:45',156,NULL,NULL,NULL,97,125,125,6),(184,'2017-11-08','2018-02-07','2018-11-07',0,4,'2018-02-07',1,4,NULL,'Processing',NULL,'ly@bonseyjaden.com',NULL,0,1,'2017-11-07 15:19:08','2017-11-07 15:19:08',156,NULL,NULL,NULL,97,125,125,16),(185,'2017-11-08','2018-02-07','2018-11-07',0,4,'2018-11-07',1,1,NULL,'Processing',NULL,'ly@bonseyjaden.com',NULL,0,1,'2017-11-07 15:20:12','2017-11-07 15:20:12',156,NULL,NULL,NULL,97,125,125,6),(186,'2017-11-08','2018-02-08','2018-11-08',0,4,'2018-11-08',1,1,NULL,'Processing',NULL,'weikhern@gmail.com',NULL,10,1,'2017-11-08 00:40:20','2017-11-08 00:40:20',253,NULL,NULL,NULL,156,229,229,15),(187,'2017-11-08','2018-02-08','2018-11-08',0,4,'2018-11-08',1,1,NULL,'Processing',NULL,'bdao@gmail.com',NULL,0,1,'2017-11-08 01:51:50','2017-11-08 01:51:50',254,NULL,NULL,NULL,158,203,203,1),(188,'2017-11-08','2018-02-08','2018-11-08',0,4,'2018-02-08',1,4,NULL,'Processing',NULL,'ly@bonseyjaden.com',NULL,0,1,'2017-11-08 03:34:30','2017-11-08 03:34:30',215,NULL,NULL,NULL,97,125,125,3),(189,'2017-11-08','2018-02-08','2018-11-08',0,4,'2018-11-08',1,1,NULL,'Processing',NULL,'ybdao@bonseyjaden.com',NULL,0,1,'2017-11-08 07:43:47','2017-11-08 08:32:15',263,NULL,NULL,NULL,152,219,219,2),(190,'2017-11-10','2018-02-09','2018-11-09',0,4,'2018-02-09',1,4,NULL,'Processing',NULL,'lan21@mailinator.com',NULL,0,1,'2017-11-09 02:33:19','2017-11-09 02:33:19',267,NULL,NULL,NULL,163,241,241,16),(191,'2017-11-10','2017-11-10','2018-11-09',0,4,'2018-11-09',1,1,NULL,'Processing',NULL,'test@gmail.com','+601234567890',0,1,'2017-11-09 03:07:46','2017-11-09 03:07:46',269,NULL,2,NULL,NULL,242,242,15),(192,'2017-11-10','2017-11-10','2018-11-09',0,4,'2018-11-09',1,1,NULL,'Processing',NULL,'phanmy.vnu@gmail.com','+601323423443',0,4,'2017-11-09 03:23:32','2017-11-09 03:23:32',270,NULL,2,NULL,NULL,243,243,15),(193,'2017-11-10','2017-11-10','2018-11-09',0,4,'2018-11-09',1,1,NULL,'Processing',NULL,'phanmy.vnu@gmail.com','+601323423443',0,10,'2017-11-09 03:23:32','2017-11-09 03:23:32',270,NULL,2,NULL,NULL,243,243,1),(194,'2017-11-10','2017-11-10','2018-11-09',0,4,'2018-11-09',1,1,NULL,'Processing',NULL,'tranminhlan07t1@gmail.com','+601234564879',0,1,'2017-11-09 04:09:13','2017-11-09 04:09:13',273,NULL,2,NULL,NULL,248,248,15),(195,'2017-11-10','2017-11-10','2018-11-09',0,4,'2018-11-09',1,1,NULL,'Processing',NULL,'tranminhlan07t1@gmail.com','+601234567890',0,1,'2017-11-09 04:11:32','2017-11-09 04:11:32',274,NULL,2,NULL,NULL,249,249,15),(196,'2017-11-10','2018-02-09','2018-11-09',0,4,'2018-11-09',1,1,NULL,'Processing',NULL,'ybdao@bonseyjaden.com',NULL,0,1,'2017-11-09 04:47:36','2017-11-09 04:47:36',251,NULL,NULL,NULL,152,236,236,1),(197,'2018-02-09','2018-02-09','2018-11-09',0,4,'2018-11-09',1,1,NULL,'Processing',NULL,'lty01@mailinator.com','+60123456789',0,2,'2017-11-09 05:28:57','2017-11-09 05:28:57',278,NULL,2,NULL,NULL,253,253,1),(198,'2018-02-09','2018-02-09','2018-11-09',0,4,'2018-11-09',1,1,NULL,'Processing',NULL,'lty01@mailinator.com',NULL,0,1,'2017-11-09 05:32:18','2017-11-09 05:32:18',279,NULL,NULL,NULL,118,254,254,2),(199,'2018-02-09','2018-02-09','2018-11-09',0,4,'2018-11-09',1,1,NULL,'Processing',NULL,'lan22@mailinator.com',NULL,0,1,'2017-11-09 07:10:52','2017-11-09 07:10:52',271,NULL,NULL,NULL,172,245,245,6),(200,'2018-02-09','2018-02-09','2018-11-09',0,4,'2018-11-09',1,1,NULL,'Processing',NULL,'lan22@mailinator.com',NULL,10,1,'2017-11-09 07:18:26','2017-11-09 07:18:26',271,NULL,NULL,NULL,172,245,245,6),(201,'2018-02-09','2018-02-09','2018-11-09',0,4,'2018-02-09',1,4,NULL,'Processing',NULL,'ybdao@bonseyjaden.com',NULL,0,1,'2017-11-09 08:12:25','2017-11-09 08:12:25',263,NULL,NULL,NULL,152,255,255,16),(202,'2018-02-09','2018-02-09','2018-11-09',0,4,'2018-02-09',1,4,NULL,'Processing',NULL,'lan25@mailinator.com',NULL,0,1,'2017-11-09 09:13:38','2017-11-09 09:13:38',286,NULL,NULL,NULL,178,257,257,16),(203,'2018-02-09','2018-02-09','2018-11-09',0,4,'2018-11-09',1,1,NULL,'Processing',NULL,'ybdao@bonseyjaden.com',NULL,0,1,'2017-11-09 09:50:15','2017-11-09 09:50:15',285,NULL,NULL,NULL,152,255,255,2),(204,'2018-02-10','2018-02-10','2018-11-10',0,4,'2018-11-10',1,1,NULL,'Processing',NULL,'weikhern@gmail.com',NULL,0,1,'2017-11-10 00:24:02','2017-11-10 00:24:02',287,NULL,NULL,NULL,156,269,269,15),(205,'2018-02-10','2017-11-11','2018-11-10',0,4,'2018-02-10',1,4,NULL,'Processing',NULL,'test@gmail.com','+601234567890',10,3,'2017-11-10 01:55:25','2017-11-10 01:55:25',288,NULL,2,NULL,79,270,270,16),(206,'2018-02-10','2018-02-10','2018-11-10',0,4,'2018-11-10',1,1,NULL,'Processing',NULL,'lan27@mailinator.com',NULL,10,1,'2017-11-10 02:10:25','2017-11-10 02:10:25',289,NULL,NULL,NULL,181,271,271,15),(207,'2018-02-10','2017-11-11','2018-11-10',0,4,'2018-11-10',1,1,NULL,'Processing',NULL,'tranminhlan07t1@gmail.com','+65231645246162',0,1,'2017-11-10 07:31:07','2017-11-10 07:31:07',307,NULL,54,NULL,35,281,281,25),(208,'2018-02-10','2018-02-10','2018-11-10',0,4,'2018-02-10',1,4,NULL,'Processing',NULL,'lan22@mailinator.com',NULL,0,1,'2017-11-10 08:01:27','2017-11-10 08:01:27',308,NULL,NULL,NULL,172,280,280,4),(209,'2018-02-10','2018-02-10','2018-11-10',0,4,'2018-02-10',1,4,NULL,'Processing',NULL,'lan22@mailinator.com',NULL,0,1,'2017-11-10 08:17:23','2017-11-10 08:17:23',271,NULL,NULL,NULL,172,261,261,4),(210,'2018-02-10','2018-02-10','2018-11-10',0,4,'2018-02-10',1,4,NULL,'Processing',NULL,'lan22@mailinator.com',NULL,0,1,'2017-11-10 08:41:25','2017-11-10 08:41:25',309,NULL,NULL,NULL,172,282,282,16),(211,'2018-02-10','2018-02-10','2018-11-10',0,4,'2018-11-10',1,1,NULL,'Processing',NULL,'thap@bonseyjaden.com',NULL,0,1,'2017-11-10 08:50:26','2017-11-10 08:50:26',157,NULL,NULL,NULL,5,126,126,10),(212,'2018-02-10','2018-02-10','2018-11-10',0,4,'2018-11-10',1,1,NULL,'Processing',NULL,'lan22@mailinator.com',NULL,0,1,'2017-11-10 09:52:49','2017-11-10 09:52:49',317,NULL,NULL,NULL,172,286,286,2),(213,'2018-02-10','2018-02-10','2018-11-10',0,4,'2018-11-10',1,1,NULL,'Processing',NULL,'lan22@mailinator.com',NULL,0,1,'2017-11-10 10:14:06','2017-11-10 10:14:06',309,NULL,NULL,NULL,172,261,261,1),(214,'2018-02-10','2018-02-10','2018-11-10',0,4,'2018-11-10',1,1,NULL,'Processing',NULL,'lan22@mailinator.com',NULL,0,1,'2017-11-10 10:14:06','2017-11-10 10:14:06',309,NULL,NULL,NULL,172,261,261,15),(215,'2018-02-10','2018-02-10','2018-11-10',0,4,'2018-11-10',1,1,NULL,'Processing',NULL,'thap@bonseyjaden.com',NULL,0,1,'2017-11-10 10:51:32','2017-11-10 10:51:32',157,NULL,NULL,NULL,5,126,126,15),(216,'2018-02-10','2018-02-10','2018-11-10',0,4,'2018-11-10',1,1,NULL,'Processing',NULL,'thap@bonseyjaden.com',NULL,0,1,'2017-11-10 10:57:24','2017-11-10 10:57:24',157,NULL,NULL,NULL,5,126,126,15),(217,'2018-02-10','2017-11-11','2018-11-10',0,4,'2018-11-10',1,1,NULL,'Processing',NULL,'phanmy.vnu@gmail.com','+601423434456',0,5,'2017-11-10 10:57:45','2017-11-10 10:57:45',328,NULL,2,NULL,150,289,289,15),(218,'2018-02-10','2018-02-10','2018-11-10',0,4,'2018-11-10',1,1,NULL,'Processing',NULL,'lan22@mailinator.com',NULL,0,1,'2017-11-10 10:58:01','2017-11-10 10:58:01',318,NULL,NULL,NULL,172,287,287,15),(219,'2018-02-10','2018-02-10','2018-11-10',0,4,'2018-02-10',1,4,NULL,'Processing',NULL,'soso01@mailinator.com',NULL,0,1,'2017-11-10 10:59:12','2017-11-10 10:59:12',329,NULL,NULL,NULL,190,290,290,3),(220,'2018-02-10','2018-02-10','2018-11-10',0,4,'2018-02-10',1,4,NULL,'Processing',NULL,'lan22@mailinator.com',NULL,0,1,'2017-11-10 11:12:32','2017-11-10 11:12:32',309,NULL,NULL,NULL,172,261,261,3),(231,'2018-02-10','2018-02-10','2018-11-10',0,4,'2018-11-10',1,1,NULL,'Processing',NULL,'thap@bonseyjaden.com',NULL,0,1,'2017-11-10 11:32:13','2017-11-10 11:32:13',157,NULL,NULL,NULL,5,126,126,15),(232,'2018-02-10','2018-02-10','2018-11-10',0,4,'2018-02-10',1,4,NULL,'Processing',NULL,'hungvo@bonseyjaden.com','+65',0,1,'2017-11-10 11:34:18','2017-11-10 11:34:18',338,NULL,54,NULL,43,288,288,33),(233,'2018-02-10','2018-02-10','2018-11-10',0,4,'2018-02-10',1,4,NULL,'Processing',NULL,'hungvo@bonseyjaden.com','+65',0,1,'2017-11-10 11:34:18','2017-11-10 11:34:18',338,NULL,54,NULL,43,288,288,31),(234,'2018-02-10','2018-02-10','2018-11-10',0,4,'2018-02-10',1,4,NULL,'Processing',NULL,'kim@bonseyjaden.com','+65231231313141',0,1,'2017-11-10 11:36:10','2017-11-10 11:36:10',340,NULL,54,NULL,194,293,293,33),(235,'2018-02-10','2018-02-10','2018-11-10',0,4,'2018-02-10',1,4,NULL,'Processing',NULL,'kim@bonseyjaden.com','+65231231313141',0,1,'2017-11-10 11:36:10','2017-11-10 11:36:10',340,NULL,54,NULL,194,293,293,29),(236,'2018-02-10','2017-11-11','2018-11-10',0,4,'2018-11-10',1,1,NULL,'Processing',NULL,'lan.tra.@gmail.com','+6512345645464',0,1,'2017-11-10 12:06:49','2017-11-10 12:06:49',342,NULL,54,NULL,195,294,294,19),(237,'2018-02-10','2017-11-11','2018-11-10',0,4,'2018-11-10',1,1,NULL,'Processing',NULL,'who@mailinator.com','+653645789054',0,2,'2017-11-10 12:30:49','2017-11-10 12:30:49',343,NULL,54,NULL,196,295,295,23),(238,'2018-02-10','2018-02-10','2018-11-10',0,4,'2018-02-10',1,4,NULL,'Processing',NULL,'hungvo@bonseyjaden.com','+6512345567890',0,1,'2017-11-10 13:02:57','2017-11-10 13:02:57',344,NULL,54,NULL,43,288,288,29),(239,'2018-02-10','2018-02-10','2018-11-10',0,4,'2018-02-10',1,4,NULL,'Processing',NULL,'hungvo@bonseyjaden.com','+6512345567890',0,1,'2017-11-10 13:02:57','2017-11-10 13:02:57',344,NULL,54,NULL,43,288,288,31),(240,'2018-02-10','2017-11-11','2018-11-10',0,4,'2018-11-10',1,1,NULL,'Processing',NULL,'Soso01@mailinator.com','+65123456789',0,1,'2017-11-10 13:55:18','2017-11-10 13:55:18',345,NULL,54,NULL,190,296,296,19),(241,'2018-02-10','2018-02-10','2018-11-10',0,4,'2018-02-10',1,4,NULL,'Processing',NULL,'Soso01@mailinator.com','+65123456789',0,1,'2017-11-10 13:55:18','2017-11-10 13:55:18',345,NULL,54,NULL,190,296,296,27),(242,'2018-02-11','2018-02-11','2018-11-11',0,4,'2018-02-11',1,4,NULL,'Processing',NULL,'lan22@mailinator.com',NULL,0,1,'2017-11-11 02:02:11','2017-11-11 02:02:11',309,NULL,NULL,NULL,172,261,261,6);
/*!40000 ALTER TABLE `Subscriptions` ENABLE KEYS */;
UNLOCK TABLES;

--
-- Table structure for table `UsedTokens`
--

DROP TABLE IF EXISTS `UsedTokens`;
/*!40101 SET @saved_cs_client     = @@character_set_client */;
/*!40101 SET character_set_client = utf8 */;
CREATE TABLE `UsedTokens` (
  `id` int(11) NOT NULL AUTO_INCREMENT,
  `token` varchar(200) NOT NULL,
  `createdAt` datetime NOT NULL,
  `updatedAt` datetime NOT NULL,
  `OrderId` varchar(12) DEFAULT NULL,
  PRIMARY KEY (`id`),
  KEY `OrderId` (`OrderId`),
  CONSTRAINT `UsedTokens_ibfk_1` FOREIGN KEY (`OrderId`) REFERENCES `Orders` (`id`) ON DELETE SET NULL ON UPDATE CASCADE
) ENGINE=InnoDB DEFAULT CHARSET=utf8;
/*!40101 SET character_set_client = @saved_cs_client */;

--
-- Dumping data for table `UsedTokens`
--

LOCK TABLES `UsedTokens` WRITE;
/*!40000 ALTER TABLE `UsedTokens` DISABLE KEYS */;
/*!40000 ALTER TABLE `UsedTokens` ENABLE KEYS */;
UNLOCK TABLES;

--
-- Table structure for table `UserTypes`
--

DROP TABLE IF EXISTS `UserTypes`;
/*!40101 SET @saved_cs_client     = @@character_set_client */;
/*!40101 SET character_set_client = utf8 */;
CREATE TABLE `UserTypes` (
  `id` int(11) NOT NULL AUTO_INCREMENT,
  `name` varchar(30) NOT NULL,
  PRIMARY KEY (`id`)
) ENGINE=InnoDB DEFAULT CHARSET=utf8;
/*!40101 SET character_set_client = @saved_cs_client */;

--
-- Dumping data for table `UserTypes`
--

LOCK TABLES `UserTypes` WRITE;
/*!40000 ALTER TABLE `UserTypes` DISABLE KEYS */;
/*!40000 ALTER TABLE `UserTypes` ENABLE KEYS */;
UNLOCK TABLES;

--
-- Table structure for table `Users`
--

DROP TABLE IF EXISTS `Users`;
/*!40101 SET @saved_cs_client     = @@character_set_client */;
/*!40101 SET character_set_client = utf8 */;
CREATE TABLE `Users` (
  `id` int(11) NOT NULL AUTO_INCREMENT,
  `email` varchar(50) NOT NULL,
  `password` varchar(50) DEFAULT NULL,
  `firstName` varchar(20) DEFAULT NULL,
  `lastName` varchar(30) DEFAULT NULL,
  `socialId` varchar(50) DEFAULT NULL,
  `birthday` date DEFAULT NULL,
  `gender` enum('male','female') DEFAULT NULL,
  `defaultLanguage` varchar(3) DEFAULT 'en',
  `defaultDateFormat` varchar(20) DEFAULT 'yyyy/MM/dd',
  `avatarUrl` varchar(200) DEFAULT NULL,
  `notificationSettings` varchar(255) DEFAULT '[]',
  `isActive` tinyint(1) DEFAULT '0',
  `defaultShipping` int(11) DEFAULT NULL,
  `defaultBilling` int(11) DEFAULT NULL,
  `hasReceiveOffer` tinyint(1) DEFAULT '1',
  `createdAt` datetime NOT NULL,
  `updatedAt` datetime NOT NULL,
  `CountryId` int(11) DEFAULT NULL,
  `NotificationTypeId` int(11) DEFAULT NULL,
  `isGuest` tinyint(4) DEFAULT '0',
  `UserTypeId` int(11) DEFAULT NULL,
  PRIMARY KEY (`id`),
  UNIQUE KEY `email` (`email`),
  UNIQUE KEY `Users_email_unique` (`email`),
  KEY `CountryId` (`CountryId`),
  KEY `NotificationTypeId` (`NotificationTypeId`),
  KEY `UserTypeId` (`UserTypeId`),
  CONSTRAINT `Users_ibfk_1` FOREIGN KEY (`CountryId`) REFERENCES `Countries` (`id`) ON DELETE SET NULL ON UPDATE CASCADE,
  CONSTRAINT `Users_ibfk_2` FOREIGN KEY (`NotificationTypeId`) REFERENCES `NotificationTypes` (`id`) ON DELETE SET NULL ON UPDATE CASCADE,
  CONSTRAINT `Users_ibfk_3` FOREIGN KEY (`UserTypeId`) REFERENCES `UserTypes` (`id`) ON DELETE SET NULL ON UPDATE CASCADE
) ENGINE=InnoDB AUTO_INCREMENT=197 DEFAULT CHARSET=utf8;
/*!40101 SET character_set_client = @saved_cs_client */;

--
-- Dumping data for table `Users`
--

LOCK TABLES `Users` WRITE;
/*!40000 ALTER TABLE `Users` DISABLE KEYS */;
INSERT INTO `Users` VALUES (1,'kimtn129@gmail.com','0192023a7bbd73250516f069df18b500','Thi','Thi Nhuoc',NULL,'1985-05-02','male','en','yyyy/MM/dd',NULL,'[]',1,142,142,1,'2017-10-26 11:20:43','2017-11-03 08:06:03',1,NULL,0,1),(4,'rpyy@mailfs.com','a906449d5769fa7361d7ecc6aa3f6d28','Lan','Nguyen',NULL,NULL,NULL,'en','yyyy/MM/dd',NULL,'[]',0,NULL,NULL,1,'2017-10-26 12:13:33','2017-10-26 12:13:33',1,NULL,0,NULL),(5,'thap@bonseyjaden.com','bfd59291e825b5f2bbf1eb76569f8fe7','Thap','Nguyen Vu',NULL,NULL,NULL,'en','yyyy/MM/dd',NULL,'[]',1,126,NULL,1,'2017-10-26 12:15:58','2017-11-10 08:58:10',1,NULL,0,NULL),(6,'vfcs@rkomo.com','a906449d5769fa7361d7ecc6aa3f6d28','A','B',NULL,NULL,NULL,'en','yyyy/MM/dd',NULL,'[]',0,NULL,NULL,1,'2017-10-26 12:18:02','2017-10-26 12:18:02',1,NULL,0,NULL),(7,'ngoclan@bonseyjaden.com','a906449d5769fa7361d7ecc6aa3f6d28','Lan','Nguyen',NULL,NULL,NULL,'en','yyyy/MM/dd',NULL,'[]',1,115,109,1,'2017-10-26 12:21:22','2017-11-08 16:12:20',1,NULL,0,NULL),(8,'ly.tranthao261@gmail.com','0192023a7bbd73250516f069df18b500','ly','tran',NULL,NULL,NULL,'en','yyyy/MM/dd',NULL,'[]',1,101,102,1,'2017-10-26 12:32:25','2017-11-01 04:50:54',1,NULL,0,NULL),(9,'yloaht261@gmail.com','0192023a7bbd73250516f069df18b500','ly','tran',NULL,NULL,NULL,'en','yyyy/MM/dd',NULL,'[]',1,NULL,NULL,1,'2017-10-26 14:33:02','2017-11-01 02:30:24',1,NULL,0,NULL),(10,'zocs@xing886.uu.gl','a906449d5769fa7361d7ecc6aa3f6d28','Lan','Nguyen',NULL,NULL,NULL,'en','yyyy/MM/dd',NULL,'[]',0,NULL,NULL,1,'2017-10-26 15:54:16','2017-10-26 15:54:16',1,NULL,0,NULL),(11,'nguyenngoclan714@gmail.com','a906449d5769fa7361d7ecc6aa3f6d28','AB','CD',NULL,NULL,NULL,'en','yyyy/MM/dd',NULL,'[]',0,NULL,NULL,1,'2017-10-26 23:43:38','2017-10-26 23:43:38',1,NULL,0,NULL),(12,'ofds@uacro.com','a906449d5769fa7361d7ecc6aa3f6d28','AB','CD',NULL,NULL,NULL,'en','yyyy/MM/dd',NULL,'[]',0,NULL,NULL,1,'2017-10-27 01:15:19','2017-10-27 01:15:19',1,NULL,0,NULL),(14,'awds@inclusiveprogress.com','a906449d5769fa7361d7ecc6aa3f6d28','AB','CD',NULL,NULL,NULL,'en','yyyy/MM/dd',NULL,'[]',0,NULL,NULL,1,'2017-10-27 01:35:51','2017-10-27 01:35:51',1,NULL,0,NULL),(15,'wvds@nezzart.com','a906449d5769fa7361d7ecc6aa3f6d28','ÂB','CD',NULL,NULL,NULL,'en','yyyy/MM/dd',NULL,'[]',1,NULL,NULL,1,'2017-10-27 01:45:36','2017-10-27 02:28:42',1,NULL,0,NULL),(16,'xqds@reddit.usa.cc','a906449d5769fa7361d7ecc6aa3f6d28','AB','CD',NULL,NULL,NULL,'en','yyyy/MM/dd',NULL,'[]',1,9,NULL,1,'2017-10-27 01:59:08','2017-10-27 02:26:57',1,NULL,0,NULL),(17,'vothanhhung.cntt3@gmail.com',NULL,'Võ','Thành','1734023486684640',NULL,'male','en','yyyy/MM/dd',NULL,'[]',0,NULL,NULL,1,'2017-10-27 02:08:31','2017-10-27 02:08:31',1,NULL,0,NULL),(19,'fads@taglead.com','a906449d5769fa7361d7ecc6aa3f6d28','A','CD',NULL,NULL,NULL,'en','yyyy/MM/dd',NULL,'[]',0,NULL,NULL,1,'2017-10-27 02:47:55','2017-10-27 02:47:55',1,NULL,0,NULL),(20,'psds@dfg6.kozow.com','e99a18c428cb38d5f260853678922e03','A','B',NULL,NULL,NULL,'en','yyyy/MM/dd',NULL,'[]',1,13,13,1,'2017-10-27 02:58:35','2017-10-27 07:07:33',1,NULL,0,NULL),(21,'ly@yopmail.com','0192023a7bbd73250516f069df18b500','tran','ly',NULL,NULL,NULL,'en','yyyy/MM/dd',NULL,'[]',0,NULL,NULL,1,'2017-10-27 03:37:35','2017-10-27 03:37:35',1,NULL,0,NULL),(22,'dwds@117.yyolf.net','0192023a7bbd73250516f069df18b500','tran','ly',NULL,NULL,NULL,'en','yyyy/MM/dd',NULL,'[]',1,NULL,NULL,1,'2017-10-27 03:40:02','2017-10-27 03:43:08',1,NULL,0,NULL),(23,'oads@w.0w.ro','a906449d5769fa7361d7ecc6aa3f6d28','A','CD',NULL,NULL,NULL,'en','yyyy/MM/dd',NULL,'[]',1,NULL,NULL,1,'2017-10-27 04:17:03','2017-10-27 09:09:51',1,NULL,0,NULL),(25,'wscy@mailfs.com','bfd59291e825b5f2bbf1eb76569f8fe7','kim','thi',NULL,NULL,NULL,'en','yyyy/MM/dd',NULL,'[]',1,NULL,NULL,1,'2017-10-27 06:57:33','2017-10-27 09:10:53',1,NULL,0,NULL),(26,'wbds@xww.ro','a906449d5769fa7361d7ecc6aa3f6d28','AB','B',NULL,NULL,NULL,'en','yyyy/MM/dd',NULL,'[]',1,NULL,NULL,1,'2017-10-27 06:59:34','2017-10-27 07:01:08',1,NULL,0,NULL),(27,'im@prabu.my','065e1cdb543d19a3f24b85f1964aa10b','Praburaajan','Selvarajan',NULL,NULL,NULL,'en','yyyy/MM/dd',NULL,'[]',0,NULL,NULL,1,'2017-10-27 12:30:03','2017-10-27 12:30:03',1,NULL,0,NULL),(30,'tranchaunguyen73@gmail.com',NULL,'Nguyễn','Ngọc','2071225723162940',NULL,'female','en','yyyy/MM/dd',NULL,'[]',1,265,266,1,'2017-10-28 03:31:40','2017-11-09 09:53:01',1,NULL,0,NULL),(31,'thapnv@gmail.com',NULL,'Thap','Nguyen','1973995159281003',NULL,'male','en','yyyy/MM/dd',NULL,'[]',0,NULL,NULL,1,'2017-10-28 04:12:54','2017-10-28 04:12:54',1,NULL,0,NULL),(32,'ngoclan7194@yahoo.com.vn',NULL,'Tủm','Tỉm','886028971555827',NULL,'female','en','yyyy/MM/dd',NULL,'[]',0,NULL,NULL,1,'2017-10-28 04:14:51','2017-10-28 04:14:51',1,NULL,0,NULL),(33,'vothanhhungtt@yahoo.com',NULL,'Vo','Thanh','1546125138767490',NULL,'male','en','yyyy/MM/dd',NULL,'[]',0,NULL,NULL,1,'2017-10-28 04:15:19','2017-10-28 04:15:19',1,NULL,0,NULL),(34,'mxes@glubex.com','bfd59291e825b5f2bbf1eb76569f8fe7','kim','thi',NULL,NULL,NULL,'en','yyyy/MM/dd',NULL,'[]',1,NULL,NULL,1,'2017-10-28 05:29:43','2017-10-28 05:30:10',1,NULL,0,NULL),(35,'tranminhlan07t1@gmail.com',NULL,'Tran','Minh','1530574850314383',NULL,'male','en','yyyy/MM/dd',NULL,'[]',1,281,281,1,'2017-10-28 05:53:04','2017-11-10 07:31:07',1,NULL,0,NULL),(37,'mres@o.cfo2go.ro','a906449d5769fa7361d7ecc6aa3f6d28','AB','CD',NULL,NULL,NULL,'en','yyyy/MM/dd',NULL,'[]',1,NULL,NULL,1,'2017-10-28 07:29:17','2017-10-28 11:49:33',1,NULL,0,NULL),(38,'eaes@p.9q.ro','7488e331b8b64e5794da3fa4eb10ad5d','a','a',NULL,NULL,NULL,'en','yyyy/MM/dd',NULL,'[]',1,NULL,NULL,1,'2017-10-28 07:34:15','2017-10-30 01:17:45',1,NULL,0,NULL),(42,'prabu@bonseyjaden.com','065e1cdb543d19a3f24b85f1964aa10b','Praburaajan','Selvarajan',NULL,NULL,NULL,'en','yyyy/MM/dd',NULL,'[]',1,NULL,NULL,1,'2017-10-28 12:26:17','2017-10-28 16:29:13',1,NULL,0,NULL),(43,'hungvo@bonseyjaden.com','0192023a7bbd73250516f069df18b500','Hung','VT',NULL,NULL,NULL,'en','yyyy/MM/dd',NULL,'[]',1,288,288,1,'2017-10-28 12:28:30','2017-11-10 10:18:28',1,NULL,0,NULL),(44,'mees@drivetagdev.com','0192023a7bbd73250516f069df18b500','Mee','Lee',NULL,NULL,NULL,'en','yyyy/MM/dd',NULL,'[]',1,46,46,1,'2017-10-29 04:19:02','2017-10-30 01:15:49',1,NULL,0,NULL),(45,'wtfs@cutout.club','9c8344d1d03cec84fcc5d3f05137aedc','wtfs','cutout',NULL,NULL,NULL,'en','yyyy/MM/dd',NULL,'[]',1,NULL,NULL,1,'2017-10-29 04:26:14','2017-10-29 04:29:31',1,NULL,0,NULL),(46,'vzfs@zhcne.com','d6b0ab7f1c8ab8f514db9a6d85de160a','Thao','Ly',NULL,NULL,NULL,'en','yyyy/MM/dd',NULL,'[]',1,49,49,1,'2017-10-29 04:40:10','2017-10-29 04:47:09',1,NULL,0,NULL),(48,'usfs@reddit.usa.cc','a906449d5769fa7361d7ecc6aa3f6d28','A','B',NULL,NULL,NULL,'en','yyyy/MM/dd',NULL,'[]',1,NULL,NULL,1,'2017-10-29 09:36:06','2017-10-30 01:25:14',1,NULL,0,NULL),(49,'quy.thi.nhan@gmail.com','0192023a7bbd73250516f069df18b500','quy','thi',NULL,NULL,NULL,'en','yyyy/MM/dd',NULL,'[]',1,NULL,NULL,1,'2017-10-29 16:20:10','2017-10-30 02:38:32',7,NULL,0,NULL),(50,'weizi+1@bonseyjaden.com','25de7d4c26b9b8a77a7e3b108e9be076','tester','0102',NULL,NULL,NULL,'en','yyyy/MM/dd',NULL,'[]',0,NULL,NULL,1,'2017-10-30 02:46:14','2017-10-30 02:46:14',1,NULL,0,NULL),(51,'weizi+2@bonseyjaden.com','25de7d4c26b9b8a77a7e3b108e9be076','Weizi','2',NULL,NULL,NULL,'en','yyyy/MM/dd',NULL,'[]',0,NULL,NULL,1,'2017-10-30 03:23:48','2017-10-30 03:23:48',1,NULL,0,NULL),(56,'pnfs@inclusiveprogress.com','a906449d5769fa7361d7ecc6aa3f6d28','A','B',NULL,NULL,NULL,'en','yyyy/MM/dd',NULL,'[]',0,NULL,NULL,1,'2017-10-30 04:26:31','2017-10-30 04:26:31',1,NULL,0,NULL),(57,'tvgs@zhcne.com','bfd59291e825b5f2bbf1eb76569f8fe7','kim ','thi',NULL,NULL,NULL,'en','yyyy/MM/dd',NULL,'[]',0,NULL,NULL,1,'2017-10-30 04:26:58','2017-10-30 04:26:58',1,NULL,0,NULL),(62,'abc@mailinator.com','a906449d5769fa7361d7ecc6aa3f6d28','A','B',NULL,NULL,NULL,'en','yyyy/MM/dd',NULL,'[]',1,NULL,NULL,1,'2017-10-30 13:46:33','2017-10-31 03:18:10',1,NULL,0,NULL),(63,'bbc@mailinator.com','a906449d5769fa7361d7ecc6aa3f6d28','Lan','Nguyen',NULL,NULL,NULL,'en','yyyy/MM/dd',NULL,'[]',0,NULL,NULL,1,'2017-10-31 01:25:59','2017-10-31 01:25:59',1,NULL,0,NULL),(64,'cba@mailinator.com','a906449d5769fa7361d7ecc6aa3f6d28','guest',NULL,NULL,NULL,NULL,'en','yyyy/MM/dd',NULL,'[]',1,NULL,NULL,1,'2017-10-31 02:23:57','2017-10-31 02:26:52',1,NULL,0,NULL),(65,'bba@mailinator.com','e99a18c428cb38d5f260853678922e03','A','B',NULL,NULL,NULL,'en','yyyy/MM/dd',NULL,'[]',1,NULL,NULL,1,'2017-10-31 02:27:50','2017-10-31 02:48:42',1,NULL,0,NULL),(67,'kim@mailinator.com',NULL,'guest',NULL,NULL,NULL,NULL,'en','yyyy/MM/dd',NULL,'[]',0,NULL,NULL,1,'2017-10-31 02:31:19','2017-10-31 02:31:19',1,NULL,0,NULL),(68,'lan@mailinator.com','a906449d5769fa7361d7ecc6aa3f6d28','Lan','Nguyen',NULL,NULL,NULL,'en','yyyy/MM/dd',NULL,'[]',0,NULL,NULL,1,'2017-10-31 03:06:58','2017-10-31 03:06:58',1,NULL,0,NULL),(69,'lan1@mailinator.com','e99a18c428cb38d5f260853678922e03','Lan','Nguyen',NULL,NULL,NULL,'en','yyyy/MM/dd',NULL,'[]',1,NULL,NULL,1,'2017-10-31 04:02:23','2017-10-31 07:42:05',1,NULL,0,NULL),(70,'ovbs@phpbb.uu.gl',NULL,'guest',NULL,NULL,NULL,NULL,'en','yyyy/MM/dd',NULL,'[]',0,NULL,NULL,1,'2017-10-31 04:09:04','2017-10-31 04:09:04',1,NULL,0,NULL),(76,'lan2@mailinator.com','e99a18c428cb38d5f260853678922e03','A','B',NULL,NULL,NULL,'en','yyyy/MM/dd',NULL,'[]',1,NULL,NULL,1,'2017-10-31 06:45:54','2017-10-31 07:01:07',1,NULL,0,NULL),(77,'lover1@mailinator.com','25de7d4c26b9b8a77a7e3b108e9be076','test','Chrome',NULL,NULL,NULL,'en','yyyy/MM/dd',NULL,'[]',1,NULL,NULL,1,'2017-10-31 06:46:09','2017-10-31 06:49:06',1,NULL,0,NULL),(78,'whois@mailinator.com',NULL,'guest',NULL,NULL,NULL,NULL,'en','yyyy/MM/dd',NULL,'[]',0,NULL,NULL,1,'2017-10-31 06:59:36','2017-10-31 06:59:36',1,NULL,0,NULL),(79,'test@gmail.com',NULL,'guest',NULL,NULL,NULL,NULL,'en','yyyy/MM/dd',NULL,'[]',0,270,270,1,'2017-10-31 07:14:31','2017-11-10 01:55:24',1,NULL,0,NULL),(80,'mervin@bonseyjaden.com','6f3b8ded65bd7a4db11625ac84e579bb','Mervin','Ng',NULL,NULL,NULL,'en','yyyy/MM/dd',NULL,'[]',1,212,212,1,'2017-10-31 07:46:23','2017-11-06 11:42:09',1,NULL,0,NULL),(82,'nivi@axsup.net','53f18541f3dda047218501cefdda94b2','c','c',NULL,NULL,NULL,'en','yyyy/MM/dd',NULL,'[]',0,NULL,NULL,1,'2017-10-31 11:13:08','2017-10-31 11:13:08',2,NULL,0,NULL),(83,'test-01@bonseyjaden.com',NULL,'guest',NULL,NULL,NULL,NULL,'en','yyyy/MM/dd',NULL,'[]',0,NULL,NULL,1,'2017-10-31 13:24:53','2017-10-31 13:24:53',1,NULL,0,NULL),(84,'asd@gmail.com',NULL,'guest',NULL,NULL,NULL,NULL,'en','yyyy/MM/dd',NULL,'[]',0,NULL,NULL,1,'2017-11-01 01:32:48','2017-11-01 01:32:48',1,NULL,0,NULL),(85,'tester102@mailinator.com',NULL,'guest',NULL,NULL,NULL,NULL,'en','yyyy/MM/dd',NULL,'[]',0,98,98,1,'2017-11-01 01:56:26','2017-11-01 01:56:26',1,NULL,0,NULL),(86,'shahdafi@gmail.con',NULL,'guest',NULL,NULL,NULL,NULL,'en','yyyy/MM/dd',NULL,'[]',0,NULL,NULL,1,'2017-11-01 01:56:42','2017-11-01 01:56:42',1,NULL,0,NULL),(87,'qkgs@kazelink.ml','a906449d5769fa7361d7ecc6aa3f6d28','A','B',NULL,NULL,NULL,'en','yyyy/MM/dd',NULL,'[]',1,NULL,NULL,1,'2017-11-01 02:38:22','2017-11-01 04:24:21',1,NULL,0,NULL),(88,'test@gmIl.com',NULL,'guest',NULL,NULL,NULL,NULL,'en','yyyy/MM/dd',NULL,'[]',0,NULL,NULL,1,'2017-11-01 04:31:43','2017-11-01 04:31:43',1,NULL,0,NULL),(89,'jing@bonsey.com',NULL,'guest',NULL,NULL,NULL,NULL,'en','yyyy/MM/dd',NULL,'[]',0,NULL,NULL,1,'2017-11-01 05:23:37','2017-11-01 05:23:37',1,NULL,0,NULL),(90,'audrey.lpy@gmail.com',NULL,'guest',NULL,NULL,NULL,NULL,'en','yyyy/MM/dd',NULL,'[]',0,NULL,NULL,1,'2017-11-01 05:28:10','2017-11-01 05:28:10',1,NULL,0,NULL),(91,'gary@bonseyjaden.com','055cc940609c5fc903fba7d651240223','Hoo','Jang Shuo',NULL,NULL,NULL,'en','yyyy/MM/dd',NULL,'[]',1,NULL,NULL,1,'2017-11-01 05:31:40','2017-11-01 05:35:10',1,NULL,0,NULL),(92,'abc@gmail.com',NULL,'guest',NULL,NULL,NULL,NULL,'en','yyyy/MM/dd',NULL,'[]',0,NULL,NULL,1,'2017-11-01 06:03:53','2017-11-01 06:03:53',1,NULL,0,NULL),(93,'chuan@bonseyjaden.com','331f20f3ecab113f8a6eeee75f2401c4','guest',NULL,NULL,NULL,NULL,'en','yyyy/MM/dd',NULL,'[]',1,113,NULL,1,'2017-11-01 07:29:22','2017-11-06 07:47:55',1,NULL,0,NULL),(94,'lan5@mailinator.com','a906449d5769fa7361d7ecc6aa3f6d28','guest',NULL,NULL,NULL,NULL,'en','yyyy/MM/dd',NULL,'[]',1,NULL,NULL,1,'2017-11-01 08:13:13','2017-11-01 08:14:01',1,NULL,0,NULL),(95,'lan6@mailinator.com','a906449d5769fa7361d7ecc6aa3f6d28','A','B',NULL,NULL,NULL,'en','yyyy/MM/dd',NULL,'[]',1,173,173,1,'2017-11-01 10:19:19','2017-11-03 07:23:02',1,NULL,0,NULL),(96,'lan7@mailinator.com',NULL,'guest',NULL,NULL,NULL,NULL,'en','yyyy/MM/dd',NULL,'[]',0,124,124,1,'2017-11-01 10:45:19','2017-11-01 10:53:12',1,NULL,0,NULL),(97,'ly@bonseyjaden.com','0192023a7bbd73250516f069df18b500','Ly','Tran',NULL,NULL,NULL,'en','yyyy/MM/dd',NULL,'[]',1,NULL,NULL,1,'2017-11-02 02:18:19','2017-11-02 02:21:30',1,NULL,0,NULL),(98,'abc1@mailinator.com',NULL,'guest',NULL,NULL,NULL,NULL,'en','yyyy/MM/dd',NULL,'[]',1,NULL,NULL,1,'2017-11-02 04:08:05','2017-11-02 04:12:55',1,NULL,0,NULL),(99,'lan@mailintor.com',NULL,'guest',NULL,NULL,NULL,NULL,'en','yyyy/MM/dd',NULL,'[]',0,NULL,NULL,1,'2017-11-02 08:28:53','2017-11-02 08:28:53',1,NULL,0,NULL),(100,'abc2@mailinator.com','a906449d5769fa7361d7ecc6aa3f6d28','A','B',NULL,NULL,NULL,'en','yyyy/MM/dd',NULL,'[]',1,NULL,NULL,1,'2017-11-02 09:46:04','2017-11-02 09:46:29',1,NULL,0,NULL),(101,'weizi+test@bonseyjaden.com',NULL,'guest',NULL,NULL,NULL,NULL,'en','yyyy/MM/dd',NULL,'[]',0,NULL,NULL,1,'2017-11-02 10:24:34','2017-11-02 10:24:34',1,NULL,0,NULL),(102,'kim3@mailinator.com',NULL,'guest',NULL,NULL,NULL,NULL,'en','yyyy/MM/dd',NULL,'[]',0,NULL,NULL,1,'2017-11-02 11:04:55','2017-11-02 11:04:55',1,NULL,0,NULL),(103,'zaclwz82@yahoo.com','417e8e30d4f92f0b42f992fc1c4fec23','Zac','Lim','10155731952897492',NULL,'female','en','yyyy/MM/dd',NULL,'[]',1,NULL,NULL,1,'2017-11-02 11:47:43','2017-11-03 03:08:56',1,NULL,0,NULL),(104,'lan10@mailinator.com','a906449d5769fa7361d7ecc6aa3f6d28','A','B',NULL,NULL,NULL,'en','yyyy/MM/dd',NULL,'[]',0,NULL,NULL,1,'2017-11-02 12:06:59','2017-11-02 12:06:59',1,NULL,0,NULL),(105,'lan11@mailinator.com','a906449d5769fa7361d7ecc6aa3f6d28','A','B',NULL,NULL,NULL,'en','yyyy/MM/dd',NULL,'[]',0,NULL,NULL,1,'2017-11-02 12:09:15','2017-11-02 12:09:15',1,NULL,0,NULL),(106,'lan12@mailinator.com','0192023a7bbd73250516f069df18b500','Lanlan','Lanlan',NULL,NULL,NULL,'en','yyyy/MM/dd',NULL,'[]',0,NULL,NULL,1,'2017-11-02 12:09:33','2017-11-02 12:09:33',1,NULL,0,NULL),(107,'test1112@gmail.com',NULL,'guest',NULL,NULL,NULL,NULL,'en','yyyy/MM/dd',NULL,'[]',0,NULL,NULL,1,'2017-11-02 13:59:12','2017-11-02 13:59:12',1,NULL,0,NULL),(108,'prabu@interunix.net','66fade2ffc80d85a81e6c90a084c73f8','Praburaajan','Selvarajan',NULL,NULL,NULL,'en','yyyy/MM/dd',NULL,'[]',1,NULL,NULL,0,'2017-11-02 15:03:48','2017-11-02 15:14:48',1,NULL,0,NULL),(109,'quy@bonseyjaden.com','e99a18c428cb38d5f260853678922e03','Quy','Thi',NULL,NULL,NULL,'en','yyyy/MM/dd',NULL,'[]',0,NULL,NULL,1,'2017-11-02 15:30:18','2017-11-02 15:30:18',1,NULL,0,NULL),(110,'jahmir.fawaz@oou.us','6f3b8ded65bd7a4db11625ac84e579bb','jahmir','fawaz',NULL,NULL,NULL,'en','yyyy/MM/dd',NULL,'[]',1,NULL,NULL,NULL,'2017-11-02 15:52:25','2017-11-02 15:52:56',1,NULL,0,NULL),(111,'shloma.ashok@oou.us',NULL,'guest',NULL,NULL,NULL,NULL,'en','yyyy/MM/dd',NULL,'[]',0,NULL,NULL,1,'2017-11-02 16:23:44','2017-11-02 16:23:44',1,NULL,0,NULL),(112,'nguyen@mailinator.com','a906449d5769fa7361d7ecc6aa3f6d28','guest',NULL,NULL,NULL,NULL,'en','yyyy/MM/dd',NULL,'[]',1,NULL,NULL,1,'2017-11-03 02:40:33','2017-11-03 02:43:02',1,NULL,0,NULL),(113,'nguyen1@mailinator.com','a906449d5769fa7361d7ecc6aa3f6d28','Lan','Nguyen',NULL,NULL,NULL,'en','yyyy/MM/dd',NULL,'[]',1,NULL,NULL,1,'2017-11-03 02:56:02','2017-11-06 07:35:01',1,NULL,0,NULL),(114,'nguyen2@mailinator.com','a906449d5769fa7361d7ecc6aa3f6d28','guest',NULL,NULL,NULL,NULL,'en','yyyy/MM/dd',NULL,'[]',1,NULL,NULL,1,'2017-11-03 02:59:12','2017-11-03 02:59:51',1,NULL,0,NULL),(115,'nguyen3@mailinator.com',NULL,'guest',NULL,NULL,NULL,NULL,'en','yyyy/MM/dd',NULL,'[]',1,NULL,NULL,1,'2017-11-03 03:46:52','2017-11-03 03:47:56',1,NULL,0,NULL),(116,'test11@gmail.com',NULL,'guest',NULL,NULL,NULL,NULL,'en','yyyy/MM/dd',NULL,'[]',0,NULL,NULL,1,'2017-11-03 04:25:04','2017-11-03 04:25:04',1,NULL,0,NULL),(117,'test11qq@gmail.com',NULL,'guest',NULL,NULL,NULL,NULL,'en','yyyy/MM/dd',NULL,'[]',0,NULL,NULL,1,'2017-11-03 04:31:27','2017-11-03 04:31:27',1,NULL,0,NULL),(118,'lty01@mailinator.com','417e8e30d4f92f0b42f992fc1c4fec23','guest',NULL,NULL,NULL,NULL,'en','yyyy/MM/dd',NULL,'[]',0,253,253,1,'2017-11-03 04:35:11','2017-11-09 05:28:57',1,NULL,0,NULL),(119,'test1234@gmail.com',NULL,'guest',NULL,NULL,NULL,NULL,'en','yyyy/MM/dd',NULL,'[]',0,NULL,NULL,1,'2017-11-03 04:37:31','2017-11-03 04:37:31',1,NULL,0,NULL),(120,'nguyen4@mailinator.com','a906449d5769fa7361d7ecc6aa3f6d28','A','B',NULL,NULL,NULL,'en','yyyy/MM/dd',NULL,'[]',1,NULL,NULL,1,'2017-11-03 08:20:16','2017-11-03 08:20:37',1,NULL,0,NULL),(121,'my.phan@bonseyjaden.com','12c05b404159c178a046d2637e24d6af','Phan','My',NULL,NULL,NULL,'en','yyyy/MM/dd',NULL,'[]',1,NULL,NULL,0,'2017-11-03 09:42:51','2017-11-06 10:41:57',1,NULL,0,NULL),(122,'nguyen5@mailinator.com','a906449d5769fa7361d7ecc6aa3f6d28','guest',NULL,NULL,NULL,NULL,'en','yyyy/MM/dd',NULL,'[]',1,NULL,NULL,1,'2017-11-03 09:43:48','2017-11-03 09:44:45',1,NULL,0,NULL),(123,'test@1111.com',NULL,'guest',NULL,NULL,NULL,NULL,'en','yyyy/MM/dd',NULL,'[]',0,NULL,NULL,1,'2017-11-03 10:27:39','2017-11-03 10:27:39',1,NULL,0,NULL),(124,'testqq@fmail.com',NULL,'guest',NULL,NULL,NULL,NULL,'en','yyyy/MM/dd',NULL,'[]',0,NULL,NULL,1,'2017-11-03 10:29:48','2017-11-03 10:29:48',1,NULL,0,NULL),(125,'test123@gmail.com',NULL,'guest',NULL,NULL,NULL,NULL,'en','yyyy/MM/dd',NULL,'[]',0,NULL,NULL,1,'2017-11-03 10:48:41','2017-11-03 10:48:41',1,NULL,0,NULL),(126,'Dinesh@bonseyjaden.com','e19d5cd5af0378da05f63f891c7467af','guest',NULL,NULL,NULL,NULL,'en','yyyy/MM/dd',NULL,'[]',0,NULL,NULL,1,'2017-11-03 11:08:30','2017-11-06 01:51:37',1,NULL,0,NULL),(127,'zoe@bonseyjaden.com','cc03e747a6afbbcbf8be7668acfebee5','Zoe','Chua',NULL,NULL,NULL,'en','yyyy/MM/dd',NULL,'[]',1,NULL,NULL,1,'2017-11-03 12:55:41','2017-11-07 13:34:52',1,NULL,0,NULL),(128,'dposavac@gmail.com',NULL,'Daniel','Posavac','10155979037414052',NULL,'male','en','yyyy/MM/dd',NULL,'[]',0,NULL,NULL,1,'2017-11-05 03:22:58','2017-11-05 03:25:22',7,NULL,0,NULL),(129,'weikhern@hotmail.co.uk','2dda58028b6b1632ea0f35453ad3b010','Wei Khern','Neo',NULL,NULL,NULL,'en','yyyy/MM/dd',NULL,'[]',0,NULL,NULL,1,'2017-11-05 14:45:09','2017-11-05 14:45:09',1,NULL,0,NULL),(130,'nic@jadensocial.com',NULL,'Nic','Robertson','10155846922374948',NULL,'male','en','yyyy/MM/dd',NULL,'[]',1,NULL,NULL,1,'2017-11-06 00:14:27','2017-11-06 00:17:01',1,NULL,0,NULL),(131,'durifto@gmail.com',NULL,'Daryl','Chan','10155820789047485',NULL,'male','en','yyyy/MM/dd',NULL,'[]',1,NULL,NULL,1,'2017-11-06 01:09:16','2017-11-06 01:11:41',1,NULL,0,NULL),(132,'testest@gmail.com',NULL,'guest',NULL,NULL,NULL,NULL,'en','yyyy/MM/dd',NULL,'[]',0,NULL,NULL,1,'2017-11-06 01:42:46','2017-11-06 01:42:46',1,NULL,0,NULL),(133,'guuug@gmail.com',NULL,'guest',NULL,NULL,NULL,NULL,'en','yyyy/MM/dd',NULL,'[]',0,NULL,NULL,1,'2017-11-06 01:52:45','2017-11-06 01:52:45',1,NULL,0,NULL),(134,'Sanjayh@gmail.com',NULL,'guest',NULL,NULL,NULL,NULL,'en','yyyy/MM/dd',NULL,'[]',0,NULL,NULL,1,'2017-11-06 02:15:56','2017-11-06 02:15:56',1,NULL,0,NULL),(135,'snsnsn@ndjdjd.com',NULL,'guest',NULL,NULL,NULL,NULL,'en','yyyy/MM/dd',NULL,'[]',0,NULL,NULL,1,'2017-11-06 02:25:50','2017-11-06 02:25:50',1,NULL,0,NULL),(136,'najaha@dhdhdjj.com',NULL,'guest',NULL,NULL,NULL,NULL,'en','yyyy/MM/dd',NULL,'[]',0,NULL,NULL,1,'2017-11-06 02:27:23','2017-11-06 02:27:23',1,NULL,0,NULL),(137,'nguyen8@mailinator.com',NULL,'guest',NULL,NULL,NULL,NULL,'en','yyyy/MM/dd',NULL,'[]',1,193,NULL,1,'2017-11-06 04:14:59','2017-11-06 04:50:12',1,NULL,0,NULL),(138,'emily@bonseyjaden.com','bfd3893708acefde2b7750e14cd7e31f','Emily','Goh',NULL,NULL,NULL,'en','yyyy/MM/dd',NULL,'[]',1,NULL,NULL,1,'2017-11-06 07:02:15','2017-11-07 09:27:02',7,NULL,0,NULL),(139,'Uhhjjjkkk@yahoo.com',NULL,'guest',NULL,NULL,NULL,NULL,'en','yyyy/MM/dd',NULL,'[]',0,NULL,NULL,1,'2017-11-06 07:27:06','2017-11-06 07:27:06',1,NULL,0,NULL),(140,'ly@gmail.com',NULL,'guest',NULL,NULL,NULL,NULL,'en','yyyy/MM/dd',NULL,'[]',0,NULL,NULL,1,'2017-11-06 07:41:13','2017-11-06 07:41:13',1,NULL,0,NULL),(141,'sjbcwdhiweh@wicbwihbfwe.com',NULL,'guest',NULL,NULL,NULL,NULL,'en','yyyy/MM/dd',NULL,'[]',0,NULL,NULL,1,'2017-11-06 08:06:14','2017-11-06 08:06:14',1,NULL,0,NULL),(142,'nguyen9@mailinator.com','a906449d5769fa7361d7ecc6aa3f6d28','guest',NULL,NULL,NULL,NULL,'en','yyyy/MM/dd',NULL,'[]',1,NULL,NULL,1,'2017-11-06 08:06:30','2017-11-06 08:14:33',1,NULL,0,NULL),(143,'zoecml@gmail.com','e99a18c428cb38d5f260853678922e03','Zoe','Chua',NULL,NULL,NULL,'en','yyyy/MM/dd',NULL,'[]',0,NULL,NULL,1,'2017-11-06 10:17:09','2017-11-06 10:17:09',1,NULL,0,NULL),(144,'hongki312@gmail.com',NULL,'UKism','Phan','2050291545000208',NULL,'female','en','yyyy/MM/dd',NULL,'[]',0,NULL,NULL,1,'2017-11-06 10:59:16','2017-11-06 10:59:16',7,NULL,0,NULL),(145,'zaclwz@hotmail.com',NULL,'Wei','Zi','1300648873372273',NULL,'female','en','yyyy/MM/dd',NULL,'[]',0,NULL,NULL,1,'2017-11-06 13:46:13','2017-11-06 13:46:13',1,NULL,0,NULL),(146,'Xjdhdh@djdjd.com',NULL,'guest',NULL,NULL,NULL,NULL,'en','yyyy/MM/dd',NULL,'[]',0,NULL,NULL,1,'2017-11-06 23:05:36','2017-11-06 23:05:36',1,NULL,0,NULL),(147,'zpuailyc@sharklasers.com','6f3b8ded65bd7a4db11625ac84e579bb','zpuailyc','sharklasers',NULL,NULL,NULL,'en','yyyy/MM/dd',NULL,'[]',0,NULL,NULL,1,'2017-11-07 00:04:01','2017-11-07 00:04:01',1,NULL,0,NULL),(148,'kim10@mailinator.com','bfd59291e825b5f2bbf1eb76569f8fe7','kim','thi',NULL,NULL,NULL,'en','yyyy/MM/dd',NULL,'[]',0,NULL,NULL,1,'2017-11-07 02:10:39','2017-11-07 02:10:39',1,NULL,0,NULL),(149,'est@1222.com',NULL,'guest',NULL,NULL,NULL,NULL,'en','yyyy/MM/dd',NULL,'[]',0,NULL,NULL,1,'2017-11-07 03:08:34','2017-11-07 03:08:34',1,NULL,0,NULL),(150,'phanmy.vnu@gmail.com',NULL,'guest',NULL,NULL,NULL,NULL,'en','yyyy/MM/dd',NULL,'[]',1,289,289,1,'2017-11-07 03:11:50','2017-11-10 10:57:45',1,NULL,0,NULL),(151,'sjhf@fsfjdhf.com',NULL,'guest',NULL,NULL,NULL,NULL,'en','yyyy/MM/dd',NULL,'[]',0,NULL,NULL,1,'2017-11-07 04:21:30','2017-11-07 04:21:30',1,NULL,0,NULL),(152,'ybdao@bonseyjaden.com','22fbf61bf0f1c81f3d31f138a5eddfe9','Bdao','Y',NULL,NULL,NULL,'en','yyyy/MM/dd',NULL,'[]',1,236,235,1,'2017-11-07 04:49:23','2017-11-10 02:15:50',1,NULL,0,NULL),(153,'mdsanjay86@gmail.com','e19d5cd5af0378da05f63f891c7467af','Dinesh','Sanjay',NULL,NULL,NULL,'en','yyyy/MM/dd',NULL,'[]',0,NULL,NULL,1,'2017-11-07 06:34:19','2017-11-07 06:34:43',1,NULL,0,NULL),(154,'lwz01@mailinator.com','259c4053465130c67b0ad2d4032d90da','guest',NULL,NULL,NULL,NULL,'en','yyyy/MM/dd',NULL,'[]',1,NULL,NULL,1,'2017-11-07 07:33:53','2017-11-07 09:50:42',1,NULL,1,NULL),(155,'lan15@mailinator.com','a906449d5769fa7361d7ecc6aa3f6d28','Lan','Nguyen',NULL,NULL,NULL,'en','yyyy/MM/dd',NULL,'[]',0,220,221,1,'2017-11-07 07:46:04','2017-11-07 07:46:48',1,NULL,0,NULL),(156,'weikhern@gmail.com','9f4d1e295e0fbf7f75a9f55694c8f739','Wei Khern','Neo',NULL,NULL,NULL,'en','yyyy/MM/dd',NULL,'[]',0,NULL,NULL,1,'2017-11-07 11:13:01','2017-11-07 11:13:01',1,NULL,0,NULL),(157,'neo@shaves2u.com','96733303b09136c6d74efcf2b609baea','Wei Khern','Neo',NULL,NULL,NULL,'en','yyyy/MM/dd',NULL,'[]',0,NULL,NULL,0,'2017-11-08 00:42:33','2017-11-08 00:42:33',1,NULL,0,NULL),(158,'bdao@gmail.com',NULL,'guest',NULL,NULL,NULL,NULL,'en','yyyy/MM/dd',NULL,'[]',0,NULL,NULL,1,'2017-11-08 01:51:50','2017-11-08 01:51:50',1,NULL,1,NULL),(159,'lan9@mailinator.com','a906449d5769fa7361d7ecc6aa3f6d28','A','B',NULL,NULL,NULL,'en','yyyy/MM/dd',NULL,'[]',0,NULL,NULL,1,'2017-11-08 02:17:50','2017-11-08 02:17:50',1,NULL,0,NULL),(160,'afgj@gmsj.bko',NULL,'guest',NULL,NULL,NULL,NULL,'en','yyyy/MM/dd',NULL,'[]',0,NULL,NULL,1,'2017-11-08 04:42:50','2017-11-08 04:42:50',1,NULL,1,NULL),(161,'lan16@mailinator.com','a906449d5769fa7361d7ecc6aa3f6d28','A','B',NULL,NULL,NULL,'en','yyyy/MM/dd',NULL,'[]',0,NULL,NULL,1,'2017-11-08 04:45:42','2017-11-08 04:45:52',1,NULL,0,NULL),(162,'lan20@mailinator.com','a906449d5769fa7361d7ecc6aa3f6d28','Lan','Nguyen',NULL,NULL,NULL,'en','yyyy/MM/dd',NULL,'[]',1,NULL,NULL,1,'2017-11-09 02:20:36','2017-11-09 02:29:01',1,NULL,0,NULL),(163,'lan21@mailinator.com','a906449d5769fa7361d7ecc6aa3f6d28','Lan','Nguyen',NULL,NULL,NULL,'en','yyyy/MM/dd',NULL,'[]',0,NULL,NULL,1,'2017-11-09 02:31:23','2017-11-09 03:39:24',1,NULL,0,NULL),(164,'test@gmaik.com',NULL,'guest',NULL,NULL,NULL,NULL,'en','yyyy/MM/dd',NULL,'[]',0,NULL,NULL,1,'2017-11-09 02:31:31','2017-11-09 02:31:31',1,NULL,1,NULL),(165,'test345@gmail.com',NULL,'guest',NULL,NULL,NULL,NULL,'en','yyyy/MM/dd',NULL,'[]',0,NULL,NULL,1,'2017-11-09 02:49:32','2017-11-09 02:49:32',1,NULL,1,NULL),(166,'tesy@ghh.com',NULL,'guest',NULL,NULL,NULL,NULL,'en','yyyy/MM/dd',NULL,'[]',0,NULL,NULL,1,'2017-11-09 02:52:21','2017-11-09 02:52:21',1,NULL,1,NULL),(167,'testqqq@gmail.com',NULL,'guest',NULL,NULL,NULL,NULL,'en','yyyy/MM/dd',NULL,'[]',0,NULL,NULL,1,'2017-11-09 03:00:18','2017-11-09 03:00:18',1,NULL,1,NULL),(168,'test1233@gmail.com',NULL,'guest',NULL,NULL,NULL,NULL,'en','yyyy/MM/dd',NULL,'[]',0,NULL,NULL,1,'2017-11-09 03:05:42','2017-11-09 03:05:42',1,NULL,1,NULL),(169,'testsss@gmail.com',NULL,'guest',NULL,NULL,NULL,NULL,'en','yyyy/MM/dd',NULL,'[]',0,NULL,NULL,1,'2017-11-09 03:27:09','2017-11-09 03:27:09',1,NULL,1,NULL),(170,'test1111@gmail.com',NULL,'guest',NULL,NULL,NULL,NULL,'en','yyyy/MM/dd',NULL,'[]',0,NULL,NULL,1,'2017-11-09 03:37:45','2017-11-09 03:37:45',1,NULL,1,NULL),(171,'test23466@gmail.com',NULL,'guest',NULL,NULL,NULL,NULL,'en','yyyy/MM/dd',NULL,'[]',0,NULL,NULL,1,'2017-11-09 03:41:42','2017-11-09 03:41:42',1,NULL,1,NULL),(172,'lan22@mailinator.com','a906449d5769fa7361d7ecc6aa3f6d28','guest',NULL,NULL,NULL,NULL,'en','yyyy/MM/dd',NULL,'[]',1,261,NULL,1,'2017-11-09 04:04:37','2017-11-10 09:46:35',1,NULL,1,NULL),(173,'lan23@mailinator.com','a906449d5769fa7361d7ecc6aa3f6d28','A','B',NULL,NULL,NULL,'en','yyyy/MM/dd',NULL,'[]',0,250,251,1,'2017-11-09 04:22:43','2017-11-09 04:27:08',1,NULL,0,NULL),(174,'test33334@gmail.com',NULL,'guest',NULL,NULL,NULL,NULL,'en','yyyy/MM/dd',NULL,'[]',0,NULL,NULL,1,'2017-11-09 04:24:27','2017-11-09 04:24:27',1,NULL,1,NULL),(175,'ggggg@mail.com',NULL,'guest',NULL,NULL,NULL,NULL,'en','yyyy/MM/dd',NULL,'[]',0,NULL,NULL,1,'2017-11-09 06:18:00','2017-11-09 06:18:00',1,NULL,1,NULL),(176,'h012@mailinator.com','259c4053465130c67b0ad2d4032d90da','First','Last',NULL,NULL,NULL,'en','yyyy/MM/dd',NULL,'[]',0,NULL,NULL,1,'2017-11-09 07:01:22','2017-11-09 07:01:22',1,NULL,0,NULL),(177,'lan24@mailinator.com',NULL,'guest',NULL,NULL,NULL,NULL,'en','yyyy/MM/dd',NULL,'[]',0,NULL,NULL,1,'2017-11-09 07:29:51','2017-11-09 07:29:51',1,NULL,1,NULL),(178,'lan25@mailinator.com','a906449d5769fa7361d7ecc6aa3f6d28','Lan','Nguyen',NULL,NULL,NULL,'en','yyyy/MM/dd',NULL,'[]',0,NULL,NULL,1,'2017-11-09 07:47:59','2017-11-09 07:48:13',1,NULL,0,NULL),(179,'tran@gmail.com',NULL,'guest',NULL,NULL,NULL,NULL,'en','yyyy/MM/dd',NULL,'[]',0,NULL,NULL,1,'2017-11-09 08:33:22','2017-11-09 08:33:22',1,NULL,1,NULL),(180,'hos01@mailinator.com',NULL,'guest',NULL,NULL,NULL,NULL,'en','yyyy/MM/dd',NULL,'[]',0,NULL,NULL,1,'2017-11-09 11:06:08','2017-11-09 11:06:08',1,NULL,1,NULL),(181,'lan27@mailinator.com',NULL,'guest',NULL,NULL,NULL,NULL,'en','yyyy/MM/dd',NULL,'[]',1,NULL,NULL,1,'2017-11-10 02:10:25','2017-11-10 02:11:56',1,NULL,1,NULL),(182,'test111@gmail.com',NULL,'guest',NULL,NULL,NULL,NULL,'en','yyyy/MM/dd',NULL,'[]',0,NULL,NULL,1,'2017-11-10 02:13:26','2017-11-10 02:13:26',1,NULL,1,NULL),(183,'muxur@cars2.club','6f3b8ded65bd7a4db11625ac84e579bb','John','Doe',NULL,NULL,NULL,'en','yyyy/MM/dd',NULL,'[]',0,NULL,NULL,1,'2017-11-10 02:14:36','2017-11-10 02:14:47',1,NULL,0,NULL),(184,'lan26@mailinator.com','a906449d5769fa7361d7ecc6aa3f6d28','Lan','Nguyen',NULL,NULL,NULL,'en','yyyy/MM/dd',NULL,'[]',0,NULL,NULL,1,'2017-11-10 02:19:42','2017-11-10 02:24:10',1,NULL,0,NULL),(185,'test12455@gmail.com',NULL,'guest',NULL,NULL,NULL,NULL,'en','yyyy/MM/dd',NULL,'[]',0,NULL,NULL,1,'2017-11-10 02:30:05','2017-11-10 02:30:05',1,NULL,1,NULL),(186,'isoz@mailfs.com','bfd59291e825b5f2bbf1eb76569f8fe7','Thap','Nguyen Vu',NULL,NULL,NULL,'en','yyyy/MM/dd',NULL,'[]',0,NULL,NULL,1,'2017-11-10 02:36:29','2017-11-10 02:36:36',1,NULL,0,NULL),(187,'bhtest01@mailinator.com',NULL,'guest',NULL,NULL,NULL,NULL,'en','yyyy/MM/dd',NULL,'[]',0,NULL,NULL,1,'2017-11-10 07:46:24','2017-11-10 07:46:24',7,NULL,1,NULL),(188,'bdao.y0794@gmail.com',NULL,'guest',NULL,NULL,NULL,NULL,'en','yyyy/MM/dd',NULL,'[]',0,NULL,NULL,1,'2017-11-10 08:28:09','2017-11-10 08:28:09',7,NULL,1,NULL),(189,'test@mail.com',NULL,'guest',NULL,NULL,NULL,NULL,'en','yyyy/MM/dd',NULL,'[]',0,NULL,NULL,1,'2017-11-10 10:25:01','2017-11-10 10:25:01',7,NULL,1,NULL),(190,'soso01@mailinator.com',NULL,'guest',NULL,NULL,NULL,NULL,'en','yyyy/MM/dd',NULL,'[]',0,296,296,1,'2017-11-10 10:59:12','2017-11-10 13:55:17',7,NULL,1,NULL),(191,'qlns@kusrc.com',NULL,'guest',NULL,NULL,NULL,NULL,'en','yyyy/MM/dd',NULL,'[]',0,NULL,NULL,1,'2017-11-10 11:24:40','2017-11-10 11:24:40',1,NULL,1,NULL),(194,'kim@bonseyjaden.com',NULL,'guest',NULL,NULL,NULL,NULL,'en','yyyy/MM/dd',NULL,'[]',0,293,293,1,'2017-11-10 11:36:08','2017-11-10 11:36:08',7,NULL,1,NULL),(195,'lan.tra.@gmail.com',NULL,'guest',NULL,NULL,NULL,NULL,'en','yyyy/MM/dd',NULL,'[]',0,294,294,1,'2017-11-10 12:06:48','2017-11-10 12:06:48',7,NULL,1,NULL),(196,'who@mailinator.com',NULL,'guest',NULL,NULL,NULL,NULL,'en','yyyy/MM/dd',NULL,'[]',0,295,295,1,'2017-11-10 12:30:49','2017-11-10 12:30:49',7,NULL,1,NULL);
/*!40000 ALTER TABLE `Users` ENABLE KEYS */;
UNLOCK TABLES;
/*!40103 SET TIME_ZONE=@OLD_TIME_ZONE */;

/*!40101 SET SQL_MODE=@OLD_SQL_MODE */;
/*!40014 SET FOREIGN_KEY_CHECKS=@OLD_FOREIGN_KEY_CHECKS */;
/*!40014 SET UNIQUE_CHECKS=@OLD_UNIQUE_CHECKS */;
/*!40101 SET CHARACTER_SET_CLIENT=@OLD_CHARACTER_SET_CLIENT */;
/*!40101 SET CHARACTER_SET_RESULTS=@OLD_CHARACTER_SET_RESULTS */;
/*!40101 SET COLLATION_CONNECTION=@OLD_COLLATION_CONNECTION */;
/*!40111 SET SQL_NOTES=@OLD_SQL_NOTES */;

-- Dump completed on 2017-11-11  4:51:20
